archivo,particion,clase,extension,bytes,imagen,error,sha256,ancho,alto,canales,modo,formato,paginas,resolucion,aspecto,rojo,verde,azul,intensidad,brillo,sha_pixeles,dhash
test/PICADURA/704F3E54-260519-164003-3.RGB.tiff,test,PICADURA,.tiff,2531914,True,,81009a16da3c41ab16c2aa0e1414d0f2cb566599a5ebc7411a2f0f80448883b4,2131,885,3,RGB,TIFF,1,1885935,2.407909604519774,39.978846036581324,38.96753705721565,34.512473123410935,37.819618739069305,38.76204115359224,9bc9595a160ea837593c0ecb1e43f2463dee1de7f913e3f45a82c4bca24f9546,31fce40474d00cd8
test/PICADURA/704F3E54-260519-164006-2.RGB.tiff,test,PICADURA,.tiff,1627328,True,,e72a8d8f27440582beeeb52a319f2432885af658d039f948149ff7504e951b49,1814,723,3,RGB,TIFF,1,1311522,2.508990318118949,31.88245946312757,30.259959039955106,26.981937779160397,29.70811876074769,30.371392242753075,0b7703b8e892f507fba2b0c8ba5ff8bcea64a64f76f1f5b599f98199eade3545,e0c6cef830f84430
test/PICADURA/704F3E54-260519-164008-2.RGB.tiff,test,PICADURA,.tiff,1800930,True,,22065b864089cffb128b82435c93d3bf7da0728651c9571002065f6cceae0d16,1929,739,3,RGB,TIFF,1,1425531,2.6102841677943167,29.824078887095403,28.552510608327704,24.74895179410339,27.7085137631755,28.499103818857677,1b3ae562f7ec133bb9fe1a8d720493f61eb53edbc66a54df78b5712dfc3ae8e2,2078f870f0da7870
test/PICADURA/704F3E54-260519-164010-6.RGB.tiff,test,PICADURA,.tiff,2567172,True,,9ded076fce259c98ee4aa24a3534406e44bb9524c54f5311dcc959387ca2f7c1,2269,871,3,RGB,TIFF,1,1976299,2.6050516647531574,36.80429327748483,36.202736023243446,31.72730644502679,34.91144524858502,35.87240267034492,9713267dbfcc87cd9867e14e24f63ea9e4327c5d2cb06376a2e529c2bf83dff1,c6ec8c1931314428
test/PICADURA/704F3E54-260519-164018-1.RGB.tiff,test,PICADURA,.tiff,2078112,True,,5333da4ae70006e5ba2c38e498f2db23390e93af73e6c85270136138a5f3d0ad,1993,828,3,RGB,TIFF,1,1650204,2.407004830917874,35.3339750721729,34.62112623651379,29.442294407236922,33.1324652386412,34.2438812098383,63effd5fcb440db1fc2301f6e65c7061e894eee6df94477f9803419095d64f80,05364664a0063600
test/PICADURA/704F3E54-260519-164021-8.RGB.tiff,test,PICADURA,.tiff,2309756,True,,0a163411f025a7da44ab726c202838a5555744fcb1eb10232404a0961d7c637d,2158,822,3,RGB,TIFF,1,1773876,2.625304136253041,33.80868730396037,32.90868189208265,28.6540581190568,31.790475771699942,32.69275640010914,fcde5666e88efd8b541e4f9dd9fa7ab938c8e83b6f8a0dcb34c89bad780e8d1d,a0f87ce078b87098
test/PICADURA/704F3E54-260519-164023-6.RGB.tiff,test,PICADURA,.tiff,1960420,True,,2b62505ef5234e18dafcce4763ac1efcfd33bd7b3fccae7907f50145173566d6,2014,788,3,RGB,TIFF,1,1587032,2.5558375634517767,32.01805130583378,31.06075617882941,26.81416379757938,29.964323760747522,30.862875890341215,963cfca71c58f44c64ee6b0ffaa4c261d8c8fec5874247710420afc4fee2f952,1838bc7c64661860
test/PICADURA/704F3E54-260519-164025-6.RGB.tiff,test,PICADURA,.tiff,2393024,True,,d020aa2bf4c28c27d75e7fcc1c29af6f02790d992b2fa55881e7db9ca1ba31d9,2190,845,3,RGB,TIFF,1,1850550,2.591715976331361,34.47641836210856,33.689387479398015,29.21703115290049,32.46094566480235,33.41486109210775,98b4960a8cff665ed3f31b7d65d353072fbe7aa8a9c33982b935d184f4aff86a,b220f8f0fc10d010
test/PICADURA/704F3E54-260519-164031-1.RGB.tiff,test,PICADURA,.tiff,1985082,True,,f12094f6035e76386a616692464d77be30287a275612b3eb90d6203228f54b29,2012,777,3,RGB,TIFF,1,1563324,2.5894465894465895,33.1070750529001,31.713820039863776,27.265183672738345,30.69535958850074,31.623258742909332,54af11f83aec801917b6ab8d6855a67d2882459f0bc0fe40ef3fb14705d179ec,64e4e6c830926c68
test/PICADURA/704F3E54-260519-164032-9.RGB.tiff,test,PICADURA,.tiff,2343146,True,,72793ef41c7bf2bc404de58a0c1f47521adf1a103f16b6d86523d1813e8d1017,2143,826,3,RGB,TIFF,1,1770118,2.5944309927360774,33.591153810084975,32.413350409407734,28.200987165827364,31.401830461773358,32.285304216442064,203b809702a1edaf062b37b4e9b4e732af4ab4ac90da52dad7127054d9359908,38d8f27476f07818
test/PICADURA/704F3E54-260519-164035-7.RGB.tiff,test,PICADURA,.tiff,1958644,True,,f4d89871509c323bed43e521a9a3c58ddb6889672f62b719e178b9e0e00b4a5c,1949,789,3,RGB,TIFF,1,1537761,2.4702154626109,33.5552117656775,32.7662367559068,27.487893112128607,31.269780544570967,32.40040910843752,c38ccebffa69b8db6b5c6e5a49ec271d9a013ce482ac2d6aeffd318068acf249,3070fc7858307830
test/PICADURA/704F3E54-260519-164037-5.RGB.tiff,test,PICADURA,.tiff,2193266,True,,2361f480a9857a22bf0b8ccdb31058f552150fdfd402a89c552f4ea62b653568,1906,849,3,RGB,TIFF,1,1618194,2.2449941107184923,38.27094340975186,36.56184610745065,30.98655167427391,35.27311373049214,36.43728263545656,787f333b07ceddfc1501adde91f11f52b819764a96e1ccdd88eb9941701dba15,24c0d93c6080ac40
test/PICADURA/704F3E54-260519-164040-0.RGB.tiff,test,PICADURA,.tiff,2672100,True,,0f21d96165817942982ee35679e7e2abbc853f26caf6744b2ff92b1118824f42,2301,896,3,RGB,TIFF,1,2061696,2.568080357142857,36.63722003631961,35.55080719950953,31.561782144409264,34.5832697934128,35.42089578143431,76076fc6194a84b38f32b5941e405f390afa9fa37f1649a0439a67e855ff31ba,30222cf1e0e82000
test/PICADURA/704F3E54-260519-164046-7.RGB.tiff,test,PICADURA,.tiff,1949422,True,,a0be05165fd6b8c9d0af39c5784c43d2cd07d9f62dd53593d40a1f3a98176030,1925,809,3,RGB,TIFF,1,1557325,2.379480840543881,34.46729423851797,33.19481482670605,29.706582762108102,32.45623060911071,33.17762771547365,a16118b916d64299ca69849fb3fb4d532a35e70b4fa9b78d29c8303f7e2e7957,38e0b87c7cfe0838
test/PICADURA/704F3E54-260519-164048-8.RGB.tiff,test,PICADURA,.tiff,1893862,True,,5af7eb6660bf767e7f3c7d9215aca10d794ed84eb24324c6de29fb657972fc9f,2014,768,3,RGB,TIFF,1,1546752,2.6223958333333335,32.8361792970043,32.47123326816452,27.057458467808672,30.78829034432583,31.963181803547048,10fc7e2e7e64b811ceff2a68ee0aae5f45389dc560c9f99fd11846e2043dd8a5,0c0c1eff71721c62
test/PICADURA/704F3E54-260519-164050-9.RGB.tiff,test,PICADURA,.tiff,1960850,True,,fb9b235b4e6a89a88dd5848797bcdafe4bcc5c6068621e60f42a7acebdb58d9c,1943,798,3,RGB,TIFF,1,1550514,2.4348370927318297,32.1331390751712,30.845578305000792,27.06207296419123,30.013596781454407,30.799239366429454,1c7a8b02845e9f6c73ac70895a1a364d86e481b799fa23da395d74e3abe9931b,b07c4e706c121810
test/PICADURA/704F3E54-260519-164052-8.RGB.tiff,test,PICADURA,.tiff,2340608,True,,5c0e242ed1b232b0596837e77a76bf77556f39ebfb602d64e2394ec93c7ddd8a,2082,832,3,RGB,TIFF,1,1732224,2.5024038461538463,36.225443707049436,35.22811599423631,31.102653005615903,34.18540423563388,35.05601419966471,050a71b860210a387a66fa8cbd24a5e677a1383e794ec8df1432c570a124e57e,60247ef8b4f85068
test/PICADURA/704F3E54-260519-164055-9.RGB.tiff,test,PICADURA,.tiff,1924348,True,,178be5354899bd37dbab98551b913d6eda9b536d4b3a5e68b3c18c40d2325778,2046,758,3,RGB,TIFF,1,1550868,2.699208443271768,32.52399946352623,31.685454854958643,27.29371551930919,30.50105661259802,31.435521408656314,bafbf926565311cad491444e5c44c74f2817d997a683e770272b601a1b9e64a1,4030f2427c5e7058
test/PICADURA/704F3E54-260519-164104-4.RGB.tiff,test,PICADURA,.tiff,1948344,True,,ba2ded39d972a675081de66f6667c7ff04f5ee1dea7689f9bc1158dc17e8579b,2014,780,3,RGB,TIFF,1,1570920,2.582051282051282,35.3003144654088,34.435637715478826,29.709574644157563,33.14850894168173,34.15540487357727,1762aedd73ef94dbc61267874e85643fd4a1ef27eb58697270ab3b651f2c7dcf,6006c6f85c22580e
test/PICADURA/704F3E54-260519-164106-4.RGB.tiff,test,PICADURA,.tiff,2530342,True,,a1f4e9e6545f421206689375197585bf66a3451c1fe1353bbd4c8a3bb34af807,2103,898,3,RGB,TIFF,1,1888494,2.3418708240534523,38.14696948997455,36.99956102587564,33.24369153410072,36.130074016650305,36.91446703457888,addd771091d0aeaee0e594b9f704193368f3abfa109b5b394935d490f43ba19c,28029e3d6cfe0c08
test/PICADURA/704F3E54-260519-164109-0.RGB.tiff,test,PICADURA,.tiff,2353244,True,,9f22259845c650914ec5ed313c88f817d98252e4426cc6934b576a292b339ddf,2229,800,3,RGB,TIFF,1,1783200,2.78625,35.336888178555405,34.893945154777924,29.032820771646477,33.08788470165993,34.35821693921041,892376af8b154ab300207049ae98c4a853a795a64f487c47fce4a6050134bc8f,6878b2f060106098
test/PICADURA/704F3E54-260519-164119-3.RGB.tiff,test,PICADURA,.tiff,2353284,True,,56a01342b08b1671df23974a5a4f16d592bdc35f722c52bf9643593615ab46d9,2071,844,3,RGB,TIFF,1,1747924,2.453791469194313,34.63953123820029,33.15542781036246,29.26509562200645,32.3533515568564,33.15567686581339,737b45acfd6296b67fe7a7b3f1201a2e3f5b2188af9cbb87325f2d49b0f7031e,30701e74f4727048
test/PICADURA/704F3E54-260519-164121-8.RGB.tiff,test,PICADURA,.tiff,2374018,True,,a9c62c726e14add8622d02c19a706d9fdca5692a99d63e09684f34b65f717866,2172,848,3,RGB,TIFF,1,1841856,2.561320754716981,34.811738811286006,33.541454923729106,29.836321623405954,32.72983845280702,33.49888460987178,70c94d3b1931ef1142b3047a277229a5e424c44df4124e76bc78296e4100200c,b8bc986064667810
test/PICADURA/704F3E54-260519-164124-3.RGB.tiff,test,PICADURA,.tiff,2626114,True,,f719f2f2ad089d1fee5349b60a525a2a3e287a70b1833dbb62d70ce9716b7e23,2194,905,3,RGB,TIFF,1,1985570,2.4243093922651933,38.10641125722085,37.19769083940631,32.284675433250904,35.862925843292686,36.90931448803114,0553ddd5356aa133111a18ffb5e54f1708817c96073f7eb70ae07100c681bf12,687436f870307844
test/PICADURA/704F3E54-260519-164127-4.RGB.tiff,test,PICADURA,.tiff,2000118,True,,51a665e6f1819cb7f94995ab294ea0678a0b513b89fb8b0f78ecf33f549feda4,2058,756,3,RGB,TIFF,1,1555848,2.7222222222222223,32.56567093957764,31.455142790298282,27.03972688848782,30.353513539454582,31.283833294126413,0af2fccaa0f25216bbbb41ca396deb3dd31714329634cddfaea6117a2f112c69,303c38f9e8381810
test/PICADURA/704F3E54-260519-164136-0.RGB.tiff,test,PICADURA,.tiff,2012832,True,,d15ccbad4b1196867b8936affc5c5838438a7e285b13aba139da996ed72d1976,2045,790,3,RGB,TIFF,1,1615550,2.588607594936709,32.7607570177339,31.63213951904924,27.785978768840334,30.72629176854116,31.531133825632136,7cf18f5c07431d36cc0e3ec99f10fbe1897ff944aeec935aea3108aefe3ca178,e2707cd0702230e2
test/PICADURA/704F3E54-260519-164137-6.RGB.tiff,test,PICADURA,.tiff,1997164,True,,dc6b50cddd2a3365d80b31a38d799647bf7921929a2452424437f9f13f1cd524,2025,802,3,RGB,TIFF,1,1624050,2.524937655860349,33.683869954742775,32.89617191588929,28.28561189618546,31.621884588939178,32.606089787260245,0447934a61b1096c90186f5aa332446026445421c79c19a608c35d19897bce19,3812a67c64103818
test/PICADURA/704F3E54-260519-164147-2.RGB.tiff,test,PICADURA,.tiff,2203518,True,,6c718daad911f2f49b057e7939f4a009a815e61cde31b9725a1420e33fc2959d,2089,781,3,RGB,TIFF,1,1631509,2.674775928297055,36.56494570364001,35.265652840407256,30.102526556703026,33.977708366916765,35.06554501017157,b5348f30a30419755a5a1fbde99a1990c572224703dd0cfb97e0c22341db1ec8,0c7e3e7858547866
test/PICADURA/704F3E54-260519-164149-3.RGB.tiff,test,PICADURA,.tiff,2066058,True,,1eaa6c189e73ff760d2b8cb98ffc1268c32c4c662e97f1c137e50fe0e1204acf,1984,816,3,RGB,TIFF,1,1618944,2.4313725490196076,35.89257874268659,34.15407265476755,30.188010209123973,33.41155386885937,34.22175485625198,fd91b46d55b8b2727af9b71bcfd9add54efeb7d76a12c99a520fea9454e6ca8b,2070a2a1c8823060
test/PICADURA/704F3E54-260519-164150-8.RGB.tiff,test,PICADURA,.tiff,2122832,True,,e8abc83d6c4be0b79fb9fe6556032fe4468c5ee94a2ffad894e60d782c6f50eb,2050,760,3,RGB,TIFF,1,1558000,2.6973684210526314,33.466405648267006,32.36404621309371,26.89055969191271,30.907003851091144,32.06967422079589,c0f92b4feab30680607fa441534edeffa201157090bdb6e058a7b4c1a6e96940,1c189cf0e1789862
test/PICADURA/704F3E54-260519-164157-9.RGB.tiff,test,PICADURA,.tiff,1812766,True,,8e70d259e307a8ecb6761d7579016d44ef27f53becfffe085a15dcf8a0a602f6,1902,760,3,RGB,TIFF,1,1445520,2.5026315789473683,32.68752421274005,31.327125186783995,27.164247468039182,30.392965622521075,31.259316435607946,ddd870c66772885c5c9e743d9406d579bac8709299567d82edc957472cb61f6d,2464e23c7904180c
test/PICADURA/704F3E54-260519-164202-2.RGB.tiff,test,PICADURA,.tiff,2399070,True,,d0a7a281adf1675de3e28a4550f03b05014663c18d3b96f527f0f98f60eb0490,2087,857,3,RGB,TIFF,1,1788559,2.4352392065344226,39.42304670966963,37.643641054055244,33.26622661036063,36.777638124695166,37.676658098502756,89ed13674586e0e0e1121fbe54ad0ea78834b896c97f571c85c3d566b1942a88,2400e279f1d26204
test/PICADURA/704F3E54-260519-164207-3.RGB.tiff,test,PICADURA,.tiff,2928406,True,,fd118bcd288b81d256804f6e4ceb8f11ecf9c0b66142030341363b351ad8adf0,2250,957,3,RGB,TIFF,1,2153250,2.3510971786833856,45.44031533728086,44.42944200626959,40.8968865668176,43.58888130345601,44.328981812144434,21ff2ca1d6bdc61e1a3c5eb825d3a824b04552c75f389ea38cfa1cf9e9c2d0ff,f006f6f9f0fa3270
test/PICADURA/704F3E54-260519-164209-6.RGB.tiff,test,PICADURA,.tiff,1739056,True,,e78a7b8f2f84c00602d5384a4c30023238f7e7f30b132557fa38f5d063531005,1889,735,3,RGB,TIFF,1,1388415,2.5700680272108842,32.47362352034514,31.29428881134243,26.7922645606681,30.186725630785222,31.133679124757368,d156b0b2dc2f6486fd881755b98fe9776ec107e8562616607f5a2a88bed8c74c,c80e4e78618a589a
test/PICADURA/704F3E54-260519-164219-1.RGB.tiff,test,PICADURA,.tiff,1371690,True,,d9365915404234fe7627d757fe855037a6dc92ea2a456bdc44f9bc4f9a0360e7,1664,656,3,RGB,TIFF,1,1091584,2.5365853658536586,29.850992685858348,28.248473777556285,24.670673076923077,27.590046513445902,28.319757651266418,a589759ab6bf1006a50f9fa710f9d30618607779b2d4f7edab81651e3c23ee07,38e8f86070586050
test/PICADURA/704F3E54-260519-164221-1.RGB.tiff,test,PICADURA,.tiff,2019442,True,,3ab67a72b9b00b06b716dd9700f71c907ead488ad8f2b4d04ad21ce598c7deaa,1943,792,3,RGB,TIFF,1,1538856,2.4532828282828283,34.96368731057357,33.357704684518886,29.20675553788009,32.50938251099085,33.364685286992405,682984b78d4077ca934fe694a9169485841d867803ab4fd1a0511754ca78196d,e226e0e030f06260
test/PICADURA/704F3E54-260519-164223-9.RGB.tiff,test,PICADURA,.tiff,2262526,True,,4cff5ecc08ada6a456044feecd7afd162867f1ab1973671d1d4ecf0a94d51c9a,2039,866,3,RGB,TIFF,1,1765774,2.3545034642032334,36.39569333334843,35.43519952156958,30.9087346398803,34.2465424982661,35.206370174778876,4057cc28618798ae49fb4c319dff4ff6bcc8d06415161bd75ab46b5593350ced,7070f070e0f27060
test/PICADURA/704F3E54-260519-164226-5.RGB.tiff,test,PICADURA,.tiff,1536986,True,,7e6e4e003209df5a4727ea2c0ecb79542b79b4dbd57d9af11db0ce1d5313a3b2,1700,739,3,RGB,TIFF,1,1256300,2.300405953991881,30.10441057072355,29.112681684311074,25.073684629467483,28.09692562816737,28.948762957096235,74ebb0ad19a93e7357f2daf6991e5dabada8b69b6c6909954aedd5d6b36dd544,303c383cd8d83898
test/PICADURA/704F3E54-260519-164229-2.RGB.tiff,test,PICADURA,.tiff,1754558,True,,49ec6c0deaebf28b744f9a9d4281d72f75dd84e0c698231f849c11a45b21b86d,1908,753,3,RGB,TIFF,1,1436724,2.5338645418326693,33.2403071153541,32.09981388213742,27.40813754068283,30.916086179391446,31.905970255943384,119719a7a732264d32bddb49aa951dd9d6b8aafac3256aba211a80aa4376baf1,746af87030104832
test/PICADURA/704F3E54-260519-164233-4.RGB.tiff,test,PICADURA,.tiff,2417342,True,,b7868e1cb0069a8621cd5942589ebe98cd71a6898bbe8647fafc51b3edae3524,2226,841,3,RGB,TIFF,1,1872066,2.646848989298454,35.46514706212281,34.148267208527905,30.249020066600217,33.28747811241698,34.09750011057302,b506ddb7886858d6ee855a1d3321377f0f5263ab1558e3eaf0625db368024fa7,6030c4f88c30f830
test/PICADURA/704F3E54-260519-164235-5.RGB.tiff,test,PICADURA,.tiff,2030396,True,,4eb763606f0dd9bce8d18c18943fcda23d2135e1cc39e92c953e00f4cd20ac3e,2034,790,3,RGB,TIFF,1,1606860,2.5746835443037974,34.604688025092415,33.19241190894042,29.20871513386356,32.3352716892988,33.160541035311105,fe6d01ce63ff7bdcdc6d1db422e999978e285b6c310053f08a4e644d019b3ace,38063cf4e0740270
test/PICADURA/704F3E54-260519-164237-5.RGB.tiff,test,PICADURA,.tiff,1967310,True,,0fd02a19ac389b1b92736a372b739db7792463a79d3095f310c54d58f6dbf341,2014,774,3,RGB,TIFF,1,1558836,2.602067183462532,32.34290906804821,31.11658121829365,26.88099710296657,30.113495796436144,31.00039665622298,4d289feeac3f50a3ff56aacf8483a8b42264038de9644e1f2912a78f7ea511ad,7046d8f80c228816
test/PICADURA/704F3E54-260519-164239-0.RGB.tiff,test,PICADURA,.tiff,1798402,True,,7cd203665f72450607933d725566e09d76889a144c2eae377321990fcac42a9b,1971,737,3,RGB,TIFF,1,1452627,2.674355495251018,31.209632617320207,30.20448263731846,25.26176093381164,28.891958729483434,29.941552207139203,97279a7afe736b19d417c57fd59acb24b78ad00169f570f45dcf1edece0cf235,3ce0ba383072a830
test/PICADURA/704F3E54-260519-164241-2.RGB.tiff,test,PICADURA,.tiff,2025656,True,,995c9ae16c7003016f53f5cac62a90375490b7e7922751d737996f7663828375,2158,746,3,RGB,TIFF,1,1609868,2.8927613941018766,30.378171378026025,29.4175876531492,25.514362047074666,28.436707026083297,29.25983446779487,aa3f82b309364a98c188d2f2ad13ba21a2dd765706976ce26651a96475cbc1b5,0006e6f778082238
test/PICADURA/704F3E54-260519-164247-5.RGB.tiff,test,PICADURA,.tiff,2098634,True,,a47c020b4b5d054dfb0186c25cfa844e75ae2b1cca3cd5fb8b52a0a113f2b7cc,1962,852,3,RGB,TIFF,1,1671624,2.3028169014084505,35.64423099931564,34.29469306494762,31.26394153230631,33.73428853218986,34.35269923260255,ab5119d88bb6af11c55f460ad9361a9a3f5bbc9ffee58c6c51e85ef57aa202f9,a020e47430907000
test/PICADURA/704F3E54-260519-164249-6.RGB.tiff,test,PICADURA,.tiff,2304768,True,,13f7515c3fbd3d1651274848b3098b0458e590051282aa1049dccde02a0e8d02,2112,821,3,RGB,TIFF,1,1733952,2.5724725943970768,35.62338403831248,35.01130711807478,29.70566313254346,33.44678476297691,34.58947470287528,08bbcca8717ef60abdca11e682ef3d8609e522f2edf639aa91aaa7ca71abf4a6,1c0062f47102d000
test/PICADURA/704F3E54-260519-164252-4.RGB.tiff,test,PICADURA,.tiff,1745936,True,,06eca0cd66884e21171e18c09a1795a017d2c1bf22687eb32af19a26bf8ee8c4,1783,746,3,RGB,TIFF,1,1330118,2.3900804289544237,34.445976973471524,32.95402437979187,28.269503908675773,31.889835087313056,32.86608287159485,8237af98a9bb4813b83705432cd7bb6aafbfa2ebaaa9e1fd75453ac7f6ca3c96,b086e878f8f01678
test/PICADURA/704F3E54-260519-164254-2.RGB.tiff,test,PICADURA,.tiff,2054882,True,,81e55bde210f7d2f8bae8708a93d17b931b20cb392494fe494442dca578d7c5f,2068,755,3,RGB,TIFF,1,1561340,2.7390728476821193,33.92350737187288,33.22586752404985,28.188253679531684,31.779209525151472,32.86017386027387,d6aa76fd1b6108149ad8305feab239063ddefc6dcf5e23854d46934478d787fd,60f056c8489a6008
test/PICADURA/704F3E54-260519-164256-3.RGB.tiff,test,PICADURA,.tiff,2166408,True,,66575a3b5751aced03f551d980c5357cd20233fd27dd4f900ac383270d742399,2089,803,3,RGB,TIFF,1,1677467,2.601494396014944,34.446052888074696,33.563687989093076,28.457170245375917,32.1556370408479,33.245372071104825,71f964d5461c9832e8ad2c27c4227c8cb18dc08eda2f358442830937a6567978,e7b4871d38386c18
test/PICADURA/704F3E54-260519-164302-8.RGB.tiff,test,PICADURA,.tiff,1932764,True,,c561528663cff17d5a418c04138a4359a37feb19fee7313defffab11fd9e66d8,1949,772,3,RGB,TIFF,1,1504628,2.5246113989637307,33.128609197755196,31.4673354476987,27.46028187698222,30.68540884081204,31.507252191903913,fd1ee30d50893742ca8c8fa286d68dd4177a01fa3d02d81ef842050adb11627d,30b4346048c03000
test/PICADURA/704F3E54-260519-164305-2.RGB.tiff,test,PICADURA,.tiff,1819824,True,,4ba779ad5e19d1b7b363ef7e114a93f9563c726d2b23eaa28ad1e632ebbac026,1865,759,3,RGB,TIFF,1,1415535,2.4571805006587617,36.436705556556355,34.46428170267779,30.869553914244438,33.92351372449286,34.64423746710607,ab1d860424a0615a9e4696d4aa91de481c82fae1690af474f17618a6f22a7909,61fcf080e0826080
test/PICADURA/704F3E54-260519-164307-5.RGB.tiff,test,PICADURA,.tiff,1716684,True,,b19312880149548a1587ed43f5b0dd24acce2fed54ac779bba2fbc1bb96500d0,1880,742,3,RGB,TIFF,1,1394960,2.533692722371968,32.35103587199633,31.190510839020472,26.89015240580375,30.143899705606852,31.047266962493545,4105530a0cdd320122fe8fa195e2dc80dddc5622a8f0ac5a73fe86ca0e5d0334,a0c082f4a9007000
test/PICADURA/704F3E54-260519-164309-1.RGB.tiff,test,PICADURA,.tiff,1755088,True,,9698e1d7a004202c5de0d56515cc4f77a9bef47fc7addcc067c607e7a04a4c11,1952,706,3,RGB,TIFF,1,1378112,2.764872521246459,30.893933149119956,29.42976768216226,24.860757325964798,28.394819385749003,29.346685976176097,2f3a633268d3ecadf1a4dbe4b542f135c5c28cd3de49aa01c9b249ba1408e467,701228a944101202
test/PICADURA/704F3E54-260519-164310-8.RGB.tiff,test,PICADURA,.tiff,1562038,True,,43deea84fb1926b4cde687657a2c999e702a6329b09cd556f58e6fec938e1ec0,1871,685,3,RGB,TIFF,1,1281635,2.7313868613138688,29.86775954152313,29.160163385051128,24.38543969226808,27.80445420628078,28.827416134858986,65b253c9136bae80b6b11224a3322ec3f9047b9fd1d20bc750070dac7e89f2ca,6074fcb8f8501830
test/PICADURA/704F3E54-260519-164317-8.RGB.tiff,test,PICADURA,.tiff,2596760,True,,d94dc53c7540c0a53e5d060da2de0afce675a07cac2f51321453a6ddcec44d15,2158,874,3,RGB,TIFF,1,1886092,2.469107551487414,38.83076859453303,37.443304992545436,33.155567702954045,36.47654709667751,37.369354558526304,2f778d04c411e8c403c8a7d7800a2e7cd22954560c6c12bc0b4c09064c5d18da,34323278e87a7070
test/PICADURA/704F3E54-260519-164319-8.RGB.tiff,test,PICADURA,.tiff,1962882,True,,f62bb0b4b2dbf61e7d6388764693b661a95316fc3872637a6fbbacfc4ee191da,1927,799,3,RGB,TIFF,1,1539673,2.411764705882353,34.66577513536965,33.36695649011186,29.512714712799408,32.51514877942697,33.31591970243032,08a8493e4b83be0d82f8f28eb3e1469493d49f46007a4098729a8d14e5772049,c4c0dcfc3072c030
test/PICADURA/704F3E54-260519-164322-2.RGB.tiff,test,PICADURA,.tiff,2404500,True,,fcf661745f5f590f69c596a99ad51e188a282f47e13a24226069ec09be6dd7c4,2197,801,3,RGB,TIFF,1,1759797,2.7428214731585516,36.47781704367038,35.247539346867846,30.59041071214464,34.10525570089428,35.084479713853355,5df3ed3e99c0e5ef72a1e69faafc3192cfda3fd1d8b24c97f362e9078adf66e0,3c782ca0e0c238c2
test/PICADURA/704F3E54-260519-164324-3.RGB.tiff,test,PICADURA,.tiff,2493192,True,,6749fc90ba92448acd502b747d4235dd408c0fbc118b7aca8beb0a6d8a91148f,2213,834,3,RGB,TIFF,1,1845642,2.6534772182254196,36.64244582643872,35.21638324225391,30.497133788676244,34.118654285789624,35.10478151721731,5ed7d3b6f0df4657178ea377fd295ec5c88982fa064da17bdbedf5bc3461aebd,c664ce39303a1438
test/PICADURA/704F3E54-260519-164327-2.RGB.tiff,test,PICADURA,.tiff,1880816,True,,f3664a9bd37ec25226308ba40bd353de99d3aba9e91a879be9dafe39c7097e0b,1990,752,3,RGB,TIFF,1,1496480,2.646276595744681,31.6853302416337,30.265633352934888,25.765229070886345,29.23873088848498,30.1770766345023,4499aad2809ecdb3a2cebee8ab801c99e42129af4a30890ec1c69adb6d5eab15,18588c2074621822
test/PICADURA/704F3E54-260519-164334-1.RGB.tiff,test,PICADURA,.tiff,2348774,True,,fa9bc86394c558fe58f86d450c7b92c43d55845462cf68c569bdf79dd226491a,2086,846,3,RGB,TIFF,1,1764756,2.465721040189125,36.37782220318276,35.49775039722205,30.658442866889246,34.17800515576469,35.209210808746356,fa283cd5fe096a31610095ac7647c4a9265069b183fb285f6b7310c84f1a31b8,2ce0b83a385e5010
test/PICADURA/704F3E54-260519-164336-7.RGB.tiff,test,PICADURA,.tiff,1933812,True,,bd0bf13b2aa6fd655fd346b0c42bcfd61cf011cb65b3e4a0dbb58766201ea44d,1975,763,3,RGB,TIFF,1,1506925,2.5884665792922674,33.90851568591668,32.75899995022977,28.152856976956386,31.606790871034278,32.57760485624699,4ce239c8d5d90905e22dead9cb998500d582f101c9a47615422d9db8b72542bf,e1e2d0bc5ce25040
test/PICADURA/704F3E54-260519-164338-2.RGB.tiff,test,PICADURA,.tiff,1987218,True,,f6fab6fe4a7af2fcb5a55a28c115d555db4d0638ea21c01de4e0e3d5c91fdc64,1991,807,3,RGB,TIFF,1,1606737,2.4671623296158613,32.984454829881926,31.652301527879175,28.10068293690878,30.912479764889962,31.64573084580737,67cd56c4fe266c7f9c18ebf051a7379608a9621c98c1c2c4572c52815d76a66d,a4684681b9922008
test/PICADURA/704F3E54-260519-164344-9.RGB.tiff,test,PICADURA,.tiff,1626994,True,,a23b6ab92af8dd3e40edf917115b964b6dfdd90d31fdb5c07e170d964a58212a,1687,771,3,RGB,TIFF,1,1300677,2.1880674448767836,32.43832711733966,31.739836254504386,26.848488902317794,30.342217424720616,31.39107142434286,9c9973cfc28d4c344907dc72c9b1fa4fd4dd1ef214e725324b4e918e65f9277d,78683e78b4ba181a
test/PICADURA/704F3E54-260519-164346-7.RGB.tiff,test,PICADURA,.tiff,2149356,True,,03e56d7869ad2bf9f239f984dc11499c67d64a116119dfecfbe26a030a16c80e,2092,764,3,RGB,TIFF,1,1598288,2.738219895287958,36.08699871362358,34.563729440501334,29.514987286396444,33.38857181350712,34.44363034759693,8ed9362e02f0c4cf870384217a6c5f7ec6cdc16ecf9f71a7241c313ade842570,e0f0e61e3c1e701c
test/PICADURA/704F3E54-260519-164348-8.RGB.tiff,test,PICADURA,.tiff,1646016,True,,ffd5b4b5731bdad1d6c2b26efd9053021ae4ccf1723e366ecb7d4f7bf81db44b,1752,731,3,RGB,TIFF,1,1280712,2.39671682626539,33.04505696831138,30.703630480545197,26.142309121801,29.96366552355252,30.883726365490446,442468381573821a12ca5616b647b5bef1a3fb1040d024195e224a4be63d586c,24f02ef1e93cb2e2
test/PICADURA/704F3E54-260519-164353-0.RGB.tiff,test,PICADURA,.tiff,2572042,True,,d24de261435f90224dd419da9c8ee195c90fed9c95039d59e834c58bc0b6366a,2253,839,3,RGB,TIFF,1,1890267,2.6853396901072704,36.31218446917816,35.35725693777651,30.771914761248013,34.14711872273423,35.120051261541356,48cbbe5bcf1e1a2fe3069cf00a07463859cf92b6502accac5f100d7c2df56a8b,389898fc60187888
test/PICADURA/704F3E54-260519-164409-2.RGB.tiff,test,PICADURA,.tiff,1782834,True,,56490bd83fbd5607f394aff479f708337f896c6c836e70544831dfa120e6073c,1895,725,3,RGB,TIFF,1,1373875,2.613793103448276,34.297361841506685,33.24715567282322,27.749549995450824,31.764689169926907,32.93444027003912,1279edb11cf7fbec9be55e1a00eee5f0b43131da991ba96c660af41f15a4e0e6,4800b2bea69a381a
test/PICADURA/704F3E54-260519-164411-9.RGB.tiff,test,PICADURA,.tiff,2235696,True,,948f30e06b65c9137ff3f36b7da1de30d084b4e0b4f9e7e1accb9a92f5e550da,2058,819,3,RGB,TIFF,1,1685502,2.5128205128205128,35.809719003596555,34.572321480484746,30.868469453017557,33.750169979032954,34.52006420876391,85e054ea3a738184d9c7304a372e54c0e7bf7ed0213ef2a905849ade3208bf5e,303eb4e0e08018a0
test/PICADURA/704F3E54-260519-164415-8.RGB.tiff,test,PICADURA,.tiff,1681758,True,,c6ecf4fb21730605a501ae879e33c259ca6933803cbd483d2c9a6a9349c855a3,1845,707,3,RGB,TIFF,1,1304415,2.6096181046676095,32.44679339014041,30.675201527121352,27.518894676924138,30.21362986472863,30.845088513241567,7dbc7dce2ed87089368bee5dcae133da0941108f7f6dff0354e840837ed737ad,e8709ee1b0a27090
test/PICADURA/704F3E54-260519-164418-1.RGB.tiff,test,PICADURA,.tiff,1630402,True,,22a444f7b25bad64e8a86f3ca4c52862f731623de8c6f56fab37536132188175,1812,720,3,RGB,TIFF,1,1304640,2.5166666666666666,33.201642598724554,31.815678654648025,27.08417801079225,30.70049975472161,31.69069080052735,dff2e7ac61c9e78436b1a2e1e9a8bef880cbfb86479e0891199298a56c924149,bcc03ce46480c280
test/PICADURA/704F3E54-260519-164425-4.RGB.tiff,test,PICADURA,.tiff,1560896,True,,582db986099ab758fa1fbd83f7965950714b7c3966985e6627fb772051ff5e70,1797,696,3,RGB,TIFF,1,1250712,2.581896551724138,31.987254459859663,30.614121396452582,25.36273658524105,29.3213708138511,30.426030313933182,8a1d9617d226f33c5ec486eef880b45ab4149555db47d06b68955622a4190564,7434d47cb8d23418
test/PICADURA/704F3E54-260519-164431-9.RGB.tiff,test,PICADURA,.tiff,1879544,True,,2c0bda97c5dacdc1054691679ed7e0195e55859d2beffa8fdc641e2952c06399,1957,756,3,RGB,TIFF,1,1479492,2.5886243386243386,34.63109634928746,33.7203655038351,28.421071556993887,32.25751113670548,33.38855451668545,9b4637f2ff1cefeedf3b3fd4a8113b4f8de271d5651747cf7272f4384f77a26f,29f0f0c67489c210
test/PICADURA/704F3E54-260519-164433-8.RGB.tiff,test,PICADURA,.tiff,2127512,True,,807f5fe1cdeb88eda3d9b829702e494e64c412278cfee6569099d10b468a554e,1986,826,3,RGB,TIFF,1,1640436,2.404358353510896,33.95942176348239,32.68959898466017,29.465585368767815,32.03820203897013,32.70173844331629,73b9b7a61681d5a9a5e4faacac0d370554fc80bcaf1ec1b9257c0e6a1c9fbb45,70e0f83c0cf07890
test/PICADURA/704F3E54-260519-164440-0.RGB.tiff,test,PICADURA,.tiff,1890802,True,,56bf5f4dc5a8519ada30b8c2c9948707800b4113c2841a185c184e207d615030,1964,779,3,RGB,TIFF,1,1529956,2.521181001283697,32.45456732089028,31.27991720023321,28.1364078444086,30.623630788510695,31.27277751974567,e7821a8d51af0539a5ea79e65751d38d053124b5f107603b1d8e8c443b8de9d8,24001c5c58200c20
test/PICADURA/704F3E54-260519-164445-7.RGB.tiff,test,PICADURA,.tiff,2160058,True,,19ba19ba1cf37808e1d98c5d419d643c6b418b0cfdd1a75fa4654000c971047b,2022,834,3,RGB,TIFF,1,1686348,2.4244604316546763,35.36493713041436,34.131085635942284,29.848968896099738,33.11499722081879,34.011845924447385,1d5ec74b836d4bee49db0004cb3a8a1e58989579fa93799fbb82d92fc0598ab4,707070e168c87060
test/PICADURA/704F3E54-260519-164447-5.RGB.tiff,test,PICADURA,.tiff,2535776,True,,4b6598187bd5f6edfb5d4e73ba70797d2e762ecefd263e423bafc70b76bf2288,2195,839,3,RGB,TIFF,1,1841605,2.6162097735399286,38.7071749913798,37.22046530064807,33.30505130036028,36.410897197462724,37.21863430214405,8db9a99e9771f34f8cbea37ae9e9078151c8eb85beccc029b527a7c771dbc970,e0e0d03e1ea01c10
test/PICADURA/704F3E54-260519-164453-6.RGB.tiff,test,PICADURA,.tiff,1825750,True,,7b8053e03498fd05e28899849f19c1b65ace57a3d701a86cb0a6a2d929dab686,1919,733,3,RGB,TIFF,1,1406627,2.6180081855388813,33.41318345232958,32.01825359530281,27.4472450763422,30.95956070799153,31.9142426513923,19cea8447a025dfc6b1785d8c3a6ecff7d9c7b53dfb8287cb04eeecbaab93a5a,323eb0e0ec9c12c8
test/PICADURA/704F3E54-260519-164456-5.RGB.tiff,test,PICADURA,.tiff,2239612,True,,204cd66f2a9fba7aee248bbacca30a001fc543f1766e6a07dc3c5cfa838c5ecb,1934,876,3,RGB,TIFF,1,1694184,2.2077625570776256,39.01292421602376,37.71394311361694,33.58635602744448,36.771074452361724,37.631793535412925,00eb47fa502b334efb5f66b8de8c7aeadc30c1e875da9847c04e2cfedb699efe,61e45cc5e8cec0a0
test/PICADURA/704F3E54-260519-165109-7.RGB.tiff,test,PICADURA,.tiff,2861946,True,,64c550c249c000417c81ffa0bd050db81a7b8254afeb8c034b53712ec3c8ad96,2323,924,3,RGB,TIFF,1,2146452,2.514069264069264,37.11650295464329,36.203390059502844,32.39059666836249,35.23682989416954,36.041752368559834,b29beb5000dcf6bf0de4a3989803311732ea3b0ca7a5e3e46bc7f5f31829327a,581e1eb0701e1c1e
test/PICADURA/704F3E54-260519-165112-0.RGB.tiff,test,PICADURA,.tiff,2529862,True,,2dfd4d0540d4305d88ab335e33b29d684669a0122cdbf141e5c66a01635bcc76,2081,888,3,RGB,TIFF,1,1847928,2.3434684684684686,37.98381646903992,35.83442644951535,32.09807579083168,35.30543956979565,36.051150090263256,276e6f7549f0e90b027bd17c46f32c3977ef5b018d1b7df38fb8de5a3590ec55,700e7070f0f00600
test/PICADURA/704F3E54-260519-165115-2.RGB.tiff,test,PICADURA,.tiff,2357632,True,,f97751a2ea6b466a3a9de71dc09982c7b7192791a385fe8562ee82daa58b47e0,2099,852,3,RGB,TIFF,1,1788348,2.4636150234741785,35.65362502152825,34.61056405129203,30.12637864666161,33.463522573160624,34.41124214526479,0b119c46b33f5d18256520437419f17860d0849a2a260fff03e0e4e18d43fca1,60747830b8b04840
test/PICADURA/704F3E54-260520-113424-5.RGB.tiff,test,PICADURA,.tiff,2994984,True,,5fb01527d7ecf45164501a0cf3135d2e4f5b4bc6a28fcd47a4994ee88bcc9c81,2366,963,3,RGB,TIFF,1,2278458,2.456905503634476,39.672449963966855,38.863337397485495,34.22532212575347,37.587036495735276,38.576528313885966,79c840802fb6b0aa4cf95906b52feb74a7ea403537976dd98ca28b884eb60173,6060c03c60303800
test/PICADURA/704F3E54-260520-113426-5.RGB.tiff,test,PICADURA,.tiff,2105626,True,,16aaa31dc41c990de116268338cd3eca429a3506191fd4d33527d7b764761b0a,1927,859,3,RGB,TIFF,1,1655293,2.243306169965076,37.15182568886596,36.42339332069911,31.296330619413,34.957183209659355,36.05670945083438,bb6cfc241dfce175f88f619093cfa4b7822c8c14e4d84a002c4c95ad433e35ac,64c6d4d170f28800
test/PICADURA/704F3E54-260520-113438-1.RGB.tiff,test,PICADURA,.tiff,2312794,True,,3fac232a6470ea62c3724cd35d1c9466c288b3751a0cabeeb2a00bd3a4192dd0,2062,849,3,RGB,TIFF,1,1750638,2.4287396937573615,35.63806509398288,34.884719742174,30.331654516810442,33.61814645098911,34.590920566673404,f165983c6f1a2bf25374f68d583dc8ae69fe0e6a2cdaa15a2714bbde04f182e1,60e0707078d26030
test/PICADURA/704F3E54-260520-113440-7.RGB.tiff,test,PICADURA,.tiff,2016746,True,,c8231b98c50c125aac515a1701197c5cebbf496954892486a97a3646c33d9172,2026,800,3,RGB,TIFF,1,1620800,2.5325,32.20409365745311,31.09118891905232,27.164664980256664,30.15331585225403,30.97632370681145,097ddafe1322e0a77307b47555ea078f226a33b903071f2fb86ffdd8f94765b8,3070307048485040
test/PICADURA/704F3E54-260520-113442-1.RGB.tiff,test,PICADURA,.tiff,1808512,True,,fcfa93ff7ae76c880c8b64b713d9940befce1303195089d77f5c1a5178b1f0a4,1925,731,3,RGB,TIFF,1,1407175,2.633378932968536,34.0106390463162,33.21544441878231,27.82447812105815,31.683520528718887,32.83863745447439,a7b549991db3322c466a5841556659511ffc6e50d9a67ebef9dfb3276207d84e,60e046143c086208
test/PICADURA/704F3E54-260520-113446-9.RGB.tiff,test,PICADURA,.tiff,1629118,True,,faceed80fd4b5d8efe1f86cfbc5925782d4ff53561398321bfb6e816c8728751,1895,698,3,RGB,TIFF,1,1322710,2.7148997134670485,28.978585631015115,27.787137014160322,23.821323646150706,26.862348763775383,27.69127742664681,c323d088ed5288022381e6dcd12caa995628f397565cf9f0f4784c17788d4ec3,78b0f8f0747070a0
test/PICADURA/704F3E54-260520-113448-5.RGB.tiff,test,PICADURA,.tiff,2622370,True,,b72444a797d5372ab949876e5a08af80b28230d8c6d4426109523fe4c1a7183a,2238,895,3,RGB,TIFF,1,2003010,2.500558659217877,35.792451360702145,34.89977433961887,30.816743301331496,33.83632300055084,34.70121923055801,7f38078f50d34aba1191f0f24d20293073f14b76e6a13f6086deffba729a6735,0cc0f21a62725840
test/PICADURA/704F3E54-260520-113451-4.RGB.tiff,test,PICADURA,.tiff,2407054,True,,5fa64dc49826ecd0cd595d3ca4774d70524196e2a3d71a7ae090429fd1a72431,2128,862,3,RGB,TIFF,1,1834336,2.468677494199536,35.25924367182457,34.36370217888108,30.243394885124644,33.28878024527676,34.16175405378295,7d37afff68d9eaa7f9bf1f0f292c87b3eb6c8d12db2d53799e159d319e2987c1,3060bb6d6c6e7030
test/PICADURA/704F3E54-260520-113453-4.RGB.tiff,test,PICADURA,.tiff,2371864,True,,07b46632710877b363ac6256f857aeeaa4ec621c891d4bc765f9527c5d12b3da,2159,849,3,RGB,TIFF,1,1832991,2.542991755005889,35.36356534211024,34.22564704354795,29.798435998867426,33.12921612817521,34.06118255572449,10b53bec5646ef74c17cef8e6517b520d9fc38d9e978ed62af75e88552528479,606e7af030d02050
test/PICADURA/704F3E54-260520-113505-1.RGB.tiff,test,PICADURA,.tiff,2269072,True,,24ac790d14f04d12493ba58f9b2036f95e7ad99f56c1575807448567a6f2c618,2025,844,3,RGB,TIFF,1,1709100,2.3992890995260665,34.92233339184366,33.79644959335322,29.011211163770405,32.576664716322426,33.58757166812942,9ccc07445f22e0013515a63344920aa6bb41c01cb4a0963701b0f1b441d11d4f,560cb638289a1c28
test/PICADURA/704F3E54-260520-113506-3.RGB.tiff,test,PICADURA,.tiff,2309876,True,,7d0d2f5fb18d0c92879a4c5fa83650714cc6601a40bcb4c58b478d720fab0fff,2028,858,3,RGB,TIFF,1,1740024,2.3636363636363638,37.30040275306548,36.45441787009835,31.691406555311882,35.148742392825234,36.16438406021986,7ed2ed8bdfac7f27c1cef3d416cf2bdbe2c1b09931505b310f8dd5a6d752d40b,60c67040b0c0c200
test/PICADURA/704F3E54-260520-113507-8.RGB.tiff,test,PICADURA,.tiff,1261544,True,,000827cfbe4070784d54f824d714c430b8253b583f7459cb1633ba1d863140ce,1624,628,3,RGB,TIFF,1,1019872,2.5859872611464967,26.546147947977786,25.03771159518057,21.761588709171345,24.448482750776567,25.115256055661884,c8c1a6c1505d3e3d73bbfd18dfc94d3d7622cb8f54bdb1ae1d8428a41c38a58a,3060f23cec32341c
test/PICADURA/704F3E54-260520-113510-1.RGB.tiff,test,PICADURA,.tiff,2137538,True,,2be9abbf594385157d02497b2ecf603f940c7ec705ef81e13cd8e1e8e15aaea9,2045,831,3,RGB,TIFF,1,1699395,2.460890493381468,34.47701682069207,33.96481571382757,28.84389267945357,32.42857507132441,33.53417861886142,d26339cbd01f7893a2bd9324e77fb15725470cf46a940cbb0b79e70ccedc8682,7070f06168d05050
test/PICADURA/704F3E54-260520-113512-4.RGB.tiff,test,PICADURA,.tiff,1716608,True,,c792aec527c7337e9dd995d5ae44e0db0fd31410d565ee9a6ede7edfe3d92000,1897,730,3,RGB,TIFF,1,1384810,2.5986301369863014,29.729958622482506,28.977911771289925,24.286234934756393,27.664701776176276,28.667922620431685,b36bc45c06117390090971f2481005f18bc9fb26dd07ecfd45a9af476f1dd89a,e2c6f6b03ce4c238
test/PICADURA/704F3E54-260520-113513-7.RGB.tiff,test,PICADURA,.tiff,1401088,True,,2bc95c441656cc73f11a0312abd116564cdef5744876d953a4c02e5bd4c019f6,1657,649,3,RGB,TIFF,1,1075393,2.5531587057010787,31.087453609982582,30.601144883777373,24.21302537769913,28.633874623819693,30.01830556921981,8b3fbd7be2e93ae4545f32174cb1d2631056ba921d90230c637450431e924fc2,48e0bc0638dac204
test/PICADURA/704F3E54-260520-113647-2.RGB.tiff,test,PICADURA,.tiff,1652228,True,,d81d1a4d8782d3a8357cdeb7b25c85bd674c1ce2ea0bc6d433effb04ffbf0f4d,1744,735,3,RGB,TIFF,1,1281840,2.3727891156462584,29.004208793609187,27.95590401298134,23.867325095175683,26.94247930058874,27.80324914575922,f5f300d617902ffba71c99d727849bb8a0e26428d7038f2d75827a6073dede92,3838bcf06c30f030
test/PICADURA/704F3E54-260520-113649-9.RGB.tiff,test,PICADURA,.tiff,1477158,True,,e02f724db1c39ebec57d4bc7a8ffb7acca67911a73dfc2484a50dc3269e64e75,1671,694,3,RGB,TIFF,1,1159674,2.4077809798270895,31.501870353219957,30.376555825171558,25.28444114466652,29.054289107686014,30.132523795480456,09342cfea298e20047dffb565f722bf0c9001cddf3348daa705428856d612ead,24bcbe2c38080c38
test/PICADURA/704F3E54-260520-113651-5.RGB.tiff,test,PICADURA,.tiff,1997178,True,,3336c81fff45ff5dcf42837460e21a617f037f7b589fe30b4b3ce054f8fbc701,2139,731,3,RGB,TIFF,1,1563609,2.926128590971272,31.649854279426634,30.8294675970783,26.217350373398975,29.565557416634636,30.54898185160101,507f1298d09e34ea570ef61fd5156b341824ecb07289fa98bba35aaa8e4cfefa,303e16f054161c30
test/PICADURA/704F3E54-260520-113655-8.RGB.tiff,test,PICADURA,.tiff,1879650,True,,5bf0099e70f22b11dc114a0cb0be23a9d315a29ce41c2d8890294da1cfaac44e,1951,731,3,RGB,TIFF,1,1426181,2.6689466484268127,34.023855317102104,32.63119758291549,27.719619038537186,31.458223979518262,32.487682291378164,c1ae59d198e6326c6ade7e1b26a3420cb6b6830834fecbeaa6416684dd5ef3d5,e026bef07804c060
test/PICADURA/704F3E54-260520-113657-0.RGB.tiff,test,PICADURA,.tiff,1336784,True,,647e45b698a09d87ef0e4f04d5ffc0052b899eb372b44bfdf4f81739040a5cb4,1625,642,3,RGB,TIFF,1,1043250,2.5311526479750777,29.314184519530315,26.828491732566498,23.481167505391806,26.541281252496205,27.190118913970764,303e91c0df0006d6fee63c6382c8ec6d9bdd1053866e6e96b5b77c7a039797a9,f1e0dc7c24666028
test/PICADURA/704F3E54-260520-113702-5.RGB.tiff,test,PICADURA,.tiff,1953068,True,,f254e051383d1e8f009ef765d838680150619f3e5e859a6e47c15fca51d71646,1936,796,3,RGB,TIFF,1,1541056,2.4321608040201004,33.167773916067944,32.11022052410814,27.75649295028863,31.011495796821574,31.9301040448887,999de6f64250f3b0f196f4820f34a494892e291f3f4efad2c3a4876e62065a36,5058b8f078f25068
test/PICADURA/704F3E54-260520-113707-3.RGB.tiff,test,PICADURA,.tiff,1809454,True,,971cb8575eaf8352a8ba2c4d66424343fcfaa3b6f24cf563e16b83e2af3d4733,1843,770,3,RGB,TIFF,1,1419110,2.3935064935064934,31.589570928257853,30.568056035120605,26.398134746425576,29.51858723660135,30.398117961257405,daa8806df9f58a05f1b243cfdaca41b1a99a39b3afacfa88193c40d27964b645,30e89e20c4102098
test/PICADURA/704F3E54-260520-113709-6.RGB.tiff,test,PICADURA,.tiff,2289866,True,,064df5442dc337c7785344a8b888962ed7b92bded0a58ef8af2afb625fda2643,2095,822,3,RGB,TIFF,1,1722090,2.548661800486618,34.25451805654757,33.18170711170728,29.292687954752655,32.2429710410025,33.059129400321694,0b7731314b7ad5a5f65b6a950992cd29ee901c1cb4f57d8644d812025e3a2f03,6060feff3ebe101e
test/PICADURA/704F3E54-260520-113711-7.RGB.tiff,test,PICADURA,.tiff,1767102,True,,849b805ca81fe5ee429136b1f8d7037abc6c7ca94b3535b50bbfd0552f91a328,1809,789,3,RGB,TIFF,1,1427301,2.2927756653992395,32.86103982271434,32.02533593124365,27.942249042073115,30.94287493201037,31.809739489427944,b6fd870cf5eed3fd8e1d98205f8bdcad99fab7af1c6a8bcec747053355cc586c,707cf86030706078
test/PICADURA/704F3E54-260520-113713-4.RGB.tiff,test,PICADURA,.tiff,1634260,True,,c331fe660322028c0daf07e79d668cb998e22181404c42ff382331fcecd7a101,1686,737,3,RGB,TIFF,1,1242582,2.287652645861601,35.480452799090926,34.85803592841358,29.392230050008774,33.24357292583776,34.42103670260795,407983eada258a7bbf9894f7ff7b1edb6ba28fd08fc4fbec88a9dd3d5b9b37e2,6020f4fcf8fe7878
test/RUSSET/704F3E54-250612-145659-0.RGB.tiff,test,RUSSET,.tiff,1354116,True,,c0f9d00c0d9031d0e951e9d8e5e2214c5c2721b34aa04ed2c74215504ecbb2a6,1781,654,3,RGB,TIFF,1,1164774,2.723241590214067,26.634241492341005,25.053937502039023,21.906963067513527,24.531714020631185,25.167693309603408,01ae727826d5e6766db905ea75a11a8532783decb3a9f3525c9563b5852910b8,31f0e3e066207064
test/RUSSET/704F3E54-250612-145701-9.RGB.tiff,test,RUSSET,.tiff,2374886,True,,7ded4715fa0d26c8399973cc3f111a7062cb259cc9f0e882421e097901c6bda3,2094,847,3,RGB,TIFF,1,1773618,2.4722550177095632,35.082383015959465,33.29802189648504,28.839095002418784,32.406499971621095,33.32322820528434,492b24bd17e3fa780d581cd69e59d84d2600b71bce14cc4ce4ec541e52981d29,460b924064860010
test/RUSSET/704F3E54-250612-145703-7.RGB.tiff,test,RUSSET,.tiff,1807168,True,,0bdfd307cd787e25d497cf7c0081fb70ce5cdd4a13117d1a4d90e2ee509bee4c,1805,766,3,RGB,TIFF,1,1382630,2.356396866840731,32.375650029292004,29.61786522786284,26.65423504480591,29.549250100653584,30.104589042621672,b6fe104c2469b41dbdae2058b0388f686926651829534c728c8819f4bebd768f,70f060f040e0f0f0
test/RUSSET/704F3E54-250612-145712-6.RGB.tiff,test,RUSSET,.tiff,1451434,True,,c4daa459935862980e290fb171e5d73136743a9d222805c8f4d401ad8a5f86d8,1736,674,3,RGB,TIFF,1,1170064,2.5756676557863503,30.7057767780224,28.639511172038453,24.806890905112883,28.05072628505791,28.820405877798134,85041685d68b5e0444ab80ce680f774b8bbb33130906b31712810598f74f50e6,701cfc7838b01838
test/RUSSET/704F3E54-250612-145714-9.RGB.tiff,test,RUSSET,.tiff,1736030,True,,0a8c2166951b20bc298b8df1cb9328e336ef62a45d344e338f26c9a2b318fac2,1884,726,3,RGB,TIFF,1,1367784,2.5950413223140494,30.018921116199635,27.65190848847479,24.16384677697648,27.278225460550303,27.96200622905371,82a95610401f1daed27b8b817fe0ad7708dcc734e72de7cd4e9f3457b49d8604,8c78d83872703830
test/RUSSET/704F3E54-250612-145719-5.RGB.tiff,test,RUSSET,.tiff,1614014,True,,0dc0ea2aca8c2bf52d49aab80a7ba56a8fd1c0e7388049f2f37f0f91542bdf40,1874,713,3,RGB,TIFF,1,1336162,2.6283309957924264,27.813431305485413,26.25848362698535,22.955953694237675,25.675956208902814,26.34692457052363,83b268ba2bdf5bda2cbea8018b8e52248f6dd34489c5df98afefc875921197d1,447cbaa810607860
test/RUSSET/704F3E54-250612-145724-4.RGB.tiff,test,RUSSET,.tiff,1367268,True,,bc1d0c0b950531c8fe4a91d77a460fdcc61aa9f4f3d8cf5726d8e20d50d856f7,1698,685,3,RGB,TIFF,1,1163130,2.4788321167883214,28.79181776757542,27.397265997781847,24.12796591954468,26.772349894967316,27.44153676803109,f5adffa0b09c91dc8d8bc81276c31e267bdc49c623b151a0a3aa09c6358b3a33,5878ec3c62321838
test/RUSSET/704F3E54-250624-140125-1.RGB.tiff,test,RUSSET,.tiff,2011402,True,,4f41d77d5cf09c08d7251e0dc349c4a87a967306a6f4dd903bfb4d10669ddeea,2003,835,3,RGB,TIFF,1,1672505,2.398802395209581,33.93175386620668,32.89854021363165,28.324611884568355,31.71830198813556,32.686043266238364,e6b961cf2d2df0370498cae75bc8e7f8c38785e3e59b4b8ced82a13924e9a742,58fc4d7832583800
test/RUSSET/704F3E54-250624-140129-1.RGB.tiff,test,RUSSET,.tiff,2172244,True,,ab3d30d5c21d315858aea737b56b7df806271e9cdd394f14737654c1acf9b003,1991,848,3,RGB,TIFF,1,1688368,2.347877358490566,38.939657704955316,36.928414895330874,32.35085893596656,36.07297717875091,37.007935116041054,dfc99dc37255a3cd1f6d59f9c93a433c984693b96d394066c640ceb70e5779e2,70f5fc02c2fac2e2
test/RUSSET/704F3E54-250624-140134-4.RGB.tiff,test,RUSSET,.tiff,2004022,True,,e0c655802582e8c7ed7fb077df2dc791fd39bbc0d5be9f39afaf6b703f12ae99,1811,877,3,RGB,TIFF,1,1588247,2.064994298745724,34.86167390840342,33.97989292597436,29.419270428340177,32.75361242090599,33.723634474990355,0f41434b1bebe9b15a494ed93e9829e5382b35eac470e772b61dd84458af3363,6842dcc1e8f84082
test/RUSSET/704F3E54-250625-091227-2.RGB.tiff,test,RUSSET,.tiff,1681398,True,,6b7a915d7039e36165d05f43c897a03a0698e99b2de1c905529cf5fbcaf2e062,1707,766,3,RGB,TIFF,1,1307562,2.2284595300261096,35.183690716004286,34.37590951710129,28.174897251526122,32.578165828210565,33.91052069729771,8db9c5baa512000f144110e614c216e9c972ca456375340b6a811eb24932f124,7078f0c744784ef8
test/RUSSET/704F3E54-250625-091229-4.RGB.tiff,test,RUSSET,.tiff,2070094,True,,e25bfd3bd6c11a9f266052cc508f30f9903d396a237925a73031300a8e50bb1e,1970,810,3,RGB,TIFF,1,1595700,2.432098765432099,35.14747759603936,33.436633452403335,28.561529109481732,32.38188005264147,33.39241395625744,0c8552ede68984c7199c96e1c80d907c27a52a949f03b0c660de74dea06269ad,707cfc820c7008bc
test/RUSSET/704F3E54-250625-091232-9.RGB.tiff,test,RUSSET,.tiff,1941422,True,,73542b9769d37486b3e69f1510b8612e156abfb1b1d89f00b7066018444e6a04,1884,816,3,RGB,TIFF,1,1537344,2.3088235294117645,35.06269839411348,34.361703041089044,28.609527210565755,32.677976215256095,33.91555260696369,9a41f2ddb08b3a9a129473f639141114a157e74a5fb57c8467cde71ee8f4bba9,f0e0c440a8f0e002
test/RUSSET/704F3E54-250625-091234-7.RGB.tiff,test,RUSSET,.tiff,1869674,True,,a5888746a55562d822b7867de5e7e2256ae0a882b4e7c070bf813b258a28534a,1914,783,3,RGB,TIFF,1,1498662,2.4444444444444446,32.059644536259675,28.614631584706892,26.36417417669895,29.012816765888505,29.388138312708268,3e5a37a4409915c03a3a81f7ace0fd658df1f7f0298b6d7b9792368a998ff438,a070c691d092f040
test/RUSSET/704F3E54-250625-091249-1.RGB.tiff,test,RUSSET,.tiff,1721632,True,,4b53f6dd9d422a9ebe24ad200df8892c133628ad57c8ca55dec958131d70b509,1807,727,3,RGB,TIFF,1,1313689,2.485557083906465,34.595108888024484,32.77018533305828,28.132781046351152,31.832691755811307,32.787173387308556,b912937e5dc97b582740495a2786e3999c47ee3074de0156357aec0411233d84,313cf03c78e03c38
test/RUSSET/704F3E54-250625-091300-3.RGB.tiff,test,RUSSET,.tiff,2032898,True,,d97793bd50eed7286b1044c93d90439a3ba57bb4ad89b84bd5f1ca053d16ffba,2005,739,3,RGB,TIFF,1,1481695,2.713125845737483,35.570825304802945,32.770655904217804,26.32657598223656,31.556019063752434,32.873281443886896,b2476c4149cdc9bf9055649db62e4466eabe6ca503ff5361d500f69ae7a4581e,0438fcf4e21e38f2
test/RUSSET/704F3E54-250625-091304-8.RGB.tiff,test,RUSSET,.tiff,1880788,True,,e846ffb345e20c83ff2e584447a9ce1ae64086a6e6f31a48ae909b0b7e49b51f,1995,794,3,RGB,TIFF,1,1584030,2.5125944584382873,30.67642658282987,29.48042398186903,25.682098192584736,28.612982919094545,29.40501961957791,ac4c0d995a35cd62f49a74d1ee95c78cc612c7406fa2c0da9d0b08c2733ca597,e060c281d1201022
test/RUSSET/704F3E54-250625-091306-6.RGB.tiff,test,RUSSET,.tiff,1850914,True,,5c6fb0e286e6ff4401c9f7691bc8f017a04c141e59e57cf003876094d69a256a,1885,784,3,RGB,TIFF,1,1477840,2.4043367346938775,32.91632450062253,30.693068261787474,26.477984084880635,30.029125615763547,30.877302281031774,56c49e247426e785ca65137554188323e0e9eae1449ee31944d3ad10f03d02c9,50d8c20472b82068
test/RUSSET/704F3E54-250625-091310-3.RGB.tiff,test,RUSSET,.tiff,1896178,True,,77926baa9c46e6b90f396890e9c8aba9ca6b23297a6becd9415d0aec1e06c42b,1851,802,3,RGB,TIFF,1,1484502,2.3079800498753116,31.618699739037066,29.66582598069925,26.484987558117133,29.25650442595115,29.887119654267895,236e8f8df1ea2a47fd7c9039f38f3a7bb802c0028242af4c4177f9ff6a137058,18701e3804803838
test/RUSSET/704F3E54-250625-091315-2.RGB.tiff,test,RUSSET,.tiff,2350632,True,,4f829d42052cd148302d2346a156853d7c6f6c37ff4010a61c6830753acf3e87,2132,865,3,RGB,TIFF,1,1844180,2.4647398843930635,35.5021792883558,34.61741424372892,30.08209556550879,33.400563032531174,34.364932662755265,f75a9b097559b535981389b88301f6367cfeb182233465668c5ba5aa8e81965c,68e0c656608020e0
test/RUSSET/704F3E54-250625-091321-1.RGB.tiff,test,RUSSET,.tiff,2552222,True,,d53860176a0aaf464db1ade02fae99501e8442bd7fc5c041983972bc769055e0,2139,844,3,RGB,TIFF,1,1805316,2.5343601895734595,39.37069299779097,37.89768550215032,31.176241721670888,36.1482067405374,37.57187015237221,b1cd55f9c1ae02dcf67d7b01b29005ddec0693d9166313f9db7d53914ad72648,e060e17870c47878
train/PICADURA/1.RGB.tiff,train,PICADURA,.tiff,1648684,True,,b6b631978ed4c35da7054b35447b4991b97e4dcdab4a2d10cdfa6def2205a556,1800,722,3,RGB,TIFF,1,1299600,2.4930747922437675,27.414950754078177,25.8631594336719,21.031099569098185,24.769736585616087,25.77629021391197,088ba5e5ed52df9a94d767f3234bf406efb944e79223e0dd6611f04099072b34,70a0646168703028
train/PICADURA/2.RGB.tiff,train,PICADURA,.tiff,2069900,True,,f2516812ee050d4fe70d125bebab2c2334daa2a6e6e89242979ac359a2d2dad4,1973,807,3,RGB,TIFF,1,1592211,2.4448574969021064,30.453951140897782,28.651311289772522,23.46103437295685,27.522098934542385,28.598609036741987,d618f1c227eb8f1dee71b073510d2c3b0d101ada2fafdf12d73f5257c7604ee6,98707c7824687028
train/PICADURA/3.RGB.tiff,train,PICADURA,.tiff,1661748,True,,b774a894ea48b3243f404e00487b113a419d851e4cce569295fccb4897ecb263,1762,730,3,RGB,TIFF,1,1286260,2.4136986301369863,27.918632313840124,26.436139660721782,21.164674327118934,25.173148767226948,26.27845791597344,233b0285297601a0c82f87e4168736eff51b14e52e466dcbc699a55c0c0c4e69,61e036608c486088
train/PICADURA/4.RGB.tiff,train,PICADURA,.tiff,1447012,True,,6b3d38535351272216289e87ab1550a3d2b3521a2c5ed9519252f9cb4c685fb5,1744,680,3,RGB,TIFF,1,1185920,2.5647058823529414,25.606765211818672,23.860609484619538,20.19739527118187,23.221589989206695,23.965103626720182,42df64897aa6936d16b272b28c40f143f5fed6782a148738b7ab34df1c4b09b1,62666c6830222806
train/PICADURA/704F3E54-250505-141714-1.RGB.tiff,train,PICADURA,.tiff,1629532,True,,4c1846fdbc618438336e5991c3e37bf0b06e4ab19dfce71b8aa913eef078fa9c,1798,708,3,RGB,TIFF,1,1272984,2.5395480225988702,30.90517005712562,30.187938732929872,24.412705894182487,28.501938228079325,29.7440143552472,56f3f3e5fd787628b1795ebdd629495586638424f2e5ef050897ceeffa140e6a,701dfc78a8b818b8
train/PICADURA/704F3E54-250505-141806-8.RGB.tiff,train,PICADURA,.tiff,1625812,True,,e32bce66d5ad6b53715f6413a9f0f8b3712d5f03543a459e244819d253301e5a,1871,688,3,RGB,TIFF,1,1287248,2.7194767441860463,32.43907156973637,31.785853231079017,26.279651628901345,30.16819214323891,31.353458531689306,1fd987c263ac8abe86b213dce28006bb83710a8dd51e82738c2e4baae3ba99f5,623c6e3cbc903c3c
train/PICADURA/704F3E54-250505-142111-7.RGB.tiff,train,PICADURA,.tiff,1555580,True,,a5c739a67eba995b10c1e7c294f1e06cb882f474eecfaa6160a9cf5e4ecac09d,1866,679,3,RGB,TIFF,1,1267014,2.748159057437408,30.394713081307703,29.52544091856917,24.368440285584846,28.09619809515391,29.19745522306778,ea446099b2d9bfaaf2d495591adabcf408fff276ede20aaf83c9128bbe1259b8,40e0c2c1e1b4c0c2
train/PICADURA/704F3E54-250505-142416-9.RGB.tiff,train,PICADURA,.tiff,1591940,True,,49b01aec7c6a48ba1705e2501679fe75a6cf02e845404df439f8df37941cc5ae,1885,679,3,RGB,TIFF,1,1279915,2.776141384388807,32.734355015762766,32.06856080286582,26.597313884125118,30.46674323425123,31.643911123785564,256dc28350a7c3dd40a238b68a248182f548104610786317d7ec7fb20599685d,c40eba0f71040ea0
train/PICADURA/704F3E54-250505-142557-6.RGB.tiff,train,PICADURA,.tiff,1693218,True,,3cac694711dcbf014f7407ee3f346737b264451d0a8f0c2f2ad8db4a9a993fb3,1899,754,3,RGB,TIFF,1,1431846,2.518567639257294,29.116029936180286,28.14748373777627,24.262810386033134,27.175441353329898,27.994226289000352,a89bf3d8afa43327b2cec7a5ac0821b3aeec5a4caba4b5ff0f6f63e4c4d5c3c6,3123924446cc220a
train/PICADURA/704F3E54-250505-153013-0.RGB.tiff,train,PICADURA,.tiff,2034196,True,,b67ae8bbbbdcf4004b8cf3aadff63f7faf8be539224494f560ed85ec850f9314,1984,858,3,RGB,TIFF,1,1702272,2.312354312354312,33.675196443341605,32.83542994304083,28.82897092826528,31.779865771549236,32.62978379894635,4fb48db1a12c4b38f135ae6584acbab5b7310aafe5aaa2b39467c9dd301d20a0,6870740b617030b0
train/PICADURA/704F3E54-250505-153257-8.RGB.tiff,train,PICADURA,.tiff,1667216,True,,90adb35355089a4359668b3880301641652d4a1625e231b7a0142adc651a273b,1786,766,3,RGB,TIFF,1,1368076,2.3315926892950394,34.057113786076215,33.47138243781778,28.336221087132586,31.954905770342194,33.06110771696894,1e34f5178407809572cc29cee1c02850dac025c0bccf88c2c4943f1e34f8a482,61a8c260a0e26068
train/PICADURA/704F3E54-250505-153301-2.RGB.tiff,train,PICADURA,.tiff,1923658,True,,c1da653c10821dbe22123a39d1b0f6bf60e75b82cba712de8eeee720a0f5d976,2000,796,3,RGB,TIFF,1,1592000,2.512562814070352,32.793601130653265,31.89134108040201,28.250251256281405,30.978397822445558,31.746032595477384,1ebadab4fc20455ca7360a6c5bdf1ef13cbc7a31ba4c29a408fdc8308fe44f75,e0f0eee1286260b8
train/PICADURA/704F3E54-250505-153307-5.RGB.tiff,train,PICADURA,.tiff,1417606,True,,e7edb62a327bbfc0a03d90b33c58efa4152c53f07b0f404f19e97590a7702df3,1780,677,3,RGB,TIFF,1,1205060,2.6292466765140325,30.933443977893216,30.28566295454168,26.283774251904468,29.167627061446456,30.023134168423148,b4f7c6372e1b4c64016b42d088d685921fd6d1711f416e270f63c2a8916c0417,6072c26862c07002
train/PICADURA/704F3E54-250505-153319-3.RGB.tiff,train,PICADURA,.tiff,1906518,True,,129593e820913c25bdecf4429fea030e73381d2ea3739816e2587ac82889e2aa,1988,801,3,RGB,TIFF,1,1592388,2.4818976279650435,32.07151209378619,31.297983280456773,26.80158164969844,30.057025674647132,31.016678609735816,739438513d4bb6302da6d6045040c6885b906b72e1d8a0b7ac3a5609a0f49931,18781e3072703864
train/PICADURA/704F3E54-250505-153324-7.RGB.tiff,train,PICADURA,.tiff,1545650,True,,cae66643805e3c07187ab6fce3616c9ae27bda732cddd85b5d530274e286d269,1774,739,3,RGB,TIFF,1,1310986,2.4005412719891748,30.248634234080303,29.196835053921248,25.42530126179837,28.290256849933304,29.081368156486796,99d767c48d01ce987f828653bc5ea6236725661052334c1750296ce4a13056a2,e4365be01a266026
train/PICADURA/704F3E54-250505-153327-4.RGB.tiff,train,PICADURA,.tiff,1893792,True,,cae1dbe4c93ce9fd01b949dfe4e1839e325d8d31891d898ff64c1c005e2756aa,2062,752,3,RGB,TIFF,1,1550624,2.742021276595745,31.9217566605444,31.499011365746952,26.21435499515034,29.878374340480566,31.022961382643373,5367ee9aaf7b3fc9f53435ae50e6232472b7c16a18d9ad902cd2685330d13336,3c3ede5c091e3840
train/PICADURA/704F3E54-250505-153328-6.RGB.tiff,train,PICADURA,.tiff,1629946,True,,0ad45454b240cadd759df552888f8f1cfc71dd0decae2353faf6a6a4bfc07fdd,1886,707,3,RGB,TIFF,1,1333402,2.6676096181046676,31.92915414856135,31.44247946230769,26.24049986425699,29.870711158375343,30.994969519319756,5fc036b1876ec9b38d24bcd6bb9b957e3f21efebf9955a2119eb95d2de87f187,69f0f28290606080
train/PICADURA/704F3E54-250505-153332-3.RGB.tiff,train,PICADURA,.tiff,1743630,True,,8a42e14f7460cd7ace0f260dd168a5ce5677eda06c9c4689b553523bd08293bf,1955,762,3,RGB,TIFF,1,1489710,2.5656167979002626,30.16582891972263,29.555216115888328,25.79262541031476,28.50455681530857,29.308854003799397,fb90686e37f0b9d53cbd618b4abdb440da734bea503b2d82bad261abbd2fb385,68005cfca4f210c0
train/PICADURA/704F3E54-250505-153333-4.RGB.tiff,train,PICADURA,.tiff,1529292,True,,269f93d732ff8a7dfea78f8d4296cac34e4e9d37f158b3dcdd10e5b81cd8a02f,1846,713,3,RGB,TIFF,1,1316198,2.5890603085554,28.570695290526196,27.96611148170716,23.550879123049874,26.695895298427743,27.64354555165712,3e39c76b5da1b9cd17fd2efad9324c1710419667b8e10104c120ab73ff622ad3,62f0767018607060
train/PICADURA/704F3E54-250505-153337-0.RGB.tiff,train,PICADURA,.tiff,1827384,True,,5f351969ffc9afb048cff044413222a9a322e1a8a9a6cc3e1e4957036f6e4105,1966,763,3,RGB,TIFF,1,1500058,2.5766710353866316,33.82458411608084,33.65564598168871,28.504923809612695,31.995051302460748,33.118976156255286,3bc56be686f9e93dd8e790ca10fc0a30ecdda606917440300029d5cf63439b90,701cfebe3c903c3c
train/PICADURA/704F3E54-250505-153338-2.RGB.tiff,train,PICADURA,.tiff,1181840,True,,49f08ea7b1da1608816ec848fc7ba9ca07870e47588e81df122911f566076132,1577,628,3,RGB,TIFF,1,990356,2.511146496815287,26.732790027020588,25.81605099580353,22.438459503451284,24.9957668420918,25.705110536009272,760974074aa3c0a0f30fda1f3b54bd3efdc34b04739560ef6ab42225a0b6f619,1870be7060027030
train/PICADURA/704F3E54-250505-153348-9.RGB.tiff,train,PICADURA,.tiff,1781936,True,,05bff7c759ca68c6b59941460b16b990310f41a7db48f14b8fe194432088cdea,1903,779,3,RGB,TIFF,1,1482437,2.442875481386393,29.769674529170548,28.69727887255917,25.66694706081945,28.04463348751639,28.672467347347645,eae30e4bba6fc1bd7955814fc014ed1d37c4d6d55c9d51daf49b9cf4cbaad8ca,38863c29644c1220
train/PICADURA/704F3E54-250505-153350-7.RGB.tiff,train,PICADURA,.tiff,1485178,True,,f36dae9c55c3eb9a5ab0312d98d3e8da4edde80d0bd30860c107b20d46871c6f,1722,740,3,RGB,TIFF,1,1274280,2.327027027027027,29.564902533195216,28.8116944470603,25.084417082587816,27.820338020947776,28.61199404526478,36f37373bfd7eab5da7f9e300e7c7a2b8330861b02160a180f8277ec5b3755a8,6cd37e01a08a8000
train/PICADURA/704F3E54-250505-153355-7.RGB.tiff,train,PICADURA,.tiff,1629280,True,,c60875e3430a46a55afa702e72abd9f0f4ea9c5e643a7532157310395d9e0823,1776,755,3,RGB,TIFF,1,1340880,2.352317880794702,30.438942336376112,29.712735666129706,25.429541047670188,28.527073016725335,29.441587274028993,5032058345a597bfd0a096ca95ae76ff697513008fb8e879f48f87de3ffd4b0a,f060e0e6513062ea
train/PICADURA/704F3E54-250505-153357-6.RGB.tiff,train,PICADURA,.tiff,1806484,True,,506ccd49fe9b093d53b673a82a147864c12b9b26f9089d98ca112e3cf99682c6,1950,773,3,RGB,TIFF,1,1507350,2.522639068564036,32.36205128205128,31.93535807874747,28.123780807377184,30.80706338939198,31.628419537599093,ede9ff5877db72eb8b43fa0656f7d85675fdb8b2ce7c411708992258c3c71e09,828002fa7080b880
train/PICADURA/704F3E54-250505-153403-0.RGB.tiff,train,PICADURA,.tiff,1348724,True,,6e31d4e7792343ce212b95f86073a9232297e633bf4cee1a15b1d74286739a85,1810,652,3,RGB,TIFF,1,1180120,2.776073619631902,27.749759346507133,27.101127851404943,22.61517133850795,25.822019512140006,26.783669625970237,755fe0ef4daa8acb3e8a0439c9f701247d3b28e0f3f82b6e810098a5e4ca18ff,60d8e2f09090b030
train/PICADURA/704F3E54-250505-153404-1.RGB.tiff,train,PICADURA,.tiff,1548482,True,,201b8e47e6cc063d5721950abb4348ad5546b68111324756523129d706008b2b,1806,732,3,RGB,TIFF,1,1321992,2.4672131147540983,29.427517715689657,28.694018571973203,24.82358138324589,27.648372556969587,28.472104976429506,bd9771e9eee1edbefc07e9db4e458d294b46ea2d59359644022ed6a285521f7d,50e87c4034505282
train/PICADURA/704F3E54-250505-153409-9.RGB.tiff,train,PICADURA,.tiff,1466876,True,,32d65badd6cc0e08cbdf473779cedacb4ebdacaa84d7a7c56dfbb663cdf2b479,1803,680,3,RGB,TIFF,1,1226040,2.651470588235294,29.135305536524093,28.39110061661936,24.26632899416006,27.264245049101174,28.143393922710516,54a214dc83a78dad3a062509973bf897de18986d69c7f21072cabced610f4cfb,98f076f0643070f0
train/PICADURA/704F3E54-250505-153417-5.RGB.tiff,train,PICADURA,.tiff,1729096,True,,94c890bfd23a6bc6d2e8b535fc970df2d4986bc6722528bb7c9787e81f497092,1837,777,3,RGB,TIFF,1,1427349,2.3642213642213643,35.1681368747237,34.917801462711644,29.85955782362968,33.31516538702167,34.416011976047905,4e90dfd28a70ccb671c64220f307104b8b8d6c75696d17401a631f4b59e022a3,767e3a80003e383a
train/PICADURA/704F3E54-250505-161506-1.RGB.tiff,train,PICADURA,.tiff,1536058,True,,5364c1e74f2d0b9574bde8a8be213af9a00741f9f63f3277597061c92d3e6a91,1916,691,3,RGB,TIFF,1,1323956,2.7727930535455863,30.391013749701653,30.022569481161007,24.997568650317685,28.47038396039345,29.559884222738518,7375dded30a317b7fe5523c642e1fe63f2929c269832dab6c4d1fe65310de53b,7082fa704c10100a
train/PICADURA/704F3E54-250505-161507-6.RGB.tiff,train,PICADURA,.tiff,1570142,True,,7fb12f8c6b97b5ecce6b969f41e066a9eb9b9184b32d76802fd75888060e523a,1804,722,3,RGB,TIFF,1,1302488,2.4986149584487536,29.55301238859782,29.323838684118396,24.522461627285626,27.799770900000613,28.845004637278805,bac73dd945be5a36667e3a356928a328a832adbf5d83b75dcb1e53aaffd7f71c,64e036f1b070e0b0
train/PICADURA/704F3E54-250505-161528-2.RGB.tiff,train,PICADURA,.tiff,1636414,True,,93e734994a4b274e6b1212783891247099a73bfc52faa6164304adda4e55df07,1718,786,3,RGB,TIFF,1,1350348,2.1857506361323153,32.511887306087026,32.65574059427644,26.509730824942903,30.559119575102127,31.91208334740378,463ca221ad9e712f0de9f48052720cf7a6ae4a316abae9e40a93a0a716eaffb0,b07070e0c17060e2
train/PICADURA/704F3E54-250505-161537-7.RGB.tiff,train,PICADURA,.tiff,2268256,True,,c0f31b1dcc5d7a58ec283580ca36de01729918e5e3fac92030418b0b4b990789,2188,838,3,RGB,TIFF,1,1833544,2.610978520286396,32.65326875166345,32.035623361097414,27.796244867862455,30.828378993541108,31.737010184647872,432b449bc38067894f4b262231566086b0ec4306c5079fa79c5ce04e7afc850c,f26ee2e0605640d2
train/PICADURA/704F3E54-250505-161555-0.RGB.tiff,train,PICADURA,.tiff,1471318,True,,ddb6c2a3d8f721e8ed3d73bb27ab47b3891c48da8263c8f5256e5ddc6887b5c3,1863,682,3,RGB,TIFF,1,1270566,2.731671554252199,30.87424659561172,30.24956908968129,26.266043637245133,29.129953107512716,29.982225762376764,50962e7f15088b98112dc5bca4e280f6094f44f31258d984bf6127d1e4cc1bdd,c4e6cac03940c020
train/PICADURA/704F3E54-250505-161611-3.RGB.tiff,train,PICADURA,.tiff,1792246,True,,792104bdc0a744090b4a2c6ebc8c6be335c192ee7a5414482cde5291c819d73b,1988,756,3,RGB,TIFF,1,1502928,2.6296296296296298,31.128558387361203,30.700392167821747,25.850207727848574,29.22638609434384,30.275492841307102,8a549d9f5a3e71d9e3d5d3035af2e097d540faa2769b9a2549eff3f77af00347,e2c23af13846e2e2
train/PICADURA/704F3E54-250505-161632-3.RGB.tiff,train,PICADURA,.tiff,1358256,True,,d3dcbe4d4d86be9e4db706a315f44525a669ce1e0ab64613883afbc3f04ba283,1659,687,3,RGB,TIFF,1,1139733,2.4148471615720526,29.22101667671288,28.738187803634712,23.868940357083634,27.27604827914374,28.32745942777826,e8026ea2024f1d8012e18563b1bca0961ed21dbc2b7dd6651255f32b8e485009,185ccc1c64183c80
train/PICADURA/704F3E54-250505-161638-8.RGB.tiff,train,PICADURA,.tiff,1263206,True,,638ce50198728d1c2afe9fdeaa1ecdb1749433e48d70399db284408242bb706b,1616,666,3,RGB,TIFF,1,1076256,2.4264264264264264,25.9010941634704,25.28598028721791,21.298282193084173,24.161785547924165,25.01530175348616,e09f9bc0c47c27e86518ce460729c636766aafac06df2df3c9ee96e5d776a182,301c1c7c48183838
train/PICADURA/704F3E54-250505-161639-6.RGB.tiff,train,PICADURA,.tiff,1697606,True,,c59206c157e7cbd78f6cda232ccf085afa31a189bbed4d4eac03707f99b6cade,1931,769,3,RGB,TIFF,1,1484939,2.5110533159947983,30.971046622117136,30.23547903314547,26.605001956309316,29.270509203857312,30.041539355488673,5b5c0716c3a2026ba4f3d2c8385799f43f8ed4b1321175a60784c9e8a96d183b,46f08d0d1898241a
train/PICADURA/704F3E54-250505-161642-2.RGB.tiff,train,PICADURA,.tiff,1837922,True,,b6cd2b7845acd8760ce5eb1c731d5907657f28d7bb158cbc4a6cef0c4ec6b629,1959,805,3,RGB,TIFF,1,1576995,2.4335403726708074,30.050439601901083,28.948503324360573,25.915572972647347,28.304838632969666,28.932228211249875,09a824ffa72f6660939074cece8336017c201e65d29c6a92204005dc3fe01fbf,487c3e603868306c
train/PICADURA/704F3E54-250505-161643-1.RGB.tiff,train,PICADURA,.tiff,1555772,True,,34de79387f348403bd9ec8c5626d07fa74cdab0d34d7a3811af944da04cd70da,1867,721,3,RGB,TIFF,1,1346107,2.589459084604716,29.054450352015106,28.202194922097576,24.421317176123445,27.22598748341204,28.02599923260187,e471c605b5e4f67533a43eaf94a73665cb485985bc6296a2b9ef4abcd8ef5a4c,9ca4bc1e22321e32
train/PICADURA/704F3E54-250505-161651-2.RGB.tiff,train,PICADURA,.tiff,1499758,True,,8c91de3f5f0dfe4f4d962debe3031a2d89c338f64fd63203e5365c50543e5370,1798,712,3,RGB,TIFF,1,1280176,2.5252808988764044,29.417537901038607,28.571521415805325,24.88349492569772,27.624184747513883,28.404045325017808,15cf543c2ff9dc5934b5eaa1a54d4383869686852c058dbbc487bf48ff5c56f7,f8c1f21626d0c292
train/PICADURA/704F3E54-250505-161703-8.RGB.tiff,train,PICADURA,.tiff,1450384,True,,6ca7d032d16572e14ef0c70fb34a33eb804c755d41e78fdefcdbeae7979b304e,1751,668,3,RGB,TIFF,1,1169668,2.62125748502994,32.586870804365,31.958495915080178,25.617298241894282,30.05422165377982,31.423483472233144,a2744ac6317ea98bf12f82b195f1149444eb6add9b1f1a8cca16ec902128ef4d,d0e054c35406e042
train/PICADURA/704F3E54-250612-145719-5.RGB.tiff,train,PICADURA,.tiff,1614014,True,,0dc0ea2aca8c2bf52d49aab80a7ba56a8fd1c0e7388049f2f37f0f91542bdf40,1874,713,3,RGB,TIFF,1,1336162,2.6283309957924264,27.813431305485413,26.25848362698535,22.955953694237675,25.675956208902814,26.34692457052363,83b268ba2bdf5bda2cbea8018b8e52248f6dd34489c5df98afefc875921197d1,447cbaa810607860
train/PICADURA/704F3E54-250624-135335-6.RGB.tiff,train,PICADURA,.tiff,1989550,True,,a9ac3f17be6aae99eb96770e4137fb982e1fe089fd8e04ee857643afcc7d3540,2030,792,3,RGB,TIFF,1,1607760,2.563131313131313,32.70395146041698,31.907719435736677,26.925853983181568,30.51250829311174,31.577860149524803,9d485e4255dd6704c437c8851bc147a39c95da338c77794e7f4a377099a43961,d8020e8166408202
train/PICADURA/704F3E54-250624-135647-6.RGB.tiff,train,PICADURA,.tiff,1973166,True,,b001845771ce5f672054afe3890560c40bc5cb008f0d046d408bc5b2d2179091,2013,815,3,RGB,TIFF,1,1640595,2.4699386503067484,33.626757975002974,33.00318055339679,28.442967947604377,31.69096882533471,32.6697659653967,48fc0f94564a59e016908690aae7595f8af1f6e27156ec25a72774c57edc18a8,d9c789c064e6c262
train/PICADURA/704F3E54-250624-135726-0.RGB.tiff,train,PICADURA,.tiff,1959218,True,,8831066275c428cbcc573f5ea9cf1028bbbdd5b46fffb06f3501b51ef54a8c24,2064,752,3,RGB,TIFF,1,1552128,2.74468085106383,31.01578671346693,31.04724417058387,24.769810866114135,28.94428058338831,30.322210994196357,63c1052ed291b42bdf6e3c54fffe2e98d8f64156fe6a5e84bc18ae85ee1e82e6,303c7c3c38083c38
train/PICADURA/704F3E54-250624-135728-4.RGB.tiff,train,PICADURA,.tiff,2153024,True,,379b8688ef47399ceb90a4aaef4cb8185ed3cc6fe9ff64b2631260186be732e9,2144,814,3,RGB,TIFF,1,1745216,2.633906633906634,31.035371552862223,29.70268723183835,26.13008876838168,28.95604918436075,29.693883618990423,252ad02757cf3d33b03ba2012f9205d4fde3d78f78115df8ce5712a07c22be05,b898d67022203818
train/PICADURA/704F3E54-250624-135805-5.RGB.tiff,train,PICADURA,.tiff,2007354,True,,21b9d2473020f52c10a399fb6bb012da0976ce1206162e2b160e7b90e5ffc02c,2061,790,3,RGB,TIFF,1,1628190,2.608860759493671,30.743574152893704,29.845978663423804,25.499678170238116,28.696410328851872,29.618881458552135,cb29b00b8706fbf163cae9b83d9171e51c545b7b261556a7d22853f1ddac5d6f,c0c0203831303050
train/PICADURA/704F3E54-250624-135849-1.RGB.tiff,train,PICADURA,.tiff,2080796,True,,b051e3fccf0af0a7064fbb1c9bbfb97c4007760837143419e2b48907e5e17d92,1943,843,3,RGB,TIFF,1,1637949,2.3048635824436534,33.20760048084525,33.388690368259326,27.697094964495232,31.43112860453327,32.685702615893405,b6805dafd4c286507d7fa7cdb0269db3a6404f147ea92fd1ec91ab8f6df61319,4da00e0338028050
train/PICADURA/704F3E54-250624-135853-6.RGB.tiff,train,PICADURA,.tiff,1994804,True,,6acb75906cef3304dec15fb0e66164700b2a2667c76da0848baf308e3898b537,2014,837,3,RGB,TIFF,1,1685718,2.4062126642771804,31.14210739874641,29.69061254610795,26.60098723511287,29.144569059989077,29.772392221593407,14184d59e4a3aee038f495e319a6a755d8cd71070ac9f720497fc43ed707030a,c078e0e464b212c8
train/PICADURA/704F3E54-250624-135955-2.RGB.tiff,train,PICADURA,.tiff,1899170,True,,939bc132838b957becaa5c5d008553c2e51ea4ca62d4a8b61d37bc76cb6d53e3,2012,791,3,RGB,TIFF,1,1591492,2.5436156763590394,31.580625601636704,30.87835251449583,26.3866315382044,29.615203218112313,30.57627597625373,cdb9bff399102b5d4723c77159bb02f50cfbbee1f3ab8871e4ab75232d4556f6,c8e0c0c061b0c0c0
train/PICADURA/704F3E54-250625-091238-9.RGB.tiff,train,PICADURA,.tiff,1992694,True,,ea4078aba82657002a61cfcfa38006da0154065ebb9c475731b83c813cf83d04,1932,834,3,RGB,TIFF,1,1611288,2.316546762589928,31.718003857783337,30.825900770067175,27.007962574040146,29.85062240063022,30.657394638947228,9bf09c3261a65f569620d07ee9ba351dbf30c328d6a589d9c3d4a9e7f68b0903,2550a7ebc8ca80c0
train/PICADURA/704F3E54-250625-091244-1.RGB.tiff,train,PICADURA,.tiff,2039288,True,,f6f6ab8b98097bedf61b80d7912b179648a2f6e02b46e2f2d5f2273ad2193ce5,1912,851,3,RGB,TIFF,1,1627112,2.246768507638073,34.23089252614448,33.46753327367753,28.932159556318187,32.2101951187134,33.17874508638618,02692b5abeb8fb2121090d22b869ee7811cc0fb81912f8b5ee28d45ecadb501b,7032f0f0f07870e0
train/PICADURA/704F3E54-250625-091308-7.RGB.tiff,train,PICADURA,.tiff,2043256,True,,50be58cc864b792ff1009cf380dbd29b8bfa34fc28a8c7fc7134abcdd5085522,1983,809,3,RGB,TIFF,1,1604247,2.4511742892459827,35.15198158388328,33.97452885995735,28.98406292796558,32.703524457268735,33.75767410816414,2b3b0ca0328d0f7f1e13a0967e1117a778abb4bc6935b6dfbe89b621dc104ee6,302ce47c98d83e1c
train/PICADURA/704F3E54-250625-091331-4.RGB.tiff,train,PICADURA,.tiff,1765816,True,,412cd727e7bb08c322bc653ccb6c6e041de4210e0fc47e17e61f137956ad91c2,1821,776,3,RGB,TIFF,1,1413096,2.3466494845360826,32.14737003006165,31.602603078630185,26.296588483726513,30.015520530806114,31.16060273328917,6126460569a1aa3a38744b41f06ccd8f3dea2bb9fcf885dcf2cead6f2011331a,a18fd0c060e2cb52
train/PICADURA/704F3E54-250625-091338-2.RGB.tiff,train,PICADURA,.tiff,1830148,True,,e5b19dff691902621a8e3403cd19fa3852752b56cac79553c00d9206af10cd65,1883,781,3,RGB,TIFF,1,1470623,2.41101152368758,32.23464205306187,31.095204549364453,26.986818511610384,30.105555038012238,30.967540354666017,a0f2dc7e67d70f688df1d3e1c5a21ea24a4d3b6c9e916b48545de5101640b2de,7860687c70305060
train/PICADURA/704F3E54-250625-091403-2.RGB.tiff,train,PICADURA,.tiff,1474132,True,,028bc3f8d26603d57fff7d228c5dfb74e6d81d293c5d9d609a54cbef1b7430c3,1733,754,3,RGB,TIFF,1,1306682,2.2984084880636604,28.675388503094098,27.68667434004601,24.942949393961193,27.10167074570043,27.669515230943716,f6e07b954ab07ade66567cbfb9e8dac858f2ffd34f366f45b23af3e027ffe514,98c8e66867886280
train/PICADURA/704F3E54-250625-091432-4.RGB.tiff,train,PICADURA,.tiff,2063178,True,,6ea9aae492665b7dea505c18742b7230509b10d85a85bf7744570805e9a76e8f,1957,859,3,RGB,TIFF,1,1681063,2.278230500582072,32.18695313620013,31.59682712664546,27.412436059802637,30.39873877421608,31.29625422188223,6fb9524f22cc84e5eacf1f588fd3d053f0186621d8f4f80bcde4b02b93c3af29,69c4f1f1c0c060e0
train/PICADURA/704F3E54-250626-152121-8.RGB.tiff,train,PICADURA,.tiff,2120398,True,,1b6b21b7a19ef8b70ab0361daa7faebe41d218cf8a478b809c9cac95d78cfe8a,2025,820,3,RGB,TIFF,1,1660500,2.4695121951219514,31.095959048479372,29.622721469436918,25.448697380307138,28.722459299407813,29.587380759409815,2294f28a6da434a646531fcb59741751093cceb128de9c8b0b281424ba33e451,a0101860601a30d0
train/PICADURA/704F3E54-250626-152129-4.RGB.tiff,train,PICADURA,.tiff,2384112,True,,8dbd40ad6143009620fbfcd281f1976d491b9b28fac40714977124b9f9119428,2162,859,3,RGB,TIFF,1,1857158,2.5168800931315483,32.23377009387462,31.061024963950295,27.37306195811019,30.2226190053117,30.991247975131895,71834e6aee57a8df746c548e29ba47c9bcec8e226770ac166d75721c9861d396,3078f0604cec3010
train/PICADURA/704F3E54-250626-152134-1.RGB.tiff,train,PICADURA,.tiff,1816560,True,,2fe85fba8c50c7e82df07641cab9f9337fbbbb0d01e759130036ba7c7686ffb3,1814,813,3,RGB,TIFF,1,1474782,2.231242312423124,33.273685195506864,31.542499162588097,28.37995446106611,31.065379606387022,31.6995936904573,39a0307957dd86d164060d1ac7015bae1d693ad91b34be8cff5ba5363385c3fb,4ce0ce3db43a6818
train/PICADURA/704F3E54-250626-152136-4.RGB.tiff,train,PICADURA,.tiff,1928122,True,,14bcf87a9c3b3003db29807b7b6503621b185a3af11cec44903865b005d86a34,1989,800,3,RGB,TIFF,1,1591200,2.48625,32.91383798391151,31.8309942182001,27.639091251885368,30.794641151332325,31.67688756598793,7a41fb90f80a14af3079e6f1c7a1e3560a8f801939cb940dac6428d52b949bef,707fffc040387038
train/PICADURA/704F3E54-250626-152140-7.RGB.tiff,train,PICADURA,.tiff,2021218,True,,fc6d8b8d2ea1f545b6dc10fad2afe84afa569c566683cb39f228357384323726,2009,811,3,RGB,TIFF,1,1629299,2.4771886559802714,34.53369946216134,33.475726677546604,28.822195925977983,32.27720735522864,33.26155803446758,1e68e6980a291037117528456371591e0d1ab83e4474955bedf39a3f1490e9b8,6860f01f60e00a40
train/PICADURA/704F3E54-250626-152141-6.RGB.tiff,train,PICADURA,.tiff,1485300,True,,6327a5c1e1b2e7db4ee94058e070aef5f8543551118f4c848f47e0926f2a4103,1645,748,3,RGB,TIFF,1,1230460,2.199197860962567,29.381262292150904,27.647478178892445,24.206186304308957,27.078308925117437,27.77357235505421,4ef85874ca1f5d83223e8ea34ced1a8dc7782fef50b30dee1dc04f1973d2d9c5,3170086044207070
train/PICADURA/704F3E54-250626-152142-4.RGB.tiff,train,PICADURA,.tiff,1543030,True,,6a17e9f5f6549591954099ec9d7eee38d1bf843fcb0959217c0a090756ff3187,1919,690,3,RGB,TIFF,1,1324110,2.781159420289855,26.658340319157773,25.598049255726487,21.74293525462386,24.66644160983604,25.475593287566742,b696a61e59cd451ea5fd032ec53b5e9a81b56e90b6d0dc2b0492a3e9e1ae2650,d87ebc282c503818
train/PICADURA/704F3E54-250626-152146-0.RGB.tiff,train,PICADURA,.tiff,1601812,True,,38d6871d7c74e2bc1021dc844d3392a8786fb6dd3381aa5a8e2684fb32204901,1788,744,3,RGB,TIFF,1,1330272,2.403225806451613,30.93344819706045,29.72897798345,25.712069411368503,28.791498530626317,29.631187000102233,5e7f0853c1f4fd4e55bc2b400169d56a85297a89846839b89d10c24be006a086,51387870f07038f0
train/PICADURA/704F3E54-250626-152147-0.RGB.tiff,train,PICADURA,.tiff,1863990,True,,28df14c44ddeac8bb4f8f97e651884d202a5df3021de6d6bd4cb5704faf94a72,1946,787,3,RGB,TIFF,1,1531502,2.472681067344346,30.905569826222884,29.920259327118085,25.419455541030963,28.74842823145731,29.701775534736488,1e360384d62aa181bb03527baf7674fe8d8ce3f43ff086f0333563acc3438694,f178c0a024783870
train/PICADURA/704F3E54-250626-152149-9.RGB.tiff,train,PICADURA,.tiff,2018108,True,,6e2cb50cb7ac8808702c7bfd198aa548a0f519688342433e2086886643a4c32d,1798,888,3,RGB,TIFF,1,1596624,2.024774774774775,36.16375990840674,35.05726457826013,30.25438174548297,33.82513541071661,34.84057803903737,ea12cb8edda8bb5b2f32a7ba589e17360a10de1d0c75ce3a4043326284e6d78b,6802b611b8f20822
train/PICADURA/704F3E54-250626-152153-5.RGB.tiff,train,PICADURA,.tiff,2888634,True,,e3282ee2df17ff05f68bc271af7feb95ef7b98e77383127225d6116746349fa8,2359,927,3,RGB,TIFF,1,2186793,2.5447680690399137,38.83342044720282,37.439230416413444,33.33674746535223,36.53646610965617,37.38841017919848,4682be43e028f168ad1eb8004e8e9388a3d4047501895df0036f70cb052a90f5,40c0303d383830c0
train/PICADURA/704F3E54-250626-152156-7.RGB.tiff,train,PICADURA,.tiff,1484970,True,,e51580186abfdd724c4f96bf98b4390047de079aa27d0a79be4959902af3aabb,1718,687,3,RGB,TIFF,1,1180266,2.500727802037846,27.315560221170482,25.96647620112754,22.15190558738454,25.144647336560855,25.934991273153674,2f6efa3ca37853e351e4a32643d293a479785e79251c5154046132c74f05f949,a0f8e80068295828
train/PICADURA/704F3E54-250626-152200-9.RGB.tiff,train,PICADURA,.tiff,2656006,True,,430d1a80f1c574bf9ac0f0ce6175cc18db18ad261e633b49dd495ad6c34119b1,2276,889,3,RGB,TIFF,1,2023364,2.5601799775028122,34.35082614892822,33.398185892404925,28.65554294728976,32.134851662874304,33.14236403336226,b1851e0ef332a80870a0c9f362138877150b624ae28d1d9ba4fad61a8667718b,31f6f20c8c895490
train/PICADURA/704F3E54-250626-152205-8.RGB.tiff,train,PICADURA,.tiff,2320278,True,,29dacee268bec26413f2ccddb2d4193485af6b375ae3485a5bb797b8bcd8676c,2174,824,3,RGB,TIFF,1,1791376,2.6383495145631066,35.55411873330892,34.887429551361635,28.902692678700618,33.11474698779039,34.40450961328052,cfeaaba2caf36d8a9cbae63f12466c9bebdd2548c2f5c7f69778a366499b0c68,6160900e04303002
train/PICADURA/704F3E54-250626-152208-6.RGB.tiff,train,PICADURA,.tiff,2004652,True,,51f67fa9b8b1c738e4bf759318d502ee65aa4c04e1bf06983119b8b9963c9add,2039,810,3,RGB,TIFF,1,1651590,2.517283950617284,31.36525287753014,30.08206516145048,26.318846687131796,29.25538824203747,30.036731382485964,9accc5266dcac6de08578fecba00059fc5f00e816b39e2ef560bd309483efa42,381c0c6022221810
train/PICADURA/704F3E54-250626-152213-0.RGB.tiff,train,PICADURA,.tiff,1589220,True,,59a14606e1d85a7480de147362170e33552454ec70a95b78131f100c37913b7a,1843,716,3,RGB,TIFF,1,1319588,2.5740223463687153,29.991839877295035,29.364003006999155,23.809924006583874,27.721922296959352,28.91856122517028,91b0e2bbdf2a560e82f9edd6f7ba65ac53a795d77337d34308e5c85ff4004a3f,e070c0f0e0707070
train/PICADURA/704F3E54-250626-152216-4.RGB.tiff,train,PICADURA,.tiff,1515222,True,,c5d9ec90242a5c6664c212876baebbd3d5d634ef525d349a37e8f03b5f78398f,1865,681,3,RGB,TIFF,1,1270065,2.7386196769456683,27.176226413608752,26.101712904457646,22.356025872691554,25.21132173025265,25.99598412207249,3a2501da1f0f054a55146aeeda279fc94a9ebe531e7eae66ff2c68a5d61367bf,30f0f80ec4e8180a
train/PICADURA/704F3E54-250626-152217-4.RGB.tiff,train,PICADURA,.tiff,2184788,True,,f01c5183b86276519bfb2e81f0f666a7958eccfe8d8471dca3c0ed7b21cb6d5b,2058,823,3,RGB,TIFF,1,1693734,2.5006075334143376,31.14926074578417,29.13578991742505,25.670127658770504,28.651726107326578,29.342732197617806,4f4d144100199d8c968c7c0454bee83cb805a868801a569870b45f2a5e4331c3,30f0b050c0e1d058
train/PICADURA/704F3E54-250626-152219-9.RGB.tiff,train,PICADURA,.tiff,1908120,True,,9d09951490770d21f2a1b1dfb628e3acd1bc18fa6d26e845e6567fec1945b0e5,1958,773,3,RGB,TIFF,1,1513534,2.5329883570504528,31.30219605241772,29.569753305839182,25.116854329007474,28.66293456242146,29.58012320370735,1d2a793f96ca05f7e5addf20a1aa40603d67e2d2a12b9567642f5b0b66fc2e96,40c030f0304ae0c0
train/PICADURA/704F3E54-250626-152224-6.RGB.tiff,train,PICADURA,.tiff,1825724,True,,824ddb7b73a9b4482edc0eaabcf9d1b42e97e197f7672a6ed288f0b4654c438d,1896,781,3,RGB,TIFF,1,1480776,2.4276568501920615,30.868847820332043,29.238896362447797,25.5661727364571,28.557972306412314,29.307561354992245,abec578e4e3ffdb1b31986c2f278bef8d2334b3bf46c61608bd107e45395ad4e,a128e1f144d02842
train/PICADURA/704F3E54-250626-152225-7.RGB.tiff,train,PICADURA,.tiff,2139808,True,,9e5d6f7ca021f8395c43e38bf366c67cf73dea534533a472b4791f4f47c22ae3,2003,858,3,RGB,TIFF,1,1718574,2.3344988344988344,36.180709122795996,35.38916974189066,31.080137951580788,34.21667227208915,35.13461039268603,68207585ee95614f318a42135e68845edbc0af7d0b46e0961b71ee9c9734994e,2080f4fcf8fc70b8
train/PICADURA/704F3E54-250626-152229-2.RGB.tiff,train,PICADURA,.tiff,2020514,True,,64ffaccf236c3c02585f3360afec7ab07596056ea6bf57be1d055118f0dc4f96,2013,803,3,RGB,TIFF,1,1616439,2.506849315068493,31.202706690447336,29.280574769601575,25.179626326759006,28.55430259560264,29.387784091450403,d5036331fda70c418c60260be8ced8fe7f4039362bcbe169265af84e99975d42,3079db38cc703818
train/PICADURA/704F3E54-250626-152534-7.RGB.tiff,train,PICADURA,.tiff,2074002,True,,9583d636e08b9b8399859d219a53a492dc68422eb467eaa65741079d04cdf458,2046,820,3,RGB,TIFF,1,1677720,2.495121951219512,33.530415087142075,31.7196391531364,27.19338685835539,30.814480366211285,31.745068395799056,9ffca21b7ba394abacdd454041169ea06311ae53577bb745eefb07fd4e0c3d79,586066102432f050
train/PICADURA/704F3E54-250626-152538-3.RGB.tiff,train,PICADURA,.tiff,2489814,True,,f0e78ca0a4d937747294280ec8c96d18645445a0f0b2da2a145f11105138eeb5,2228,873,3,RGB,TIFF,1,1945044,2.552119129438717,33.0754039497307,31.760342182490472,27.752324369011703,30.862690167077627,31.69663162015872,cdbc56158af236b35d56e05e69c79523f2d716b1f58375d77f408a80110b4d5d,6c7ce23031103458
train/PICADURA/704F3E54-250702-144107-2.RGB.tiff,train,PICADURA,.tiff,1810154,True,,359c7b3e78aa7354c25575e0c1cf838730d150e392fa1ac16cbe1cc2aea32eca,2006,746,3,RGB,TIFF,1,1496476,2.689008042895442,29.637964123714646,28.354383899240617,25.152659314282353,27.71500244574587,28.37317778367311,82e8823e24671d3a35d07bcda85f502f924551052e5efd3effa4bb90cf2be0fb,3130b3e0c8a030e0
train/PICADURA/704F3E54-250702-144111-4.RGB.tiff,train,PICADURA,.tiff,2320266,True,,e86bec0f2f67333346cfd12226c8b1f0dba2d41e158382aced2ed98e82cc794d,2122,852,3,RGB,TIFF,1,1807944,2.4906103286384975,35.942144778820584,32.69655310120225,29.959214997809667,32.8659709592775,33.35492846902338,247d6f107e68176f35b8e6ef45a5c02e52c2fb0d21ab6451df487d47bb635731,a0c8d8be78c02870
train/PICADURA/704F3E54-250702-144116-6.RGB.tiff,train,PICADURA,.tiff,1827778,True,,ce6543e6e52a2b331f21447b63a61c88102651a91a8e3b3f33b1e1b6dc60dfb3,1909,770,3,RGB,TIFF,1,1469930,2.479220779220779,29.01448028137394,27.03415196642017,24.378003034158088,26.8088784273174,27.323469154313468,4f003737f615cd3cd1e83d846b0cfaef0920f45926df0741f6156bc39b607e1d,603070e05030d030
train/PICADURA/704F3E54-250702-144203-2.RGB.tiff,train,PICADURA,.tiff,1945760,True,,b443146ab554c5d74837f0f9c7c02f107be4a79a05d72d4a145202b01986e5b4,1898,812,3,RGB,TIFF,1,1541176,2.3374384236453203,34.305841123920956,32.045430891734625,27.721295296578717,31.357522437411433,32.228342093310566,5e367978bf4bb44865b295e38d5b0c20dc5612b21f0465df9ead30bcd013ea36,c5d0f4ee3ad28020
train/PICADURA/704F3E54-250702-144218-0.RGB.tiff,train,PICADURA,.tiff,2094712,True,,c5eaa4b43c7581d000d223676538bcf6110b35abe5801b4411c5ed45d7cb3c66,2080,801,3,RGB,TIFF,1,1666080,2.596754057428215,33.28749339767598,31.946468957072888,27.53406619129934,30.922676182016072,31.844421349515027,44433bfad45c15ba7f80b1dd028eae8c8a3e45d78eb169f9f3bf3ae821b49fae,3118e2e88cc8180c
train/PICADURA/704F3E54-250702-144225-2.RGB.tiff,train,PICADURA,.tiff,2311032,True,,d75cd1ce45dc762b6ac5508f38edbc0baf38d43f1b71d9f380dc05a6ed5748a7,2219,826,3,RGB,TIFF,1,1832894,2.6864406779661016,35.592218644395146,34.694864514805545,30.444403222444944,33.57716212721521,34.478620812223724,7d828279b8d627d02a361f6bffaeb6f96dae06dfd37e369865dc196e633fdc90,6060d81f9c981420
train/PICADURA/704F3E54-250704-112219-6.RGB.tiff,train,PICADURA,.tiff,1941696,True,,a85c6134c2f3f7eb90f68bc5b8397b9d2377cf41c880a71144c3d44a37c0460a,1935,809,3,RGB,TIFF,1,1565415,2.391841779975278,31.793541009891946,31.101331595774923,27.495454559972913,30.130109055213257,30.897232228514483,59fe802ad9633c6c2d4f48d7c19768ef41d61d8cab6d07e8d5feb7d1841a5487,2468cfe5c1826060
train/PICADURA/704F3E54-250704-112258-1.RGB.tiff,train,PICADURA,.tiff,1883778,True,,dd8bdf1795e4fb40494bd72f43e200997d45ce1e7199dd73e32e8e7625de13cd,2063,716,3,RGB,TIFF,1,1477108,2.881284916201117,29.277151027548427,28.260465720854533,24.421089723974145,27.3195688241257,28.126765763911642,7c2a80b72603425642aab5ec95e6af33df30d7f886fa66d484ea22becbd983e5,78787cf0b0287060
train/PICADURA/704F3E54-250704-112434-0.RGB.tiff,train,PICADURA,.tiff,2089284,True,,a0bbe21fad53561b978240613a6ae864e2896e38d9004fb1590db83d77a9f614,2034,812,3,RGB,TIFF,1,1651608,2.5049261083743843,34.2391414912013,33.094854832381536,28.007951644700196,31.78064932276101,32.85708957997297,e324786666432bd50d34007ba784e8118e906dd35dfa5b93c11d2fd9740520b9,1c781c3821307830
train/PICADURA/704F3E54-250704-114718-8.RGB.tiff,train,PICADURA,.tiff,2366420,True,,f4f18447e5ca663eec691b6cc5ccfd3b9a82e29b80fc0f743c76397d80fdc615,2180,822,3,RGB,TIFF,1,1791960,2.6520681265206814,34.914056675372215,33.47089555570437,30.140024330900243,32.84165885399228,33.52268141085738,3d35dab7ffc9b542335fa1c2d3ee4e0c43813b6c7d6bde84473101b4627638f1,e0fce08038a80cb0
train/PICADURA/704F3E54-250704-121230-5.RGB.tiff,train,PICADURA,.tiff,1762400,True,,88b54e315a3783a53a3de51942dbd5513008bf9cea24c6008f43c3ff9e3c24d8,1930,760,3,RGB,TIFF,1,1466800,2.539473684210526,30.818044041450776,30.055166348513772,26.701799836378513,29.19167007544769,29.900982996318515,1207edd2720fa878703b6aaf83d9854a9baa41d98d247e3c61df1501186561ea,f112b0e0a410b012
train/PICADURA/704F3E54-250704-121724-9.RGB.tiff,train,PICADURA,.tiff,1838862,True,,46b62b5caebdd511c525b339c59264e78865a9721f00402226a64aee8bdf0f6b,1907,792,3,RGB,TIFF,1,1510344,2.407828282828283,30.864922163427668,30.035462781988738,26.47258836397536,29.124324436463922,29.87730345338545,2fdc12ef079490613fc9830f49712f3093674713fa95b1eadf8a0b0222cd89e2,4c20ccd9b25260d2
train/PICADURA/704F3E54-250704-121759-0.RGB.tiff,train,PICADURA,.tiff,2268522,True,,38936396461cf84ac862bef3c446b86be696429151d15b4a481c571bc1cdecca,2172,835,3,RGB,TIFF,1,1813620,2.601197604790419,32.829068382571876,31.55843065250714,28.175228548428006,30.854242527835677,31.552666293931477,375299cd2a412e1151e70d7a56dfb8a3030a32294399990ecd1cf64b382e22dc,6020ccd0c8b230a2
train/PICADURA/704F3E54-250704-121802-4.RGB.tiff,train,PICADURA,.tiff,2233088,True,,32826a5b1cc501632ffb1a8603329060431ec3eadf4676432346c32cfe499049,2092,821,3,RGB,TIFF,1,1717532,2.548112058465286,33.33165553829565,31.87662646169038,28.194408022674395,31.134230007553473,31.891907253547533,5c3f882bed7e641beb141f2e9393473c25106ddaec87e9d10900084e8c0c0c28,30b0fce0e008c0b0
train/PICADURA/704F3E54-250704-144537-0.RGB.tiff,train,PICADURA,.tiff,2003660,True,,2da61f82e947d74773bceb70a73a0033296f2aae06cd227174957cf2dbe68ccd,2041,804,3,RGB,TIFF,1,1640964,2.538557213930348,32.78295806611236,31.218294246552635,28.367025723903755,30.78942601218958,31.36108411701902,cd297689c3d78ed212608472ae7fe6132f5f37905bf66c901a022ad19789b6d5,6000b6f178f22058
train/PICADURA/704F3E54-250704-144538-2.RGB.tiff,train,PICADURA,.tiff,1722820,True,,d6a90c9e751b0d0419c597988312483d2edb894755ce988429c8aa3b1ad4a793,1954,708,3,RGB,TIFF,1,1383432,2.7598870056497176,29.794317320981442,28.091255659837273,24.57461660565897,27.486729862159226,28.199574244343054,53b02b3cfaec88824a1be32db0ddd1da2a78d4694a52b776b642a44c10550421,e4f4d6f868407830
train/PICADURA/704F3E54-250704-144541-0.RGB.tiff,train,PICADURA,.tiff,2353534,True,,1fa295fe4280512327bbcb3859686c8210a923dae5d35b738c6107f915c20eae,2094,849,3,RGB,TIFF,1,1777806,2.4664310954063606,36.32428735193829,34.377229573980514,30.980722306033392,33.894079743984065,34.57219802104392,33a3fc9442c4f207e38787912f2d8de9b3cf457316b0e386c2c30b2ac8c40c9a,21026647604e0200
train/PICADURA/704F3E54-250704-144544-5.RGB.tiff,train,PICADURA,.tiff,1699166,True,,1bccd3eb8e205b2fa8e69d5fd34f89ece3a010d7de583e8b14423c89ec626113,1949,710,3,RGB,TIFF,1,1383790,2.7450704225352114,28.155160826425973,26.682193829988655,23.406608661718902,26.081321106044513,26.749194252740665,ccd4113684e78329e679376532ec6c452fad6ef030a4fc36b563f73c02a35388,6060fcd078684048
train/PICADURA/704F3E54-250704-144545-7.RGB.tiff,train,PICADURA,.tiff,2087976,True,,c999702031a9c002ba8d0cb9f0b6efc05f7142015b72b4f71592a7ff3c3d8b83,2035,808,3,RGB,TIFF,1,1644280,2.5185643564356437,34.25867127253266,33.25736675018853,28.147813024545698,31.887950349088964,32.97426767764614,766d5051df94f5a603864a1228bdceaae4cf5c9865fe916c2723a15760afc6ad,20307878d0da1078
train/PICADURA/704F3E54-250704-144548-6.RGB.tiff,train,PICADURA,.tiff,2005294,True,,289dc8d6ccf2a71804320485c90ba25e093dde7ee7ac27369a5b9cb023adcd7f,1889,775,3,RGB,TIFF,1,1463975,2.4374193548387098,31.67938865076248,29.622263358322375,25.644336822691645,28.981996277258833,29.783860195700065,e71065376d74d245a73db21275db619eaa55e41815ab4d76033281858e89f623,286cf43cf0281828
train/PICADURA/704F3E54-250704-144552-9.RGB.tiff,train,PICADURA,.tiff,2487976,True,,53a0f14613626adab2cbee000cf4797ba51eea52de10c59e07bf364caa63cb9a,2070,893,3,RGB,TIFF,1,1848510,2.3180291153415453,36.11366992875343,34.67484135871594,31.337029824020426,34.04184703716326,34.724540586201854,87b47566a881bb9e7f452c534c88cf0dd4e43acfa4a76dca2e8336f0e3d9d207,683efe7cf0b83810
train/PICADURA/704F3E54-250704-144557-3.RGB.tiff,train,PICADURA,.tiff,1953936,True,,9b0ae4a1da732225d75da69e2086523ecbdfa18d190b4ed093bb6e43ea3e836d,2008,747,3,RGB,TIFF,1,1499976,2.6880856760374834,34.487730470354194,32.398957049979465,28.818024421724083,31.90157064735258,32.61527398305039,3c21247e57acf77300fc00ba8d3f8d65294e5140789df74f4cc3d29dcb072702,6970d8f060667060
train/PICADURA/704F3E54-250704-144601-3.RGB.tiff,train,PICADURA,.tiff,2007430,True,,25740353f85ccf7852625501bb6d158518c30f7d5a67b1f9c261b2a0c5131831,2000,774,3,RGB,TIFF,1,1548000,2.5839793281653747,32.55687273901809,31.537130490956073,26.242896640826874,30.11229995693368,31.23849076421189,6171027f8f5316a801c14956d4065b1fb6d835c7bc69cfad667f0f629fcc869d,343474704c48301c
train/PICADURA/704F3E54-250704-144602-3.RGB.tiff,train,PICADURA,.tiff,1860444,True,,70336e20537a336bd0dd92e1dba557ec85d7fecc4e530a9eb9e7dbac7c792068,1979,760,3,RGB,TIFF,1,1504040,2.6039473684210526,31.719411717773465,30.212668546049308,26.848674902263237,29.593585055362002,30.27968947900322,a0446f2d3eb7f8dc30ef4a37e304994527f5bab05561a5e2c3c49b5fd337a9ff,5000341d20008a10
train/PICADURA/704F3E54-250704-144605-4.RGB.tiff,train,PICADURA,.tiff,2081734,True,,e47dfc2c356e8245040a51865e0b40ba5dd75c20bbefc8663d650ab317d7689a,2046,807,3,RGB,TIFF,1,1651122,2.5353159851301115,33.63563504089946,31.63491189627417,27.451738272520142,30.90742840323126,31.756246323409172,10fab36ce59d42e213e2feaa2a0ce2e8635aa8d80eb6a033e6c0c57ad2c4c3c0,4948583434261830
train/PICADURA/704F3E54-250704-144609-2.RGB.tiff,train,PICADURA,.tiff,1868848,True,,923c5f47e9773c2acf95e3d52f434f67b732b950c0ec9d3842277ccc29f766e7,1966,757,3,RGB,TIFF,1,1488262,2.597093791281374,29.989857968556613,28.2363058386225,24.717639098492068,27.64793430189039,28.35948991709793,7083f6955ec678ca09a69214768e9419b661af23346300ba05a5d7ea626bf840,98e88ea42032c820
train/PICADURA/704F3E54-250704-144613-1.RGB.tiff,train,PICADURA,.tiff,1736884,True,,cd8156f1a4f6f34a3463b0d984c5c88baf2e80e72c1e40362790ac9048fbf9eb,1896,738,3,RGB,TIFF,1,1399248,2.569105691056911,30.214625284438497,29.15308722971196,25.124085937589335,28.163932817246593,29.01118096077321,2c6b8d20cc0ade79dda54c406e3f2780f9dd57a7db1383439ef1ca8e27969e99,4858bc3c34483848
train/PICADURA/704F3E54-250704-144614-2.RGB.tiff,train,PICADURA,.tiff,1528714,True,,3ff7eb34439e701a9fa399f8387b6934e32c041a857703890facecd03862d01f,1846,688,3,RGB,TIFF,1,1270048,2.683139534883721,28.230387355438534,26.501795995111994,23.564408589281665,26.098863979944067,26.68378264758497,1344369d996726cef6ce995a87656fd97863660316b550d6b0957412e99e2eb0,30e0ca7c68a0d04c
train/PICADURA/704F3E54-250704-144617-4.RGB.tiff,train,PICADURA,.tiff,2468924,True,,4387de0d2b2dbdf69ab1d2156d9b61a6a48c60d326e2c9860ccc667bb83ebf15,2162,852,3,RGB,TIFF,1,1842024,2.5375586854460095,34.24764986775416,33.0036687904175,28.86601477505179,32.03911114440782,32.90392657478947,7ec029b260ff9285afb2d6ce05eebd9ab3375cc6805bab1721fac3813ba63ee9,20e8787270a07040
train/PICADURA/704F3E54-250704-144621-1.RGB.tiff,train,PICADURA,.tiff,1706296,True,,56c891f87ad537c3fa457e565c7a0ed604b005f5e516536719580a8b118510cb,1896,733,3,RGB,TIFF,1,1389768,2.586630286493861,30.62529573281296,29.030520201932983,26.269519804744387,28.641778579830113,29.1926040403866,7099cb1e3f1d52c4a341584d6af3bc101a26875c273631675ae2f14d0ce6b853,70c0707c64903092
train/PICADURA/704F3E54-250704-144624-9.RGB.tiff,train,PICADURA,.tiff,2614386,True,,31145834bfa3f23105b75068388baae18ee6d78072936bd5adf03e9db09b2032,2235,857,3,RGB,TIFF,1,1915395,2.6079346557759626,38.15092448293955,36.34226308411581,32.39401272322419,35.629066763426515,36.432952301222464,75f839b315092848374ae5f0996b526f740f14c2075222bed8f68a50e3fe0b20,247664c0d8d83410
train/PICADURA/704F3E54-250704-144633-1.RGB.tiff,train,PICADURA,.tiff,2312416,True,,cc03b6bb92e8d514f507ebcce0ba15398846dd8ca198b8bb7bd162640d5a324a,2084,822,3,RGB,TIFF,1,1713048,2.535279805352798,33.53414148348441,32.00015819755197,28.437479276704448,31.32392631924694,32.05267380306915,af4dbe62aa17f4fe77a8b730ed9f18b7bd0115d2dfcf8d938eb57a2e7fe3ae72,50149e1c74a81a2c
train/PICADURA/704F3E54-250704-144636-8.RGB.tiff,train,PICADURA,.tiff,1993884,True,,5e529467bdb43b58b8877047470427e0e9e40598642b8c65108f02d7c9d4c7b4,1956,803,3,RGB,TIFF,1,1570668,2.435865504358655,34.04757720918743,33.12788507819603,28.879871494166814,32.01844459385009,32.91859947678313,131e4033df1053eda634b7d552d8e101e143c39974a15447801f82c905c3f2b4,e06cfa8430c00c20
train/PICADURA/704F3E54-250704-144640-2.RGB.tiff,train,PICADURA,.tiff,1827774,True,,68ce3d6174335f527276578f50ef650be6da04849b4792cb38a2b619b06b3686,1961,759,3,RGB,TIFF,1,1488399,2.5836627140974966,32.95591437511044,31.60403695514442,27.942172092295145,30.83404114085,31.59079570934944,5c9d2731d35e9be260d6dcf418ad6d744186986a7b7b39a88080197a5c148dd8,e0f8fc0050703068
train/PICADURA/704F3E54-250704-144644-6.RGB.tiff,train,PICADURA,.tiff,2477652,True,,52138f438a8078bb2219be99cb395f0fcf6ec5fd77dc709206959e2b67cebbb1,2154,861,3,RGB,TIFF,1,1854594,2.5017421602787455,34.87995971085855,32.45238310918724,29.544441532755958,32.292261450933914,32.846723173373796,908182ef123f0a7bc338b404330b224355254195cb5a5de66792018da67c8853,3000786764620600
train/PICADURA/704F3E54-250704-144648-3.RGB.tiff,train,PICADURA,.tiff,2605330,True,,3a0e805804dc42a03ca78b8ccad0192a143b60c4a24d54180099c4d604098109,2222,834,3,RGB,TIFF,1,1853148,2.6642685851318944,33.96207858195891,31.353357098299757,27.555174762080526,30.9568701474464,31.700372035584852,9225911aae4b5f5cd4f2587b9d0a45f47a98a06f87b3856af0461d0ac46e6b73,31603aecfcccd2c0
train/PICADURA/704F3E54-250704-144652-5.RGB.tiff,train,PICADURA,.tiff,1915784,True,,b3514813490c3440d43b2ba679285228984485c02cdadb3ed515059c383966ef,1957,766,3,RGB,TIFF,1,1499062,2.5548302872062663,31.164706996775315,29.66506522078473,25.124194996604544,28.65132240472153,29.59579890624937,1995d7bca1d098f46fa61636ccd1e76a72851d935e0734a9a144445df1953a5e,2464e27059245824
train/PICADURA/704F3E54-250704-144653-4.RGB.tiff,train,PICADURA,.tiff,1702826,True,,8b94bcef8cc5233c90d1c645cefb4dd3d560b4a4f245b45fac398733366c9e60,1971,710,3,RGB,TIFF,1,1399410,2.776056338028169,29.943437591556442,28.88238329010083,25.04499467632788,27.956938519328386,28.762176224265943,ac68d8ca10ec022138856488ae623c09d29d450c4a1c14e6bf9cb24a93f016db,7024f8f030723030
train/PICADURA/704F3E54-250704-144656-0.RGB.tiff,train,PICADURA,.tiff,1777134,True,,84578b5059f7f4054f61ad48c554b544f0d787ee99a92cc645ccca498cbe24cb,1872,748,3,RGB,TIFF,1,1400256,2.5026737967914436,31.250049276703688,30.17266771218977,26.065925802139038,29.162880930344162,30.02663622223365,bd3367be6e624885f2577925e64c23264c931c430d8e850f6b140d7fa2ab08aa,2c7cbe8050d03010
train/PICADURA/704F3E54-250704-144657-1.RGB.tiff,train,PICADURA,.tiff,1800826,True,,65884d6922f4341b1fe07b118de908d2d960ce5cb666ef03d2d24569a5525341,1940,761,3,RGB,TIFF,1,1476340,2.5492772667542707,29.83133966430497,28.303113781378272,24.835308939675144,27.65658746178613,28.364723568419198,e1b4550081758276db83e9fb28c90ca727dbe0efe6138348a5d525de93874fe8,d89ab2b030883098
train/PICADURA/704F3E54-250704-144700-1.RGB.tiff,train,PICADURA,.tiff,1466948,True,,951104568828f8e2bba044985c8f37bc308370f1fc87a56396ff62437319b3b3,1689,700,3,RGB,TIFF,1,1182300,2.412857142857143,27.89191914065804,25.833148946967775,23.237336547407594,25.65413487834447,26.152798621331304,b7dbf1f56a7ee0a131e93ce3bc853fd882be477fd87417d63d84e1460cee361b,34a4f4f1686aa068
train/PICADURA/704F3E54-250704-144704-9.RGB.tiff,train,PICADURA,.tiff,2173076,True,,14223c2493effd7da9cfb08c2a4142d757ab348bad789b9ad3d8617f31a340cd,2068,802,3,RGB,TIFF,1,1658536,2.5785536159600997,32.64427965386341,31.393791271338095,27.363702687189182,30.467257870796896,31.308257199120185,efcfed9764ff9b9ed7030eefbb93d4efae1b04c212b4164679d5c522beabb338,6c64f4b0b0b06210
train/PICADURA/704F3E54-250704-144710-2.RGB.tiff,train,PICADURA,.tiff,2146530,True,,4415eb3ce5ed867b441f55c67a07425d610dc3935c7e92d270209edb439f97e5,2090,782,3,RGB,TIFF,1,1634380,2.6726342710997444,31.462999424858356,29.81060708036075,26.03716088057857,29.103589128599225,29.874499524590362,e1830c575ccbb832d9d083ed86c8ec262bcbb5c6eb2c84871f899e2f747485d8,6038462e5c3e1818
train/PICADURA/704F3E54-250704-144714-9.RGB.tiff,train,PICADURA,.tiff,2090620,True,,6db9c2f0ddedb8c6f83ce06c5a6e99c0501fec76dfe121fdcf18d2d95e4560c2,2033,799,3,RGB,TIFF,1,1624367,2.544430538172716,33.54697737641801,31.917540186423388,28.136694478526096,31.200404013789164,31.973725495531486,bbc68e055c33f90161fff218b5a7891ac967abb8dfbdb1c197fd607fb914b2e8,707ebeb06c303830
train/PICADURA/704F3E54-250704-144715-9.RGB.tiff,train,PICADURA,.tiff,2036546,True,,f37af1c6677ab7f1d72891ac53388a54a6b6af0e5aca6f83391acf9cb8d92d9b,2013,783,3,RGB,TIFF,1,1576179,2.57088122605364,32.82613269178184,31.014729291533513,27.023645157053863,30.288169046789736,31.101355316877083,d0b0a1dd53ebe8266c5fcbbb2e4c85674a798c5a548ec366751738a4800fedf8,781c3b3564761c14
train/PICADURA/704F3E54-250704-144719-0.RGB.tiff,train,PICADURA,.tiff,1810092,True,,5cd79b1deea731a1816a1c40db0a41f84f08e57a59e39b3635cf4508ea5c9e38,1898,762,3,RGB,TIFF,1,1446276,2.490813648293963,32.301231576822126,31.44166811867168,26.352079409462647,30.03165970165215,31.118464479808836,7bf721847196f0a551bdeb9f146a17dc3b8383936df2a7213355980bd31dbaa3,31347d3cd4da1e1a
train/PICADURA/704F3E54-250704-144723-2.RGB.tiff,train,PICADURA,.tiff,2040882,True,,c9b9fb5681bed9f91ad37342b7b2c3f8ad09e38547fd7b6b272793f44ea32b01,1901,817,3,RGB,TIFF,1,1553117,2.3268053855569155,36.364261031203704,35.067904092222285,30.44356799906253,33.958577707496175,34.928340502357514,37cea7756d83df41d0c4272b69865ec912a04ff690560e6e0594f64063c4addb,c5a44e43b0828080
train/PICADURA/704F3E54-250704-144724-3.RGB.tiff,train,PICADURA,.tiff,2281352,True,,f79db275d62b595f6eb0be3a40a970481d6e63387d1ef30719e9ae3798ca95f9,2147,820,3,RGB,TIFF,1,1760540,2.618292682926829,33.276230588342216,31.966696581730606,28.42936485396526,31.224097341346027,31.954991432742226,8b83e4d791d7cf01abed6f7be9e171bcf0f3997679edcde74de8bace971083cf,b0f8eec06c30c092
train/PICADURA/704F3E54-250704-144728-0.RGB.tiff,train,PICADURA,.tiff,1611294,True,,40cb593e034fc699dc9c5bd9a4429d514fa7ccb66173e3041becbcbf2e424e25,1815,724,3,RGB,TIFF,1,1314060,2.5069060773480665,31.28413238360501,29.90898056405339,26.569495304628404,29.25420275076227,29.939449638524874,1591c046a36e3db3e0ec787089ef6ed4c7ffb15185294008573980783b8e1745,32109cf80c307830
train/PICADURA/704F3E54-250705-113658-0.RGB.tiff,train,PICADURA,.tiff,1208796,True,,421e872d977ad06775a7a18f88e1176a47145f79690c520aff500c40d67cd7a9,1654,639,3,RGB,TIFF,1,1056906,2.588419405320814,25.747704147767163,24.755777713439038,21.730690335753604,24.0780573989866,24.707503756247007,3291b81b6d1db592b5af904da28a043c7d4b5aa6a42682f52cf33f6dddd6ce57,78c2f8b8a188b830
train/PICADURA/704F3E54-250711-175742-7.RGB.tiff,train,PICADURA,.tiff,1960100,True,,2bfadbdb186867922dd71aa5761025e27c8d7190c309f1212c043f3f24c12979,2019,787,3,RGB,TIFF,1,1588953,2.565438373570521,31.804624806397673,30.740965906480557,25.937241063769665,29.494277258882633,30.511375285486732,d9e4e754e1334d15da41479076ad63d812c4f64c366cfe98a922d10561af2a54,3090d43764901210
train/PICADURA/704F3E54-250711-175744-8.RGB.tiff,train,PICADURA,.tiff,1805542,True,,c96f3eecd7c11480d53bd36e001afce21b398bedb8982e64f95a5f59ebcf4105,2018,733,3,RGB,TIFF,1,1479194,2.753069577080491,31.778160268362363,30.690501043135654,25.262791087578776,29.243817466358934,30.396952216544953,533c9d302dc8c67fa122b0edd4b5430154aa5d69e111d6caecd3d79570e1d379,3070f8c0d83070c8
train/PICADURA/704F3E54-250814-212159-6.RGB.tiff,train,PICADURA,.tiff,2305708,True,,7d1c23a74326aa90efc6b10c851c62d0731f23d076ac02a7a4bc054d595bad2f,2104,873,3,RGB,TIFF,1,1836792,2.4100801832760594,34.947332632110765,33.56055557733266,29.894124647755433,32.80067095239962,33.55722879073951,fbd7528e25b5d5940facbac3cebef8f6d418638c1da6837be5c81167e32d2d71,24b13e1e4c9e104c
train/PICADURA/704F3E54-250816-093447-7.RGB.tiff,train,PICADURA,.tiff,1627212,True,,a86975ebff02be65d8cffa1b7024c2209724915a72ec41c8ffbb57375dfdf04d,1820,733,3,RGB,TIFF,1,1334060,2.4829467939972716,30.79762454462318,29.485742020598774,24.733018005187173,28.338794856803045,29.33618435752515,f6f7295198dfcbce269c67f1ef5f41584ea659763319e41c5229e8a1c1b25c62,6664e67438c82218
train/PICADURA/704F3E54-250816-093452-3.RGB.tiff,train,PICADURA,.tiff,1622962,True,,e8b08dd7549770a4f2cb6fd17ee1e12542687b0d09d54e9b65cdbcba4956179c,1818,721,3,RGB,TIFF,1,1310778,2.521497919556172,28.479844794465578,27.32761764387257,23.24231486948972,26.349925769275956,27.206409045620234,f3b34fb87d18630a326b0189eb8203fb249d3a0e49620babae1345aa20d013ee,6474d2f190689210
train/PICADURA/704F3E54-250819-153357-4.RGB.tiff,train,PICADURA,.tiff,2004282,True,,a0d9b565b47fa259ac3af1ba598ed223d99dfa88911be3c9923049be42992742,1917,834,3,RGB,TIFF,1,1598778,2.2985611510791366,35.02419285229094,34.36643423915015,30.1707929431103,33.18714001151713,34.0848009567307,1035a71d5ebbd209512e24c3f679b8f7b83eb02854ed29779dc67e1389e4b121,e0e0e96071e26022
train/PICADURA/704F3E54-250819-153400-6.RGB.tiff,train,PICADURA,.tiff,2384946,True,,1cee1d31dd07e8b4884ec6bdd7f81c106d416539e1e7f8139e628eb2b2c73754,2429,791,3,RGB,TIFF,1,1921339,3.0707964601769913,33.88385651881318,32.10643931133444,29.999251563623076,31.996515797923568,32.397667653131485,3aa81b378662bc435305d80e429806a230fdacf30c92c608086ac3517b4a8c2a,60e1e4f650607148
train/PICADURA/704F3E54-250819-153404-6.RGB.tiff,train,PICADURA,.tiff,2046878,True,,e8ace82504cb71ccac12cb29b70806d4a9875a9c7d7800067c90722f9d0d9af6,1952,825,3,RGB,TIFF,1,1610400,2.366060606060606,35.620566318926976,34.19853514654744,30.592676353700945,33.47059260639179,34.21265456470442,d1a1cfd966ce68354d168e0025d643d0ad103bd63c284cb683745b3e5bde2999,704686f030027008
train/PICADURA/704F3E54-250819-153407-2.RGB.tiff,train,PICADURA,.tiff,2418962,True,,f7188d0c7a78b200c6fb559b7360e8769ba6812f0f3afae12288ed3e610b991c,2201,866,3,RGB,TIFF,1,1906066,2.5415704387990763,34.84743130615624,33.2310717467286,30.276357691706373,32.7849535815304,33.37752585272493,4b5c558fe33b462fb4ff92e413abda7c1b32310621dbfd44e0046f072bf14cae,b092eee164924092
train/PICADURA/704F3E54-250819-153410-5.RGB.tiff,train,PICADURA,.tiff,2033296,True,,015444e8072e319751791f3cbc4bdebf585048016d7e1bc7d0ccb7e03d587139,1947,822,3,RGB,TIFF,1,1600434,2.3686131386861313,32.59736796393978,31.90783937356992,27.917343045698853,30.807516794402854,31.659091840713206,a57893f2161fe84887f66dce8319ac47170090aaf325a73ff70eb69eb1cfcf4e,643ce23a50923830
train/PICADURA/704F3E54-250819-153413-0.RGB.tiff,train,PICADURA,.tiff,1893282,True,,56e40a63962e54f98c77c40dcb51cacfea5fcce95bf43027c86e5b7e9a58eb3d,2031,762,3,RGB,TIFF,1,1547622,2.6653543307086616,33.43255846711923,32.03336861326603,27.89179463719177,31.119240572525673,31.97958694629567,f40bd0a4c97da3308146fed8ef364d34950f385517d1bb71716c9887d58c9272,70e0f0782030f070
train/PICADURA/704F3E54-250819-153415-5.RGB.tiff,train,PICADURA,.tiff,1763964,True,,64df3fec3f3c090bd394aae249cfc67ed497cb85ebf90da4f61c5464bb1377dd,1776,796,3,RGB,TIFF,1,1413696,2.2311557788944723,32.335114480057946,31.556821975870342,27.631277162841233,30.507737872923173,31.342019325937116,31494d3daf191ba8f6091ee5db2cf4190c98eb132214b23b31e9ef476b8764f6,e460503021e030c2
train/PICADURA/704F3E54-250819-153417-3.RGB.tiff,train,PICADURA,.tiff,2194466,True,,734acc99d6753de93a0e361468b3b8a5f101c681d824edce031ff71a55418373,2141,819,3,RGB,TIFF,1,1753479,2.614163614163614,33.277145605963916,31.928871118502133,28.607685064948026,31.271233929804694,31.953389980148035,81f31c74a8334f92784bf492aad73d4bdca60640f35758f533c3427807e4f71a,90b8646064303890
train/PICADURA/704F3E54-250819-153420-1.RGB.tiff,train,PICADURA,.tiff,1814816,True,,04d25996e2a04276b5f3909f1b3d9461fcc07abc7e7c6ae3c204a02d5eee324e,1861,769,3,RGB,TIFF,1,1431109,2.4200260078023406,33.15572049368706,32.21381529988282,28.139964880382976,31.169833557984287,32.031026005007305,320d5a19f1643a927c016738bb7903f430ae2d7e7c2b7ac5e08adaee76ae8b09,60e4e00da3400244
train/PICADURA/704F3E54-250819-153423-4.RGB.tiff,train,PICADURA,.tiff,1830112,True,,6f29c0ce4609569691b0d4b0bf3576b72e22bbf9cc6e86caabb84a70b29bcea4,1904,747,3,RGB,TIFF,1,1422288,2.5488621151271755,31.684551230130605,29.465916888843893,26.27715765020868,29.14254192306106,29.765770003684207,d704313fba9139ff70eec9e4f2b5df8277fb6298db73485ff4668dea8748fa97,2838b0f0f0fa28f0
train/PICADURA/704F3E54-250819-153428-2.RGB.tiff,train,PICADURA,.tiff,2049904,True,,6c4d6b58781160605ced7f201f49a7e1c3ea94b71239583525083a903d3eb670,1929,864,3,RGB,TIFF,1,1666656,2.232638888888889,36.568489238331125,35.988683927577135,31.640485499107193,34.73255288833849,35.666351094647005,4d31dc7e514576127542f7736519d20e1d2eee27adc4edae47cd15fabfb9021e,20b9f9c074312131
train/PICADURA/704F3E54-250819-153430-0.RGB.tiff,train,PICADURA,.tiff,1939120,True,,78558066413fbdb94e08b96bd3b729b9cdc244870f26babe6c21c390b3a6c847,1982,812,3,RGB,TIFF,1,1609384,2.4408866995073892,31.887987577855874,31.82279803949834,26.52407629254423,30.078287303299486,31.238235432314475,d8d1db4d538c81f6e2e8d99d377fc162ceef5841e500ad10e81631fa29a26cb3,88717060709170c0
train/PICADURA/704F3E54-250819-153431-8.RGB.tiff,train,PICADURA,.tiff,1873654,True,,19e2fbd5dde33cec1d4a273d8fab28fcf1fbadb17c93c0061de7317296f68fe1,1929,804,3,RGB,TIFF,1,1550916,2.3992537313432836,33.53231703070959,31.862595395237395,28.66152518898509,31.352145871644026,31.996920160730816,22360c7a2397139e2bb2d05162074aef319224cbee7ea889552e5b7d1e744d6b,d0f8e6e070d070f8
train/PICADURA/704F3E54-250819-153434-2.RGB.tiff,train,PICADURA,.tiff,2298666,True,,bcb7212d093df68027bb70b9380a6722e5f366b460afd7d02e8e805fdb12ba99,2122,847,3,RGB,TIFF,1,1797334,2.5053128689492326,34.60975311210938,33.888600004228486,30.263819635081738,32.9207242504732,33.690999821402144,f2c80f96e6176daee222749e5a10fc290984a1162eb88146fe535e4e020e4689,313c30424c463840
train/PICADURA/704F3E54-250819-153436-8.RGB.tiff,train,PICADURA,.tiff,1970184,True,,cacd59d3a69b6a933b6b669c5bf63db8a8b3537810fc86592f0c7cc2e1049a17,2022,791,3,RGB,TIFF,1,1599402,2.556257901390645,33.50359947030203,32.13710749392585,28.169917256574646,31.270208073600845,32.09342890780429,5271276103cdd8eedd05350f1cb20a5dd12bd1bde5933fc23d001933a42c4049,44f06604989a7032
train/PICADURA/704F3E54-250819-153440-9.RGB.tiff,train,PICADURA,.tiff,1902172,True,,e68d8c3196c8dfda8bc8693a65c724ec09646e9d3296ea7a3f3c38884bb720f9,1979,792,3,RGB,TIFF,1,1567368,2.4987373737373737,32.88173421940476,31.889758499599328,27.0538271803431,30.608439966449065,31.635063069425943,9d6c8798d7b389ba80675feecc00314bfcfafd4ec36c66ec9ad6aee19a57c88a,18f0e3f0e1187010
train/PICADURA/704F3E54-250819-153444-4.RGB.tiff,train,PICADURA,.tiff,1685026,True,,19bbdfdc0bfc500db03ee4bb375a3a4dc435d0623246031349ef0a2de1ce1318,1865,759,3,RGB,TIFF,1,1415535,2.4571805006587617,31.233602136294756,30.83474092834158,25.860199853765536,29.30951430613396,30.38690274701791,ae1b54c89f43c151e56e68660d12847744c4461b9dd53c9b47f23a8277ecf81b,9cc6e224614a4442
train/PICADURA/704F3E54-250819-153446-6.RGB.tiff,train,PICADURA,.tiff,1638712,True,,14f06262f101c4af27dcf17a094961091e82b8185e844730a7536d69ebf83bbd,1825,706,3,RGB,TIFF,1,1288450,2.584985835694051,30.93874267530754,30.44900617020451,25.41012068764795,28.93262317772,30.021004440218867,e2563fc9d19e44304623a931bffe4ac4efa79d8861f458f682925f7b5d2acd3a,30f0cce14c3070b2
train/PICADURA/704F3E54-250819-153448-4.RGB.tiff,train,PICADURA,.tiff,1290732,True,,27c7518f2935f09809e3ba10720a7181043fd0c5436757f466c8f0da55dce2cd,1646,653,3,RGB,TIFF,1,1074838,2.5206738131699846,27.2495808670702,26.156369611048362,22.046631213261904,25.150860563793486,26.014729599251233,3967a0dca3b49a5e4ac4ba7b132ad6d2b131547915d7518dad99d71c6fcf6819,201000f8cd285810
train/PICADURA/704F3E54-250819-153449-6.RGB.tiff,train,PICADURA,.tiff,2060658,True,,288f0ba4efc50e8849a27d1a5e16a33007d3a4a2d0a10223185f4bff5d561a5f,1982,824,3,RGB,TIFF,1,1633168,2.4053398058252426,34.99778038756576,34.38623093276381,29.87706041264585,33.0870239109918,34.055038780456144,e3e0f79ed3d11a4ea325306e13f918d638ddea917a48656f626bf92b23073949,e400c4f0e8f050f0
train/PICADURA/704F3E54-250819-153457-0.RGB.tiff,train,PICADURA,.tiff,1672588,True,,1997041ea607acad30eb36486e33a3e8a298de5a02f561805b8a7c4140d1b272,1898,723,3,RGB,TIFF,1,1372254,2.6251728907330567,30.2891374337404,29.88027216535714,25.084913580138952,28.418107726412163,29.45585200188886,2018054f74391b712b7776e3713bc60cfa4efd7b749975fc34ef630b3f8722bb,30f0f0c76070c250
train/PICADURA/704F3E54-250819-153458-9.RGB.tiff,train,PICADURA,.tiff,1776060,True,,cb14fd2b126a081d68c1a8d35e5100bf8dd274c7c0871359c3b45fc169b3b1f4,1865,754,3,RGB,TIFF,1,1406210,2.473474801061008,32.5157266695586,31.233103874954665,27.696944979768315,30.48192517476053,31.213485976489995,a1820faf448a2837cf49ea16880fcdd8a4ba4dc2bfb493e77e14d688269addd8,30f8f8e8583070f0
train/PICADURA/704F3E54-250819-153501-5.RGB.tiff,train,PICADURA,.tiff,1668066,True,,392528ec4577e3789c263f49396f32a173d53df1d4a084142bcf5cd0eecebcf9,1776,782,3,RGB,TIFF,1,1388832,2.2710997442455243,34.01845219580194,33.440813575724064,28.682840689154627,32.04736882022688,33.071118614058435,7be59802426e416eb54ae156058a38070cd0509a77b5721aefbb570729c3fb3e,60606278608070c2
train/PICADURA/704F3E54-250819-153503-5.RGB.tiff,train,PICADURA,.tiff,1627950,True,,a0b97e2ca9e7df18e542913857fd478e8a944bf25c1729c40987ab6a59c84394,1728,760,3,RGB,TIFF,1,1313280,2.2736842105263158,31.065117111354777,30.275996740984404,27.402946058723195,29.58135330368746,30.184415953947365,75418277ee0c3a4f8cd43104092a8b7677986a899f67cc5fdf42aa3dda901d80,6410f4feb8ba7038
train/PICADURA/704F3E54-250819-153509-1.RGB.tiff,train,PICADURA,.tiff,1490272,True,,d66abc404882132c41b839185773d21b26277ba735225a08a6347c02ad406efb,1769,696,3,RGB,TIFF,1,1231224,2.5416666666666665,28.0615753104228,27.154384579897727,23.27970052565577,26.165220138658764,26.983920626141142,0f30f37a75e51988239cf184e7652f1064756094d60418704e52f8215e5540dd,3060fc3869102012
train/PICADURA/704F3E54-250819-153510-6.RGB.tiff,train,PICADURA,.tiff,2212090,True,,e14806a68d2acb67fb4e4d8807279db60bd2b552cd518c4812c81a3740a94b88,2063,805,3,RGB,TIFF,1,1660715,2.562732919254658,34.176012741499896,33.506180169384876,29.146265313434274,32.27615274143968,33.2094298148689,ca122ef67b23120cda6ca2850b95dd0fa223582b5065fe56b86e76ca58d9f67c,3020b0fcecce3058
train/PICADURA/704F3E54-250819-153514-0.RGB.tiff,train,PICADURA,.tiff,2018972,True,,31a1567f420b224ad7672641dcc95b66f23d2f4aa9f33d1412e49103ae0570f8,2000,801,3,RGB,TIFF,1,1602000,2.4968789013732833,32.97896691635456,30.856889513108616,28.31203995006242,30.71596545984187,31.201277806491888,1ec7279fd0219d9ca2a32535ed890538bd768837f34f3d75cbdc61b2794e81e6,b0e0f4f06872e040
train/PICADURA/704F3E54-250819-153515-8.RGB.tiff,train,PICADURA,.tiff,1661882,True,,123253c76a0886131c0537416ad136be7db0d60c2e5c07f8c9834a21ace6cac4,1937,712,3,RGB,TIFF,1,1379144,2.720505617977528,29.738737216708333,29.08205887129988,24.88027283590401,27.90035630797074,28.79940208854188,0677e16a0281199fd554482168ab044880519604f264964e38357ebfc24eea7e,c8e0b0f031c87060
train/PICADURA/704F3E54-250819-153521-0.RGB.tiff,train,PICADURA,.tiff,1796142,True,,c53c50690798e6222aa7dcc3a18aa6ebc877fd8781391e0b7073094081ac9671,2008,756,3,RGB,TIFF,1,1518048,2.6560846560846563,29.50993249225321,28.60438800354139,24.76301605746327,27.625778851085954,28.43722940381332,c950101829dfee15fe8b8373a711d803752c48cdc0e29101b02ab6d269a81199,6ca02c3830383838
train/PICADURA/704F3E54-250819-153524-4.RGB.tiff,train,PICADURA,.tiff,1780562,True,,f0990ce2e7db24cbe1be04d7548ab2f115ec9e092a4141f3d7767abb4ac2c9fa,1860,788,3,RGB,TIFF,1,1465680,2.3604060913705585,32.24255158015392,31.513359669232027,28.145032339937778,30.63364786310791,31.34739873505813,4e410e8bccf772d372f65ad4a5b3452e64ed769e1879984c3bd0acc0a3669b34,24360ee02836f036
train/PICADURA/704F3E54-250819-153526-0.RGB.tiff,train,PICADURA,.tiff,1873334,True,,93a25ee0f7c01a42df21f2c86c3a381bd795dee2e51f66a8af6dec34b0862a18,1826,795,3,RGB,TIFF,1,1451670,2.2968553459119496,33.262632003141206,31.95457094243182,27.38582115770113,30.867674701091385,31.824843724124623,14346103fdd8e3d9bf990f4dcf4d8f70fe47225d9030c9c47196d23e185e38b2,34184268641e2812
train/PICADURA/704F3E54-250819-153531-8.RGB.tiff,train,PICADURA,.tiff,1584062,True,,31b32ff7159417790a6008968a3350ac12eba797eed10291e9d767854ab6e61f,1827,716,3,RGB,TIFF,1,1308132,2.5516759776536313,30.859297838444437,30.019051594181626,25.844494286509313,28.907614573045127,29.794385688141563,be5d1fa8c080c2bf2a22c9a8d73bf9d64e926e0d45083645453426d57187194d,600abce14168e042
train/PICADURA/704F3E54-250819-153536-8.RGB.tiff,train,PICADURA,.tiff,1801300,True,,9ea266c7197090f3b460f7ee5927a6e18d97c258795d2b85a7bd271b307917ff,1966,755,3,RGB,TIFF,1,1484330,2.6039735099337746,32.70287671878895,32.103743102948805,27.639448101163488,30.815355974300417,31.77395442388148,9fdabc57073c73fca341059290ff6b91e3b063ce6bed3ca9db9e80f8a9ba3f6a,24fc960a0a2a3808
train/PICADURA/704F3E54-250819-153538-9.RGB.tiff,train,PICADURA,.tiff,1675626,True,,381904566b69ee96cc8ce4af16def7bb169dd9273325dfcd0b05083668d1f246,1853,737,3,RGB,TIFF,1,1365661,2.514246947082768,31.344264791921276,30.55980290862813,26.51654839671046,29.47353869908662,30.333425997374164,9b73f3855caccd58ecbb76049444ef4ce414c4ba9931fd7281caa9edded0b4b6,9c8ee63c21081c00
train/PICADURA/704F3E54-250819-153541-8.RGB.tiff,train,PICADURA,.tiff,1984948,True,,699b013ee3d973440a2535b15ad35bcd150c558e3caa7e6d52a8d32c78e26ff6,1899,811,3,RGB,TIFF,1,1540089,2.341553637484587,33.723545197712596,32.73993645821768,28.916622351045945,31.79336800232541,32.59817766310908,aa56ad86f52b3075d98ada18f6d50d310816ef46d16b606f61afcd6364f46f3c,a0b8d26600202098
train/PICADURA/704F3E54-250819-153546-6.RGB.tiff,train,PICADURA,.tiff,1643650,True,,e700120bf768e737cfa0e5173e469b0851872eec48e4eccccb586d847e794f7d,1780,751,3,RGB,TIFF,1,1336780,2.37017310252996,29.88427938778258,29.251235057376682,25.30493050464549,28.146814983268246,28.99063659315669,2873629ab6b9dd86c494cb7f40d2b2f01bd77d99ecb8aa58b45db417f5675488,3460f4f0e9c82068
train/PICADURA/704F3E54-250819-153548-4.RGB.tiff,train,PICADURA,.tiff,1874442,True,,9d9855cdefdba5c3427f6a47d99735379de88fe82f0e996fabdd9673355ae4ff,1996,759,3,RGB,TIFF,1,1514964,2.629776021080369,35.13615373038567,35.01852585275954,30.249634314742792,33.468104632629334,34.51004295283584,29dec18fb1dea06403d9f2fcb5ce32ea7288e644973adc4b381af3c30745dc1d,3080b07cecbc0a48
train/PICADURA/704F3E54-250819-153551-7.RGB.tiff,train,PICADURA,.tiff,1944826,True,,b2f3a42d68f722c109201b347ec532efb5ec521fed373b00e67b28451ed1bdb1,1853,835,3,RGB,TIFF,1,1547255,2.2191616766467064,35.41883270695522,34.400381966773416,30.636614520554144,33.485276398094264,34.27582924921877,67954bed5d93e5e5d5a9666d5afa6ad4808e3dd54f0b76c8d700ef2719786cf9,a8280ae05110601a
train/PICADURA/704F3E54-250819-153554-8.RGB.tiff,train,PICADURA,.tiff,1444892,True,,a6eb80df94fe90105dad78f104ea5695ceddf8c167c47cd24ca8d72b855606af,1626,705,3,RGB,TIFF,1,1146330,2.3063829787234043,30.391847897202375,29.68334859944344,25.33076252039116,28.46865300567899,29.398995076461404,e06f886e2d15c80afd7bb620bfc85380c964f646430ff9f1fc6fd3297337adbd,7034f27448205824
train/PICADURA/704F3E54-250819-153557-0.RGB.tiff,train,PICADURA,.tiff,1586138,True,,974b76ea9ea14e60e8556e5cb2d13fd680bc543cabf08e4c48244d92b9e24020,1824,721,3,RGB,TIFF,1,1315104,2.5298196948682388,28.304055040513905,27.836352866389273,23.113175079689515,26.417860995530898,27.437753548768764,ab5416d5add2cba9dc141bd1e560aa537d2c811ede611d57670042d8e2a2639f,18c0082062625062
train/PICADURA/704F3E54-250819-153600-3.RGB.tiff,train,PICADURA,.tiff,1788796,True,,0ed303f24201da0bddcd53394a421e33e1c9dd28b17500d05ec8d109240ae77c,1909,777,3,RGB,TIFF,1,1483293,2.456885456885457,33.000163150503646,32.29915060611761,28.528551001049692,31.275954919223647,32.07890500191129,20c75413e6aeeb66e86a909139fb40daec830c8f4f19aa814b1091969bd8add1,ccf8ae3630367032
train/PICADURA/704F3E54-250819-153601-7.RGB.tiff,train,PICADURA,.tiff,2001414,True,,0ea2771ae6c6a54f0e17319e9ec674befaa6c84e7f70be6912919e1084e07a2f,2026,781,3,RGB,TIFF,1,1582306,2.5941101152368757,32.36476067208239,31.936922441044906,27.43425481544025,30.578645976189183,31.551541962806184,cbd4d9cb9c8fd8b16583607509ecf0dba1428815ec502886d1d2e7004e15ba9e,918246646688c290
train/PICADURA/704F3E54-250819-153603-4.RGB.tiff,train,PICADURA,.tiff,1271836,True,,f0713b9e7a36ca410e77b43bb0f30682e7e47b7b498bb201874e9e318df62402,1585,653,3,RGB,TIFF,1,1035005,2.427258805513017,28.490787967207886,26.427755421471392,23.753924860266377,26.22415608298189,26.73978546866923,3b518c7c5b831d03571a24fa39b3dae45d473e3871035cef5c81e96079c4a22c,a0e0fbf36120f2e0
train/PICADURA/704F3E54-250819-153605-7.RGB.tiff,train,PICADURA,.tiff,1862932,True,,244d01a1381d3b527e76c0fc6e4fb2371e41baf437639b0c9a20a29808de2e6c,1917,794,3,RGB,TIFF,1,1522098,2.4143576826196473,32.44411332253245,31.237849993890013,27.62864611871246,30.43686981171164,31.18707348738386,fac9600122c41fe11ca5473fe56179c192b893dd03a53f21084a91dfc0ee7b05,d1c0a5432d920202
train/PICADURA/704F3E54-260228-220255-5.RGB.tiff,train,PICADURA,.tiff,2032814,True,,df63268e1e81c0e008b4e35325bcdb8a98a03baa6985761062f2b4b5452a66ea,1865,847,3,RGB,TIFF,1,1579655,2.2018890200708383,37.02013604236368,38.1300657422032,31.40712307434218,35.51910828630302,37.03178129781503,a6058c32c91d9cdd6d4a9ad261c98d9f13390b6b99791e8f3c49d5eb8514998b,70e0f2f2003070c0
train/PICADURA/704F3E54-260310-160642-0.RGB.tiff,train,PICADURA,.tiff,2444612,True,,887552c8a0e099a1c858eca64140d5e3471ca3718c9f112013f43d5bf061bef5,2133,904,3,RGB,TIFF,1,1928232,2.359513274336283,40.90958816159051,41.3444196548963,35.39131027801634,39.21510603150105,40.535750569433546,03d338032ae7be8bd6e6e9bdee80704a3eb400220a760e896e26e5031fad85e5,f88080f8d880d800
train/PICADURA/704F3E54-260310-160646-5.RGB.tiff,train,PICADURA,.tiff,1932550,True,,aed89e551931e71b83e04489dff4a6d20255a930cf32148851bb7bcb37a70c89,1867,822,3,RGB,TIFF,1,1534674,2.2712895377128954,36.13838118062859,36.86632079516562,29.80728350125173,34.27066182568198,35.84393659891287,deb40b2f7f7c36ea9441a57e78d7f262c04596c6c1c09b31288adb2a42b906b2,c0e1e10862b020c0
train/PICADURA/704F3E54-260310-160652-0.RGB.tiff,train,PICADURA,.tiff,2471722,True,,ed5293591bd5f0e98b2ed9f8aa664e8e264a918f819da21ccca48e205a73fa66,2113,880,3,RGB,TIFF,1,1859440,2.401136363636364,36.8480617820419,36.812874844039065,31.350922320698704,35.00395298225989,36.2007331508411,88fe91ec71771c0678a65cd6cc467c50b342443b79fcfd8e88a710a02cc0a139,c052d285688a00f0
train/PICADURA/704F3E54-260320-110805-5.RGB.tiff,train,PICADURA,.tiff,2100532,True,,8578af6ee46ec714c42d1115af1f753e3eb8dc208de44384445f55cdb3e52808,1992,867,3,RGB,TIFF,1,1727064,2.2975778546712804,32.9161276015249,32.44324066739854,28.547533270336245,31.302300513086564,32.14052321743722,6bdc08753c487b13c664fe16cd9b842f95be5860ce1e5ba138dc44d5fcae9ef9,70fc4ee060287098
train/PICADURA/704F3E54-260321-104339-8.RGB.tiff,train,PICADURA,.tiff,1878350,True,,9fddc009293ad56b5d6a02fc517fa5d8e3f1918ab03730f463ef5d697213e4a4,1883,814,3,RGB,TIFF,1,1532762,2.3132678132678133,33.57432660778386,33.00754846479754,29.14434073913628,31.908738603905892,32.736609448825064,69b89d2627011ef020717b335e99766539c69188189734eb00c5ec67c6b202d6,0981f8fee0a68330
train/PICADURA/704F3E54-260321-104350-0.RGB.tiff,train,PICADURA,.tiff,2116954,True,,c2b43020095ed9e2c6d6c24067c39efb64a4a70502f386f4ad75694fea223d31,1975,861,3,RGB,TIFF,1,1700475,2.2938443670150988,35.82649200958556,35.01131977829724,31.538508357958804,34.12544004861387,34.859155773533864,a4014b74a3307b6ba46dcc40369d46fe49a06ccdd78ea61ba9ffa3b187cb2730,f0fdfca029f860d8
train/PICADURA/704F3E54-260321-104352-5.RGB.tiff,train,PICADURA,.tiff,1821904,True,,94f43a1bb3309fea17e0d1f871fae9f125a29b990d0d7401d098cd9359ab2216,1918,785,3,RGB,TIFF,1,1505630,2.443312101910828,30.415221535171323,30.076205309405367,26.38265111614407,28.95802598690692,29.7565059828776,3a89454549d1d780d50d82b095cbf80765ac3b307d7934b4c808aca759d9751c,3178f3f448483868
train/PICADURA/704F3E54-260423-155827-1.RGB.tiff,train,PICADURA,.tiff,1767384,True,,5494927d245f6743df3ece59d7898b79722dff2c045de419d5c1881899fba6a1,1760,757,3,RGB,TIFF,1,1332320,2.3249669749009247,31.734092410231778,29.486290831031585,23.826954485408912,28.349112575557427,29.513219159811456,e3f7bc590d77ebac261823825b1263ee97f470348b5f38cca7c1b9107c862ed6,0478583870107838
train/PICADURA/704F3E54-260423-155830-0.RGB.tiff,train,PICADURA,.tiff,1639936,True,,986d3047a493a4b2156671981e7ff7f60c302c90ca7dcd1da17995e80c6d023e,1807,727,3,RGB,TIFF,1,1313689,2.485557083906465,28.872068655518923,27.484169388645256,24.21352694587532,26.856588330013167,27.526298030964707,a149ffaaecdd299ca59347382203533c73214ba7ac293cca3eae84ced303e09c,c1e0c171307a6038
train/PICADURA/704F3E54-260423-155834-0.RGB.tiff,train,PICADURA,.tiff,1555206,True,,d7a80a95b2bf0839818352fad412c77d5ffc6e5150e60b9861544b1d31036892,1670,747,3,RGB,TIFF,1,1247490,2.2356091030789824,30.890103327481583,30.240421165700727,24.374426247905795,28.501650247029364,29.76595271144458,523b6753e232025107822cd02e536ca15a053347ca88bc61fe5a4e475be960f2,41e0242020226030
train/PICADURA/704F3E54-260423-155841-9.RGB.tiff,train,PICADURA,.tiff,2429030,True,,ddad44c9183fef5d4647d8f2b54eecd7c6045e800b8247c7c001465efd494d42,2122,837,3,RGB,TIFF,1,1776114,2.5352449223416964,31.997444420797315,30.86048192852486,26.650633912012406,29.836186753778193,30.720511039831905,b4fc4a047ca04253fd7ec6bbafcf98b5fd3eeafdbc414a8f314e9b0c02ce57d7,c360c64738186030
train/PICADURA/704F3E54-260423-155845-4.RGB.tiff,train,PICADURA,.tiff,1600448,True,,be38bba53dedab3f87fd8401549e2013c9e4bc39baff48f4b3ebd8f38d1bd4f0,1744,729,3,RGB,TIFF,1,1271376,2.392318244170096,28.795438957475994,27.383930481619913,23.181336599086343,26.453568679394085,27.326875813292055,4d50a78775388a61793959b14d154c7c16eb7f2f24b5a5cdfb40f1809560bc31,3084b868ecf400ed
train/PICADURA/704F3E54-260423-155847-5.RGB.tiff,train,PICADURA,.tiff,1783496,True,,62f85060fa8a44348257b3d9ad4322106e968ce6f775706b0edd42f2a742bc09,1828,738,3,RGB,TIFF,1,1349064,2.4769647696476964,30.264453724953004,28.910728475446682,23.846766350595672,27.673982850331786,28.738200642816054,308e93908fc883e52156f44860bf778586089467d6c1d098aac9921a63b3b683,88e0e0f068a070f2
train/PICADURA/704F3E54-260423-155849-3.RGB.tiff,train,PICADURA,.tiff,2046254,True,,dd07ea049d1fc691ae5b0da8694de6cd860f407401390cd1ea7c67408cda931e,2058,786,3,RGB,TIFF,1,1617588,2.618320610687023,28.73774595261587,27.484276589588944,22.844599490105022,26.35554067743661,27.330140739792828,9761da179610f0d2a1dfe22e2e1a902a5483931f789353d5545e76dfa2725458,c8c1c3c0301141c0
train/PICADURA/704F3E54-260423-155853-2.RGB.tiff,train,PICADURA,.tiff,2148664,True,,021e5e61498a5ca11737ad6842798d814069a60b4f7639ea1cb647fbe5ec973b,2011,827,3,RGB,TIFF,1,1663097,2.4316807738814994,31.2106058756645,30.005205348816094,25.93851350823193,29.05144157757084,29.90201723651717,679b92bb1265b686e48cb9ae6e3e9647e9cc68d57a7b7ee82abd3596c8a81831,6460627959d07010
train/PICADURA/704F3E54-260423-155856-5.RGB.tiff,train,PICADURA,.tiff,2145052,True,,09de344cccb39af1ffbcae62b8a1f2db79a6aacc94fa18dd1784dc6d43960dbf,1977,840,3,RGB,TIFF,1,1660680,2.3535714285714286,32.312743574921114,30.945132114555484,26.633871064864994,29.963915584780533,30.862564181540094,5f669345995d7c9e40368ac8e41f514b522d1583dcb42eb8ce42f000ea208871,a000c27c28403810
train/PICADURA/704F3E54-260423-155858-0.RGB.tiff,train,PICADURA,.tiff,1518062,True,,145b588459f3928c94c49ea076911c96e1789c861e23d06a91b43f07db66ea7e,1840,700,3,RGB,TIFF,1,1288000,2.6285714285714286,26.628229813664596,25.41941149068323,21.219990683229813,24.422543995859215,25.30211419720497,8606f4a00ba2c6a096e8595cee917d76a67a2f5eb25e188eeaf055963f478a36,2ce86a48e2ba30f2
train/PICADURA/704F3E54-260423-155859-7.RGB.tiff,train,PICADURA,.tiff,1703290,True,,7efe69bfb41f26946d5adebe42f507b64ed1c5bf44c1e65fb3ceb2e84a13ee43,1740,739,3,RGB,TIFF,1,1285860,2.3545331529093367,28.48383105470269,27.248465618341033,23.096336304107755,26.276210992383824,27.144497141990573,89d2d0b2d08f9f364a3fda2f33f3850ffa2e625e6d397090d5ea1dd9c040bf51,604062e0212060c8
train/PICADURA/704F3E54-260423-155902-4.RGB.tiff,train,PICADURA,.tiff,1985112,True,,f34a4d58641e4a70c9d1db15455aa9f94ccd385ae1fa8cbc2c2a3dde7a5de15b,1990,785,3,RGB,TIFF,1,1562150,2.535031847133758,28.291368306500654,26.534713695867875,23.383428608008195,26.069836870125574,26.70070692443107,d2ff2b8cb911485a2e144203119a58e472e941f5dbcb9542b639b50683f94c52,507028f021507040
train/PICADURA/704F3E54-260423-155904-6.RGB.tiff,train,PICADURA,.tiff,1951910,True,,4e04b1bd18c98ce2f1679486fc7e9608bae6410bf20d9a854ea7a9ff8cbef1d6,1843,809,3,RGB,TIFF,1,1490987,2.2781211372064276,32.699791480408614,31.128943444845596,26.70622547346154,30.178320132905252,31.094437158741155,60a31dab637eda3b6ad168c38dc24d06795a17068e70b21168a2de0cac72af80,f078e80e287034f8
train/PICADURA/704F3E54-260423-155905-9.RGB.tiff,train,PICADURA,.tiff,1773756,True,,4a5e088270f7f29f51835e7c4fba077dd0e8198fada86a61c86781a9e5e3faeb,1879,761,3,RGB,TIFF,1,1429919,2.469119579500657,28.277557679840605,26.515147361493902,22.959195590799197,25.917300210711232,26.63672954482037,c58424a4878e3c437ebea5f24416f081feca128d071ba279cbe606f33269dd2e,60e0d8e0b0607060
train/PICADURA/704F3E54-260423-155908-5.RGB.tiff,train,PICADURA,.tiff,1637340,True,,628d580bfa5785a266d10f968d136d19d7d1616f65d5e92313f5f0c4e289dd7d,1770,720,3,RGB,TIFF,1,1274400,2.4583333333333335,28.119801475204017,26.65243957940992,22.829573917137477,25.86727165725047,26.655374100753296,7ed5fa03a4697af882dc0266ef9d16ca1e2375ddec068c39115df82e06634d2e,4082c6b024485088
train/PICADURA/704F3E54-260423-155909-6.RGB.tiff,train,PICADURA,.tiff,2321258,True,,73c5a8c8baa04d548774c0a318cb1545b0864147cb312965caac0e77063e072a,2057,809,3,RGB,TIFF,1,1664113,2.542645241038319,33.38422210510945,31.46319811214743,26.457098766730383,30.43483966132909,31.46688896066553,ff0d23fd8e12028b3c52d6a3d74431c13f2e8ba95aee501eaae9d3089f0dd059,70028cc14100c282
train/PICADURA/704F3E54-260423-155911-3.RGB.tiff,train,PICADURA,.tiff,1837840,True,,6c10f709bd6db660a6cbb672ad8755539bd4fbf488cbd9c43316049fcadd1bc9,1862,760,3,RGB,TIFF,1,1415120,2.45,29.582144977104416,28.0855065294816,24.0415258069987,27.23639243786157,28.07198762295777,0c8c55a4903a4264189c76ccf225ff048eb100c696fa4bfd48cbf2a943f1a2c6,607870a624703068
train/PICADURA/704F3E54-260423-155912-9.RGB.tiff,train,PICADURA,.tiff,2202578,True,,2bfcb10cc62449c40f2353608c6472e0e5f13d3f487aa007df8a595f180b5e92,2012,837,3,RGB,TIFF,1,1684044,2.4038231780167263,33.72764013291814,32.164623964694506,26.885540401557204,30.925934833056616,32.03015027279572,d9776ba29808c83e8acb4abea4e80c5504a1f49010748938107fd9c4c4ac9864,417de160e0e05860
train/PICADURA/704F3E54-260423-155914-8.RGB.tiff,train,PICADURA,.tiff,1820054,True,,9b935994e24b831b2dcab65c5749ef3ccd45c2cbf87925da05173c9e8344888f,1831,771,3,RGB,TIFF,1,1411701,2.3748378728923476,31.40601586313249,30.318051060387432,24.88379550627222,28.869287476597382,30.023847403239067,d4071ebe6cc6d05a8f26ba2fdf5714a8656e999d5f8a8e543a021e7b36011961,300cb58f202006c8
train/PICADURA/704F3E54-260423-160024-0.RGB.tiff,train,PICADURA,.tiff,1537558,True,,deaa170902f985c79007875c91573939a9d02a19ac8f315c7a56b982121dafd3,1754,709,3,RGB,TIFF,1,1243586,2.4739069111424543,28.669836263837002,26.94862679380437,22.544636237461663,26.054366431701013,26.96121350192106,820deeeb3b1538cd78d5a3d6e4a4c4683e91d4528868f72f0c65902384b64692,3238b0f5ece23040
train/PICADURA/704F3E54-260423-160026-0.RGB.tiff,train,PICADURA,.tiff,1937930,True,,db489e7bb4379a61652b5da07e444d1c21ac40a962f8d5a350023333be9b1479,1930,762,3,RGB,TIFF,1,1470660,2.5328083989501313,29.762394435151563,28.475983572001688,22.968321025933935,27.06889967769573,28.232746889831777,a7ac7426c0d1248ab9aeb1414e6c859b995c5e1f7142bf1440417f69d69b2dc8,98e0a4e772906262
train/PICADURA/704F3E54-260502-172404-9.RGB.tiff,train,PICADURA,.tiff,2086252,True,,60f4483f0c621912a203f24c685dda6ca5b2bcce3ba6af26142f3ec10f67d0db,2040,813,3,RGB,TIFF,1,1658520,2.5092250922509227,30.90113233485276,29.26344029616767,24.96038455972795,28.37498573024946,29.262561861780384,9d034cbf6c20cefe66c548f57d071678533431b4c528630556ab9fbc28ecc078,f1c15138205070c0
train/PICADURA/704F3E54-260502-172406-6.RGB.tiff,train,PICADURA,.tiff,1732502,True,,0d2a7a84c400be359a797a20eb812f90e54cfe0859770d43084c80c1e4af774c,2047,730,3,RGB,TIFF,1,1494310,2.804109589041096,28.96851055001974,27.952063494187954,22.886500793008143,26.602358279071947,27.678507015947158,1772ace3b8653e295b67a4d01d99e367aeded5ddb4f9dc6f7755cfd84b235f41,18f1d91850d23838
train/PICADURA/704F3E54-260502-172409-5.RGB.tiff,train,PICADURA,.tiff,1623484,True,,546efbdcd7d0f250a75e588df5cfddb23ee90ac0721270d675bdac8468cbf546,1910,711,3,RGB,TIFF,1,1358010,2.686357243319269,27.573938336242,26.641222082311618,21.73505423376853,25.31673821744072,26.360801107502887,3d8a7b9703f560810bf5ac114756825f1b7148ef2d78d5f830a9ff2b2a30b71b,9833c46060407260
train/PICADURA/704F3E54-260502-172412-7.RGB.tiff,train,PICADURA,.tiff,1473272,True,,20221cb1342d1303e1fe0e491816afcfd3fb1ad1e53cae8853e3ff2b4e70c334,1737,724,3,RGB,TIFF,1,1257588,2.399171270718232,26.796271115818534,24.56388976357917,21.473575606637468,24.277912162011727,24.879075974007385,7ee5f5c00d1adc641cc6695501454b2dff09024c6ed4db46355e8fa3634b5cfa,10f9dd90603018b0
train/PICADURA/704F3E54-260502-172415-5.RGB.tiff,train,PICADURA,.tiff,1920734,True,,8d28510044dd359d8c5608f526fb173f9278e2be4aa72aafe76eb7394528c447,1998,784,3,RGB,TIFF,1,1566432,2.548469387755102,29.64646023574595,28.736705455455457,24.093068195746767,27.492077962316056,28.479347487155522,bc45e20b26d64aeecdbcb586361be9c1658cc9672601c017952ff32e8f1c2556,6480443c38305838
train/PICADURA/704F3E54-260502-172419-5.RGB.tiff,train,PICADURA,.tiff,1802778,True,,5fa6ed319a6bd9a5820c1cc9726cb1416968743af734308499399472d7fe34b9,1881,824,3,RGB,TIFF,1,1549944,2.282766990291262,30.95551129589198,30.22544362893111,25.334517247074732,28.838490723965943,29.886168253820784,63c869b9e14c0472af60a9e40c554579ba0f7d56b049d443996cdc33c3de95bf,767cf90088b87040
train/PICADURA/704F3E54-260502-172438-5.RGB.tiff,train,PICADURA,.tiff,1889158,True,,980f6ffba2c7cfb70f8fb32ae00a37177cd28b4c535fade9c26908d4546c49a2,1984,794,3,RGB,TIFF,1,1575296,2.4987405541561714,30.52844036930202,29.592680994555945,24.858434224425125,28.326518529427698,29.332768915810107,896f9ee5667f4cf56b2dbfad5f45ebdea7fd688f0676421876cf0d5c6dd36739,42f1d202082f7031
train/PICADURA/704F3E54-260502-172441-5.RGB.tiff,train,PICADURA,.tiff,1912232,True,,bfa3bd1548e7b40bfd7f0d34ea2ef9a2f879eafbf8f1e8045aa39d3ed1f9b223,1979,785,3,RGB,TIFF,1,1553515,2.521019108280255,30.139582817031055,29.10239682268919,23.802160262372748,27.681379967364332,28.80828846712133,848005d0ff344c2455b2b05c14fed141a4650793e21c51ead26024b1050fb870,a8dc901012069810
train/PICADURA/704F3E54-260502-172443-7.RGB.tiff,train,PICADURA,.tiff,1712506,True,,9cd32b2aea94828986ea52a61231ebbb328847ed1af25a87903f57150407c9d8,1885,788,3,RGB,TIFF,1,1485380,2.3921319796954315,29.928791958959998,29.173830265655926,24.704033311341206,27.935551845319043,28.890006959161965,05b7d82873a6ac8312be7f4de806134d4e45489c00131cac0cdaa15f1d473d04,a87f73c02239b0ec
train/PICADURA/704F3E54-260502-172447-0.RGB.tiff,train,PICADURA,.tiff,1393888,True,,a65d63ff6bed4340453cc44dd4207b37a8608d22749ea8be6e25710dbf31ace9,1820,651,3,RGB,TIFF,1,1184820,2.795698924731183,25.603535558143854,25.032262284566432,20.413191877247176,23.682996573319155,24.676498966931682,84c130b4f8b2386e3964c3a17236ad274482ee4503c97db38a6c85f2b7eb1614,60c4c4e4cc3064cc
train/PICADURA/704F3E54-260502-172500-7.RGB.tiff,train,PICADURA,.tiff,1623220,True,,a9060e3c4c07dcc351a24a4ffe720c1b6ed4617d0865ad27b7a052ca31aa9784,1841,722,3,RGB,TIFF,1,1329202,2.5498614958448753,28.059340115347403,27.3382578419232,23.01922506887591,26.138941008715506,27.061491705549642,08c850fb1e38e47818140cac210bd0dba99830e66bad56335e06238572540cdf,30e4f21c641cc40c
train/PICADURA/704F3E54-260502-172506-1.RGB.tiff,train,PICADURA,.tiff,1514582,True,,b21ef6e8753d8be02cbcd145e56fbeff661641949a3c79c3a6b2262a9872e093,1826,699,3,RGB,TIFF,1,1276374,2.612303290414878,27.425553168585385,26.368523645890626,22.90464158624353,25.566239466906513,26.289692918376588,3b53cfd0d72f91aea8105cdd4ee22ec72c501929a47895cd775e58e2ee82abdf,e0f0720b60b03060
train/PICADURA/704F3E54-260507-081738-3.RGB.tiff,train,PICADURA,.tiff,2063678,True,,9d98275b80358d08a6e7b60c146619b3af406f23c9a75dfa992bbe91ba30370e,2011,813,3,RGB,TIFF,1,1634943,2.4735547355473555,31.935070519278042,31.381636546350546,26.29384143667394,29.870182834100845,30.967104661752735,a4c91396e1ef75772e928b3170dea0787de99f24c0d3b4ad78f246793e797932,7101fbf8cccc1210
train/PICADURA/704F3E54-260507-081743-0.RGB.tiff,train,PICADURA,.tiff,2753958,True,,d7ed5706fe8e1533d04f9b21f3923542b67d029c95393bf1d28344eddf5aae40,2302,888,3,RGB,TIFF,1,2044176,2.5923423423423424,36.190630845876285,35.51256887860928,30.276787321639624,33.99332901537506,35.11843030932757,1625456706f6869bdb45fed064ecbc518b0eed8267da614bec255a2aa938cf1d,50a0ebfd408034c0
train/PICADURA/704F3E54-260507-081747-3.RGB.tiff,train,PICADURA,.tiff,2376074,True,,a79752b06714fc31222c97f13893ff38f6de4c29e30868ef841940c6c0ce84a0,2095,834,3,RGB,TIFF,1,1747230,2.511990407673861,34.43665344573983,33.681613754342585,28.41699146649268,32.17841955552503,33.307203681255466,27089a3e31f411dc9af12b4d553f36a34d3975eee7057adeb4948c12b4a7731e,70e0e4e0802060f0
train/PICADURA/704F3E54-260507-081751-4.RGB.tiff,train,PICADURA,.tiff,2119834,True,,ae338197218aa6699014a3bdc73e810f887d4e8892afb125562df0bc8476df0b,1921,855,3,RGB,TIFF,1,1642455,2.2467836257309943,34.098097664776205,32.78741152725645,29.661707017848283,32.18240540329365,32.82297636830232,18887797d4b1a2c95c20eacce90f20f9ebcc2f82831415a349bdc158a431931f,683ebef00880783e
train/PICADURA/704F3E54-260507-081754-4.RGB.tiff,train,PICADURA,.tiff,2181126,True,,6546c9d9e8a28b15f3d2ea4ddf796e4200980358454b91b18b0ae7774814aa07,1962,846,3,RGB,TIFF,1,1659852,2.3191489361702127,34.27854230377166,33.49194024527488,28.776117991242593,32.18220018009637,33.189530523805736,fffe8cfb57a8e79b0aad3f62c60c41bf4a49896e54f8de85e632f10719e0d69e,e0e1d28640c2c2f0
train/PICADURA/704F3E54-260507-081757-4.RGB.tiff,train,PICADURA,.tiff,1831484,True,,2c97917d34cffc07e5773aa2fb019a613831e69bbdbe9bc3344a12b4f68751ce,1917,762,3,RGB,TIFF,1,1460754,2.515748031496063,29.700247269560787,29.030827914898744,24.595723852202354,27.775599678887293,28.725382438795307,c6f1737c416996e6b64c8a6674cd64e63f999501f7194be28c947cfa0cfb4e64,6378a3c308807000
train/PICADURA/704F3E54-260507-081800-8.RGB.tiff,train,PICADURA,.tiff,2473752,True,,0afc33c2990ea10c694a1a6ef42fa4c98b090c8aaad65f2ffd61b17fec3c33a8,2250,849,3,RGB,TIFF,1,1910250,2.65017667844523,33.51808349692449,32.82813349038084,28.73611255071326,31.694109846006196,32.56793815521529,7472aa2346c258caf59bb93d0ea04145d76a3ee1bdcb773ecc6490bfaa24a619,a080e7fe60003080
train/PICADURA/704F3E54-260507-081803-7.RGB.tiff,train,PICADURA,.tiff,2211392,True,,03e6b7b4196cf4c49b5cdeb90ee96a4e593d94ccd2ecf31d15194cc77f839947,2114,791,3,RGB,TIFF,1,1672174,2.672566371681416,32.30473383750734,31.208798247072373,25.918910352630768,29.810814145736828,30.93343576864608,aca374b99c8a148a89fe8fe199c1a4bf5cb5d8f1484da0d60da3ca11f547b22a,5180cfff1d406012
train/PICADURA/704F3E54-260507-081808-6.RGB.tiff,train,PICADURA,.tiff,1949430,True,,9e4439e4cbb2921ed70fb1b5e2d97b0e1245824ac00e0a1d65dc01dfacb717f6,2019,767,3,RGB,TIFF,1,1548573,2.6323337679269883,31.172884972164695,30.43011662995545,25.028231797919762,28.8770778000133,30.036389493423947,67e30b6eef7e993ad3dc151d0ef4066f5a372a1f00f4c35739fda3f06f09ae7e,6870aee151307150
train/PICADURA/704F3E54-260507-081813-2.RGB.tiff,train,PICADURA,.tiff,1640476,True,,b1efdada97e77bb2b3cf1b8de7f9178aa2b81579919283dd9532adff2334a4f5,1848,696,3,RGB,TIFF,1,1286208,2.6551724137931036,28.481018622182415,27.029278312683484,22.457298508483852,25.989198481116585,26.942142967544907,dbb867be3b82e75cdbc045d9356446298fab07b689e12f1de543c7afceee2b6c,71e0c2b6a0403090
train/PICADURA/704F3E54-260507-081818-8.RGB.tiff,train,PICADURA,.tiff,1935120,True,,cba751d2b9621a70d8eba5b96646f7748d54163d9841a9f0a0f707399f0a0d02,1913,775,3,RGB,TIFF,1,1482575,2.4683870967741934,30.746424295566836,30.06293037451731,23.911743419388564,28.24036602982424,29.56605974402644,041f9573689a998f3ccd671f576c8c58f4e829184bce3f24fb33c9d47d951483,62e077f188b0f098
train/PICADURA/704F3E54-260507-081822-9.RGB.tiff,train,PICADURA,.tiff,1827998,True,,270c968b094e51b7396aa54cdca20a5d0f5795126b077602cc9eb6841daf4c9f,1880,767,3,RGB,TIFF,1,1441960,2.451108213820078,27.045739132846958,25.710804737995506,22.94810882410053,25.234884231647666,25.795002787872065,e9c3b17824529b8fb365c1bd589abd0861169e73275296e7db6bfbfcfeae7eb4,61e0e3e1d0d0e1d0
train/PICADURA/704F3E54-260507-081834-7.RGB.tiff,train,PICADURA,.tiff,2677550,True,,ee9438ddad43a3930f545a20a18d65270198e04e4d2db12fbd8e0a3ae261201c,2078,941,3,RGB,TIFF,1,1955398,2.208289054197662,41.31058127296847,40.459463495411164,36.910118042465015,39.56005427028155,40.30932232926494,004c41907816e5a4dbed5a33cc73fdeaa0d8ea858768428714e03f019663c44b,f0fcfa8200f204fe
train/PICADURA/704F3E54-260507-081840-3.RGB.tiff,train,PICADURA,.tiff,1949480,True,,184bc7db952de1b863ba037019820af618ea6ab5df06b01965dc136187c85c08,1931,797,3,RGB,TIFF,1,1539007,2.422835633626098,32.61068143289797,31.454678893598274,27.666399827941003,30.57725338481242,31.368459839363954,bd2d5dfc3481356a5af4050f16c65736abbe03360a47fa074f8b7624a0f23573,a1b0e6ef4cc67044
train/PICADURA/704F3E54-260507-081843-4.RGB.tiff,train,PICADURA,.tiff,1725416,True,,12f8278c660babdf3bc1ee160aa99a7e8b9c62cb19c6b5cf5a1eabd8d59e8086,1860,733,3,RGB,TIFF,1,1363380,2.5375170532060025,30.138783758013172,29.521391688304067,24.664852058853732,28.108342501723655,29.15234639938975,37d4a2a3fc6bfc10a1cec03ddfc75408fe8f52b0e5f81549b36318a527a81cd4,20e0fee7f0c860e0
train/PICADURA/704F3E54-260507-081913-2.RGB.tiff,train,PICADURA,.tiff,1890308,True,,ad43561a93e84a661148c093c6eab19acce661a4d2d20ccf012c3fdf16390c28,1936,799,3,RGB,TIFF,1,1546864,2.423028785982478,31.15391980161152,30.289176036160903,26.278751073138945,29.240615636970457,30.090545976246133,20b1236e04eedea029acacb3247021aa6351d41c4ceef882cd17d022db44a81e,606898c41860506a
train/PICADURA/704F3E54-260507-081916-6.RGB.tiff,train,PICADURA,.tiff,1833494,True,,352f1fcf14cb8351958f16000e21b3f0fa36fdab1591895c5bacbe00ada8ec6f,1993,762,3,RGB,TIFF,1,1518666,2.615485564304462,28.718358743792248,27.794238496153863,24.152940804627217,26.888512681524443,27.655442513363703,b0f2a09abffce8c08f4f0dbb3e23cb48f047370a2962c95e1adcb0f7647cd821,50a1eae472fe3070
train/PICADURA/704F3E54-260519-145412-0.RGB.tiff,train,PICADURA,.tiff,1862622,True,,61c0f4fa156f162bb9bf2e6c1a741d7f69039ec673815131b140aa51ec8fcf5d,1964,785,3,RGB,TIFF,1,1541740,2.5019108280254776,28.522862480055004,27.438740643688302,24.52598557474023,26.829196232827844,27.430838994901865,e09be59ae3c1a095d63451f0424403c4ed46a35eed33bd31a18797d29f31172b,30f8d478c4383030
train/PICADURA/704F3E54-260519-145414-1.RGB.tiff,train,PICADURA,.tiff,1987306,True,,e291031e76da9e06dd8a5ae13cb9ddfc35748a15d1a317c26ba7e15fc1dc18a2,1988,819,3,RGB,TIFF,1,1628172,2.427350427350427,33.46256230914179,32.665963424011714,28.624780428603366,31.584435387252295,32.443451629189056,3c0fc9e4a3ca6d16247c0afd3e8b35d411b96041b635435a30be5c656d9f7383,e0f0fae06172e0fa
train/PICADURA/704F3E54-260519-145415-7.RGB.tiff,train,PICADURA,.tiff,2562142,True,,72e9dadd9d77a2f8768ffd479f5b9585fd4f3bb036183246bdf24bc4019b8403,2164,913,3,RGB,TIFF,1,1975732,2.370208105147864,34.89197725197547,34.40510504461131,30.69370238473639,33.33026156044105,34.12757993138746,5209093027eb50224389699701b42671ae113e463adfe293c28c033964c2bb98,041da616a3b31d88
train/PICADURA/704F3E54-260519-145417-6.RGB.tiff,train,PICADURA,.tiff,2599556,True,,470e744fc1863e7c6f0715c38726ddf0f9ab05daff1ed2da3f4adaa1b04beda9,2143,931,3,RGB,TIFF,1,1995133,2.3018259935553167,39.42173579405483,38.335391675642676,34.5799272529701,37.445684907555865,38.23208562286324,a0d93897b005eaffa7cd3fa0ecf754dbf13d37b6b52afef18c98115fd4b742d3,181c9ec3e3125a38
train/PICADURA/704F3E54-260519-145418-9.RGB.tiff,train,PICADURA,.tiff,1869644,True,,9ac5b59f6072b463bbf6c580a6beb3f983492af3a901c1633225fd03843c0dd0,1917,764,3,RGB,TIFF,1,1464588,2.5091623036649215,33.596485837655365,32.976098397638104,27.611026445662535,31.394536893652003,32.54997603967805,54baf635ef58479acd11bba4bd4f992d9162789e71e634f836b5efafad90d668,6422f4f0f8986478
train/PICADURA/704F3E54-260519-145420-6.RGB.tiff,train,PICADURA,.tiff,1704666,True,,0f119df8fcd735023137c33941665b25388b3cc99752c05a4ea0dffe1e8f2f06,1855,701,3,RGB,TIFF,1,1300355,2.646219686162625,36.651633592365165,34.22159256510722,28.924396799335565,33.265874318935985,34.34429451495938,3fb645998f576d25cd46e84a26ec74663d5886957f9eeaa2c7b9a6a25194edc0,c48fc00178d20632
train/PICADURA/704F3E54-260519-145425-8.RGB.tiff,train,PICADURA,.tiff,1813032,True,,1083b3fb3018b94fcefc4ce60d8886b86c21b8692a2b9d926144a0b12760c631,2011,743,3,RGB,TIFF,1,1494173,2.7065948855989235,31.95831473330063,31.070005280513033,25.421860119276683,29.483393377696782,30.691721258515578,2cd7c6d60695d2adb44c1538fdac35f63c88da598c2a64c40ac45a098c8a5e79,383c5c7830321c38
train/PICADURA/704F3E54-260519-145427-9.RGB.tiff,train,PICADURA,.tiff,2027926,True,,73675bb7613fd7acf993f475e0c25097edac481d991f61e670da381f6f532d64,1973,815,3,RGB,TIFF,1,1607995,2.4208588957055213,35.94874859685509,35.18044894418204,30.721839931094312,33.950345824043815,34.90188911283928,baf433f3f0b05a0b6e6ae19ec9f39b461ccd7c21544dc9ab114c21e56f31fac9,88a0d8fbf2722072
train/PICADURA/704F3E54-260519-145432-3.RGB.tiff,train,PICADURA,.tiff,1932474,True,,d5be905bf117c1d985a4b444e6c455d86b0f4461dc09c485e280b2db35796c53,1995,814,3,RGB,TIFF,1,1623930,2.4508599508599507,33.25457316509948,32.91147401673717,29.03952017636228,31.73518911939965,32.57265792429476,2e7c41aba85a130ba3caed6418d4940934c417daad3fd5af4633e31216034549,8281e2fe7cfe0078
train/PICADURA/704F3E54-260519-145435-4.RGB.tiff,train,PICADURA,.tiff,1698486,True,,9d309d787bfcff03587112bea70e7f3dc48ff5f2b0e4440f099ccd9f25d73e9a,2000,731,3,RGB,TIFF,1,1462000,2.735978112175103,27.66878385772914,26.99321614227086,23.328294117647058,25.996764705882352,26.777409778385767,ec92311870744148008de34a3aa9af64f32535ae495d2bb7365296b5910d0f54,61f0c5f0f23078e0
train/PICADURA/704F3E54-260519-145436-6.RGB.tiff,train,PICADURA,.tiff,2264420,True,,d0c7722090020d84c34eb96788b6625ce5cfd86241daa47d6dfa1e7a554f79fd,2050,849,3,RGB,TIFF,1,1740450,2.414605418138987,35.519311672268664,34.61530925909966,30.81481053750467,33.64981048962433,34.45234912637536,227f64f0fd1978464f8e3ceadfe520cbff9100aec9f1ae1936ab0ed0c8a52b6d,c8e0c2fcf2a06c80
train/PICADURA/704F3E54-260519-145440-3.RGB.tiff,train,PICADURA,.tiff,1964452,True,,3245448a65f7faaee7ad2fb3d497e3830333d8f99d85c1f906ed6de43aaf704c,1997,832,3,RGB,TIFF,1,1661504,2.4002403846153846,29.743871817341397,29.052521089326298,25.78380070105158,28.193397869239757,28.886600832739493,72c56fc30679fc4dd95851fd6e57536457fc22592faab3e8e515f431130da341,78f9bcf020387070
train/PICADURA/704F3E54-260519-145442-8.RGB.tiff,train,PICADURA,.tiff,2556166,True,,391f04e1bf2a555e74687457ba95326d195f8ab9bfcfca155088b5fcc2d87624,2196,926,3,RGB,TIFF,1,2033496,2.3714902807775378,36.57913711165402,35.55832172770441,32.642617934827506,34.92669225806198,35.53115529511738,af5d6dab93edb44687ac6558f866aef70afef7868047efe9b6edcc9bc75f796a,e0f98806988c42e2
train/PICADURA/704F3E54-260519-145444-3.RGB.tiff,train,PICADURA,.tiff,2873076,True,,c9f6a7db8bb774f00c9786825a9bd9b3860081f749ecdfbb3ccb11383465d127,2359,899,3,RGB,TIFF,1,2120741,2.624026696329255,37.39056065780781,36.758104832226095,32.412154053701045,35.52027318124498,36.45177073532317,091a6d3f87d24437d93e264034e13c7a013685c8d281eccf7872d4d41e0e2c96,0c988c6361e35070
train/PICADURA/704F3E54-260519-145446-1.RGB.tiff,train,PICADURA,.tiff,1665232,True,,af756d846173bc766f4d00f2233012fac1f5ceb95c83631db3889f4866a35c4b,1771,767,3,RGB,TIFF,1,1358357,2.3089960886571057,32.05507756797366,31.249413077710795,26.991541251673898,30.098677299119448,31.004909372131184,07f00295e4db5762f64d8a12153c483312f75bb0fe12e387934c777a354541f1,e0f1c1a061d0a0c2
train/PICADURA/704F3E54-260519-145450-0.RGB.tiff,train,PICADURA,.tiff,2060076,True,,4157d80acd11fb25f41f33a4bdb8e876f1c3abffc216d6bd917e670a7b3b7f3d,1989,862,3,RGB,TIFF,1,1714518,2.3074245939675175,33.48962740548656,32.76780004642704,29.42548984612585,31.89430576601315,32.6026030639515,d822567dae24f1ddaddf5f01b40e8b23dac5b21afd8fb8356c91910395c79ec7,683fbac01c2a300e
train/PICADURA/704F3E54-260519-145452-4.RGB.tiff,train,PICADURA,.tiff,2586740,True,,ce1fe5973eb4eaf61cb7fc762244073b1497add399cd7624d586e0cbc7ff0569,2222,903,3,RGB,TIFF,1,2006466,2.460686600221484,36.98378542173154,37.086545199370434,32.21098438747529,35.427105002859086,36.50000609330036,bcfccc3f7cd32b5f1cac6bfb128a1b88ff10f0e54f074a809bfa32a9fdf5140d,e030c7f808807032
train/PICADURA/704F3E54-260519-145454-1.RGB.tiff,train,PICADURA,.tiff,1906974,True,,60019e41055dd187be7f5ee5981c2fe7c177c79d07e7db719b5a04136bb8d756,1989,787,3,RGB,TIFF,1,1565343,2.527318932655654,31.76203554109227,31.13243614977676,27.165438501338045,30.019970064069025,30.868448635858083,1ad07a7e31d96279256325dceb14cfca6406d28a5e00f04b46a22198eef74af7,c2a4820838b83418
train/PICADURA/704F3E54-260519-145456-9.RGB.tiff,train,PICADURA,.tiff,1815156,True,,7bbfa6c25316fa063ddeaf7ec8bb9f8479b85a4797b5a07d0d02c6011445daf5,1910,763,3,RGB,TIFF,1,1457330,2.5032765399737875,32.26239012440559,31.46184940953662,26.4972408445582,30.073826792833472,31.135245706874905,97e395b2573565431a60a000faaab9fd77a2569e4f4935a8e5f6d69944f4f2e9,78e0e3e0e17070d0
train/PICADURA/704F3E54-260519-145459-4.RGB.tiff,train,PICADURA,.tiff,1359216,True,,45f9f5ebb71903d99d1c4c8962d098cc9f8423398bee87d77a1231518bf73f00,1651,706,3,RGB,TIFF,1,1165606,2.3385269121813033,26.856913914307235,25.76439294238362,22.976200362729774,25.199169073140208,25.77320275890824,5b5adb5dad524e8028b7c9165e93bb7382a72164a5a9231390e0fd712ae6a329,f0f0d06064507090
train/PICADURA/704F3E54-260519-145501-6.RGB.tiff,train,PICADURA,.tiff,1418316,True,,964ba89c0da041b523770c55ba1bbe12e6b5e03cde038d411e6f23a1d5b9d235,1827,664,3,RGB,TIFF,1,1213128,2.7515060240963853,28.186718961230802,28.02035234534196,22.705604849611912,26.30422538539489,27.464214748979497,d6ebfe26963b509fc21cf547afa8382202cbbd894d77624ab9c5b97887dc2a3a,e0e0d83831c09038
train/PICADURA/704F3E54-260519-145505-5.RGB.tiff,train,PICADURA,.tiff,2103628,True,,1763246be050208be67d9384c34c70a48dcbd2d192e8685670d9a0be7d50c483,2002,845,3,RGB,TIFF,1,1691690,2.3692307692307693,36.97337278106509,36.43694471209264,32.18476553032766,35.19836100782846,36.11258827799419,a247ce1634459c0b968b4c1ef93dcd1a957f4a1904913b39f29fda4064a5f4a0,3806fcf8f8f830f8
train/PICADURA/704F3E54-260519-145508-8.RGB.tiff,train,PICADURA,.tiff,1749784,True,,528070e9b498ff02996ab3c7d6785dbb0e71cb1822b65302a9a2f58ee9fc5182,1991,760,3,RGB,TIFF,1,1513160,2.6197368421052634,30.68188559042005,30.445664701683892,26.594102408205345,29.24055090010309,30.07721664595945,c14bad9bacc22e67e0c2ccce39504049378f556143888ef9be375a0d4153c1cd,a07ee66434203818
train/PICADURA/704F3E54-260519-145513-9.RGB.tiff,train,PICADURA,.tiff,2336864,True,,ffdf6bbee2925b9d1e0dcb215ce3cf724a0409bc84c784b4fd37a5114cb7dfa1,2073,866,3,RGB,TIFF,1,1795218,2.3937644341801385,37.34322572523226,36.256826747503645,32.906702138681766,35.50225153713922,36.19974583643881,310b5a55ff674fe63115e721aee48494e81ed261445da18062cce92437fba2bc,e880d8fcf0fe40b8
train/PICADURA/704F3E54-260519-145517-0.RGB.tiff,train,PICADURA,.tiff,1765866,True,,0ea21e52c6aa9aada99792c126fe3af45aa44cd617e89c3c95a25df0a7f753c4,1897,767,3,RGB,TIFF,1,1454999,2.473272490221643,31.507447084156073,30.097583572222387,26.976081083217238,29.5270372465319,30.163281478543972,c97469043e6a1d496ce6a6e1661c2c983831d5f0e7c84f96b533706f57a3925d,e1ccc1e168668860
train/PICADURA/704F3E54-260519-145519-1.RGB.tiff,train,PICADURA,.tiff,1711498,True,,138f6c6e59e038010af51b9b861de0ae62e86da1900102145bf45fde67b8c048,1902,755,3,RGB,TIFF,1,1436010,2.519205298013245,31.224293702690094,31.02873587231287,26.79189072499495,29.681640099999303,30.604207316801418,04e7022a7e78cc844da48597b2ab422dbc59e4e827af8d6a6fdaa7f3d1c910ae,907eca1005301090
train/PICADURA/704F3E54-260519-145520-3.RGB.tiff,train,PICADURA,.tiff,1677958,True,,fa0407646247ac47648b5090b94950c2bc974d89f3c8742abd6fc42921ecbb96,1926,758,3,RGB,TIFF,1,1459908,2.54089709762533,29.20900632094625,28.944138945741788,24.935904180263414,27.69634981565049,28.56639552766339,83c20869f847171f1ec5c09c3108bea23b575e14ea2946f1b6252c1eefcf515e,e0c0bc3c1ce05838
train/PICADURA/704F3E54-260519-145524-4.RGB.tiff,train,PICADURA,.tiff,3246694,True,,70923656bd3b82dc777f1a73876e90093569b6c210a7431b19e5844e43269288,2282,1068,3,RGB,TIFF,1,2437176,2.136704119850187,45.67132738874829,44.60128689926374,41.20422406916858,43.82561278572687,44.53396384298877,d490d299c8216d7de7ae37b0873b9a55d2e3d0eb5236b8708de4175c702b3b5b,f882e07978f890c2
train/PICADURA/704F3E54-260519-145527-2.RGB.tiff,train,PICADURA,.tiff,2473612,True,,e1b3342cda15790034debec433cda226ccf98ada759b365331fcc1449e2cdcf5,2181,877,3,RGB,TIFF,1,1912737,2.4868871151653362,36.16583984102362,35.27137238418037,31.589832266537428,34.342348163913805,35.1191225803652,1f08e9970b277eae187ad4d43f209dd4b1d7e0edbe181ff175036e4de1e6f113,f4a0e070d2fa10c0
train/PICADURA/704F3E54-260519-145532-9.RGB.tiff,train,PICADURA,.tiff,1649966,True,,6ba8b3731ad7c727297244b1bd20b8db3d0f133388ba94000fe9bf9d287d6854,1803,758,3,RGB,TIFF,1,1366674,2.3786279683377307,31.5090219028093,30.49316735373615,27.156874280186788,29.71968784557741,30.416570453524393,a3b119f8cce1cfa93db547de3ce9991fa10a18f294fc61520b7a7418247ec38d,c4f08400d0de7030
train/PICADURA/704F3E54-260519-145536-6.RGB.tiff,train,PICADURA,.tiff,1819014,True,,8df1b9ff0eee915d60932fcb1ea2b7ae0b53c67eee51fc9b8ba8fff2180d0a58,1976,774,3,RGB,TIFF,1,1529424,2.55297157622739,30.82956328657063,29.89246997562481,26.39475057276465,29.038927944986696,29.77392086367155,88d340dfad1c71056da6baa1fb5202650c381e7bebb8f532df6ee7a8026b9d5e,c0e0e0b060f26060
train/PICADURA/704F3E54-260519-145551-7.RGB.tiff,train,PICADURA,.tiff,1776640,True,,9d6cfa521b466e83252d23b5da6a95e5298c5654cb33cdebc0c6c273dc668073,2002,761,3,RGB,TIFF,1,1523522,2.630749014454665,29.768738488843614,28.769404051927047,25.026642214552858,27.85492825177451,28.64153019910444,bd5f15a51ca3fac03b6acd9ad2cd4fa8b26b666903a15aafcc4e370602d566c7,22b98bd06522f030
train/PICADURA/704F3E54-260519-145554-6.RGB.tiff,train,PICADURA,.tiff,1746842,True,,e2bb3a5eb33b2d9aeead60ef3de239e1ffacdef965ede84746e0825e0c0b6474,2001,748,3,RGB,TIFF,1,1496748,2.6751336898395723,28.91557429841229,27.993114405364164,24.468470310299395,27.12571967135862,27.86712048654817,a8b6458de47666e4c4fd93b88b51eeafb1935dcc77f24cf2a52b6387f6116195,687cdb9830143830
train/PICADURA/704F3E54-260519-145556-4.RGB.tiff,train,PICADURA,.tiff,1341160,True,,97e9c499443c5d6745ad273d0cb3b65e6b45fbd1f4a90dbd13ee76e26c0290c0,1599,728,3,RGB,TIFF,1,1164072,2.1964285714285716,26.388707914974333,25.47122772474555,22.57825031441354,24.812728651377807,25.41575487684611,9cf14006333bd9a335bb691cca4fc27241c702a51a9d401df21c085b5aa9205f,6171b1c061607830
train/PICADURA/704F3E54-260519-145611-3.RGB.tiff,train,PICADURA,.tiff,1869326,True,,c5f08bc2e6b7f34c76f3b9d7d45cb42262eada71d93343ca8fd0f095573fae1c,1936,784,3,RGB,TIFF,1,1517824,2.4693877551020407,32.208178945648505,30.879417508222296,27.568115934390285,30.218570796087032,30.899228798595882,82993a3ba7c5f348b76a992fc1e59e994c9f46ffc063376f491e50d5c5479315,f1b8a4c0c4cc38c4
train/PICADURA/704F3E54-260519-145615-3.RGB.tiff,train,PICADURA,.tiff,1916094,True,,74dec41a9bf177a5b5d223b22955d08040fd5509c630286e561fb5194a0768da,1883,816,3,RGB,TIFF,1,1536528,2.3075980392156863,35.60580412462383,34.4698287307488,30.898541386814948,33.6580580807292,34.40235861630897,db993f44325a1d530a81b31075258710009525eca6a7e313787383e9b5aafde0,e280f2d9f4fe4070
train/PICADURA/704F3E54-260519-145618-3.RGB.tiff,train,PICADURA,.tiff,1668610,True,,56bd27951976344f1166966917b2f6762a254d38566ecec2d93c23fc0f3a6962,1859,726,3,RGB,TIFF,1,1349634,2.5606060606060606,32.50328237136883,30.639331107544713,26.332038908326258,29.824884129079933,30.705621224717216,e06651f4fef70ca04b207ccfecd0f086061190465dce5e9a38f83184351997b9,dd386c1868181a60
train/PICADURA/704F3E54-260519-145621-3.RGB.tiff,train,PICADURA,.tiff,1780142,True,,39dd4a8bcc99caa3d623f882efbfcc30fbbb39295f6b237f336de421c468d68a,1857,726,3,RGB,TIFF,1,1348182,2.5578512396694215,33.121728371985384,31.100105178677655,26.253737255059036,30.15852360190736,31.152084570184144,91d2abe31da936d4ac6c30979fc61e0bcdf17041d1bc801984ddfe834e24bc1b,1030dc78a8103870
train/PICADURA/704F3E54-260519-145623-2.RGB.tiff,train,PICADURA,.tiff,1677138,True,,3a843225c548c7769c3824b5dc8cfc2ad72af34a1dc5db188ee1683585dc2598,2001,753,3,RGB,TIFF,1,1506753,2.6573705179282867,29.56067251898619,28.983548066604147,25.95408338327516,28.166101322955168,28.810749303966873,f4dcef5a7d431e7a70938b8366eff50cbd80175a2423e1856d7d0807646ac15e,617f3ec08c331840
train/PICADURA/704F3E54-260519-145624-6.RGB.tiff,train,PICADURA,.tiff,1659306,True,,5ab6b89464d7e147dac1f3a9232bba7e2b38af3163a05cc987b99d9e3397f6eb,1887,771,3,RGB,TIFF,1,1454877,2.4474708171206228,28.405498196754777,27.83679032660493,24.73085353607212,26.99104735314394,27.65275718565899,3a50e6e3dd9b9f7c04990acc9e76e9a000db950246e3bdc049f3ec83cfb48045,c0f1e3e060809020
train/PICADURA/704F3E54-260519-145627-5.RGB.tiff,train,PICADURA,.tiff,2107098,True,,d36de3364109b4557dadbaa096820fae08ba5429189ec0710f76a4d60c159bf2,2051,865,3,RGB,TIFF,1,1774115,2.3710982658959536,32.0190866995657,31.609040563886783,28.224802788996204,30.617643350816227,31.345841252117253,5b4490f258fa94d21c039c4a563b9bbd8fba376bd8800e0848cc219737f93be9,cc0c32783144180c
train/PICADURA/704F3E54-260519-145635-0.RGB.tiff,train,PICADURA,.tiff,2333852,True,,ce15e7e7d9a34fefe4d2875e6b0c89bed40a96a5a84f2a3476dec9a73d4f8889,2106,881,3,RGB,TIFF,1,1855386,2.3904653802497164,33.74430441967332,33.46690607776495,29.32146087121494,32.1775571228844,33.07726742844885,3bdc358df6165e3b6a3fa98293e0d901b9bd31656cc7e0de4eb6f3693620411a,69e9e3e0f2f0f0c8
train/PICADURA/704F3E54-260519-145636-8.RGB.tiff,train,PICADURA,.tiff,1493358,True,,f18f2d04129c5693942aa841b71f5c30609cc3c15a9500380b2a672f14431393,1800,701,3,RGB,TIFF,1,1261800,2.5677603423680457,29.914550641940085,28.80343873831035,24.92821128546521,27.88206688857188,28.693885267871295,3580bb802ede964518b1b4531e2253a97864dab9b9a00f4254d07734b711835d,19f1bc62e0c2f0e0
train/PICADURA/704F3E54-260519-145638-8.RGB.tiff,train,PICADURA,.tiff,1798706,True,,f5e288739afa826f004896c6d8f30e90bf484534ef9fabb954e39b9b5d25c419,1968,792,3,RGB,TIFF,1,1558656,2.484848484848485,31.277131066765214,30.77721511353371,26.731115140223373,29.595153773507434,30.46543458659255,d1984e306998c1600b9dd2becdc33daad950bfd3cc9acc543243fc6dbd48aa2b,c0441ff03884f080
train/PICADURA/704F3E54-260519-145641-6.RGB.tiff,train,PICADURA,.tiff,2357428,True,,34b378c19bfddc8b130672ffbd957874837965db206ce6e70e476fa72bdf3ea4,2026,899,3,RGB,TIFF,1,1821374,2.253615127919911,37.086141561260895,35.85395695776924,31.99935927492102,34.97981926465038,35.78295601836855,d27c98f3d22df494c2b9df5484ed876c0984e0231775e1e04ad48f34586138a4,d4fdf98370f410d0
train/PICADURA/704F3E54-260519-145644-5.RGB.tiff,train,PICADURA,.tiff,1789126,True,,a0524ceec7653b93e7f89195751567fcc35bee1de47fd628e073431fa1c400f9,1855,713,3,RGB,TIFF,1,1322615,2.6016830294530155,33.111281060626105,31.375321616645813,26.868200496743196,30.45160105800504,31.380561682727024,ee314de8584edf6509dd0be5bb5ce70c2a1e63678b785d9fe5b6499a50e8f420,c22236e038422242
train/PICADURA/704F3E54-260519-145647-5.RGB.tiff,train,PICADURA,.tiff,2658872,True,,ebcd726f6e8c4cc6b2c4e0c11484726238954f0abb3b3b3a0c32c1c6d4c78ac9,2371,856,3,RGB,TIFF,1,2029576,2.7698598130841123,35.927966235312205,35.58678758519021,30.370548823990823,33.96176754816441,35.09414878279995,74f24ec2057b907dbe3d921677f6aa37d3ab41947b2de82c952dab3bfc5bdcd5,58b0f0e171f27010
train/PICADURA/704F3E54-260519-145650-5.RGB.tiff,train,PICADURA,.tiff,2743542,True,,fe061d8f524526803ef4ceff4ef080e8e3ea7429bfa1812612b55b9a7a9f212c,2274,912,3,RGB,TIFF,1,2073888,2.4934210526315788,37.61367441250444,36.327522990634016,32.15344415899026,35.36488052070957,36.23623727896588,0662667a6aeef96ad28f160fe730f0814a041295ab9137d2d21b8f0e0e46014d,c8f8f06064f060c0
train/PICADURA/704F3E54-260519-145652-4.RGB.tiff,train,PICADURA,.tiff,1641722,True,,3075dcdbbc08429403e6a65a55687d1d863e7b89440e1aaff07f1359e9c626cf,1916,749,3,RGB,TIFF,1,1435084,2.5580774365821095,28.30281781414886,27.547026515521043,23.77689389610643,26.542246075258777,27.343212995197497,976f37ac15d4f1c6e51b06d582f75753488b48221265f49bfc026b2a57f50f28,e4e6c68e38986618
train/PICADURA/704F3E54-260519-145655-0.RGB.tiff,train,PICADURA,.tiff,1826292,True,,c07d5132ba36ef387f333abcbbb2397216031a31bea0656dff7d9cde5f84a1ee,1895,807,3,RGB,TIFF,1,1529265,2.34820322180917,33.03788944362161,32.39557696017368,28.726416284947344,31.38662756291421,32.1693440757488,49003b5df472e588d2d5943ea4f319a1f11b67f343c9d77786461a0d352b4b7a,20e0fe7cbefe783c
train/PICADURA/704F3E54-260519-145657-4.RGB.tiff,train,PICADURA,.tiff,2026742,True,,71d5e3bf51f1d09e6aa2dc0f626a5e07980c7107048aba118a6726a8dd1ca5c2,1989,846,3,RGB,TIFF,1,1682694,2.351063829787234,32.02174726955703,31.42913684841094,27.872787922224717,30.441224013397562,31.20090358674839,76d5b04079f97a5914d44c23a3add4f38a7d721f02875472e64f3aad1243486c,4075c5c084d02040
train/PICADURA/704F3E54-260519-145700-9.RGB.tiff,train,PICADURA,.tiff,2209138,True,,4748f9aac0c2c2a61493e42fcb47b6a9a33e719c9bab72530c82e42414a2729e,2084,878,3,RGB,TIFF,1,1829752,2.3735763097949887,32.44961448327424,31.982866530546215,28.46651786690218,30.966332960240877,31.72156042075647,36ec4434e49626f7b2389ad831987e94fe50ca4867eccf6ac5a9eb35778496ad,60e3f2c060606010
train/PICADURA/704F3E54-260519-145703-8.RGB.tiff,train,PICADURA,.tiff,1770368,True,,a0256c5b9053136146c03657ff7ffbeb5e6fd2456b87153a57e6f4fce1ddaf0d,1955,737,3,RGB,TIFF,1,1440835,2.6526458616010853,32.41987319852724,31.57693906658292,27.62385977575503,30.540224013621735,31.37832533287989,3419773a5b95e9c34d4ee7d7f792ebc48ad919ceaa144bd4343721bbdb8bec47,48f0e101e0e83860
train/PICADURA/704F3E54-260519-145706-8.RGB.tiff,train,PICADURA,.tiff,2860726,True,,a4111a7f91fdf42066e103554e153a748a657616484cb50deb05dc24721b68a2,2355,925,3,RGB,TIFF,1,2178375,2.545945945945946,36.154392609169676,34.93357433866988,31.724872898376084,34.270946615405215,34.93280703735582,9e8efa2cca5cc53b53a9809412e82d2d1420dd0cddf610d8253bb5ffab166e31,c8f0e12760a260c0
train/PICADURA/704F3E54-260519-145709-4.RGB.tiff,train,PICADURA,.tiff,1579390,True,,e59bd0f95ba13981d6742886f7335783d5f9f301eee44bcd838b1a475b6b4904,1851,725,3,RGB,TIFF,1,1341975,2.553103448275862,28.510277762253395,27.629847053782672,23.900343150952885,26.68015598899632,27.46793239069282,9caf049a8e59d80f5171d80744091e6211fad11f90b778416296034006342781,e09c921c31143800
train/PICADURA/704F3E54-260519-145733-4.RGB.tiff,train,PICADURA,.tiff,2023490,True,,862903fc39cb4e1cb31caf54f352440dc1c81a9be74cffb8c6c0e39e94c35424,2033,793,3,RGB,TIFF,1,1612169,2.5636822194199245,36.286136875228344,34.911871522154314,29.917600450076883,33.70520294915318,34.75342996050662,5a4b20fe9765b9671b182cee231d4ed8939a0313f2087a02082adcce0196b9b1,683ebe201832342e
train/PICADURA/704F3E54-260519-145735-8.RGB.tiff,train,PICADURA,.tiff,2443626,True,,c3016c1d10fff3ea700581717a619107851b4a7048ce04ab73c2db4c50fd4b27,2213,850,3,RGB,TIFF,1,1881050,2.603529411764706,38.32311687621275,37.8111645091837,31.555307408096542,35.896529597831,37.25107055740145,55ba847406b4a4611271adebd5eb15c69f0380e6d00d38de95835bf0cb839435,30f03e7e747e7038
train/PICADURA/704F3E54-260519-145737-1.RGB.tiff,train,PICADURA,.tiff,1918256,True,,380f372e98063949a63867162ba4994aa43f89e7423790d7947b137ac42309fc,1978,777,3,RGB,TIFF,1,1536906,2.5456885456885456,34.31861024682056,33.63894864097089,28.836766854967056,32.264775247586165,33.2947187375155,6136272831f596238b405490855e46d42bd4de0114113b7401f683deb5611ba6,0280c4fd60007080
train/PICADURA/704F3E54-260519-145738-6.RGB.tiff,train,PICADURA,.tiff,1882772,True,,4c4c72c051f6191caa8b7c65fc450d462f3839b81123e2c8a92611059cf719f6,2026,776,3,RGB,TIFF,1,1572176,2.6108247422680413,31.280478139852026,30.604230060756556,26.08268857939569,29.32246559333476,30.290972507530963,4a063fc07dbcb603a12311b746ba9e1413a130e7731a51f0e1bd08a84773f582,3070ecfcc4307070
train/PICADURA/704F3E54-260519-145741-9.RGB.tiff,train,PICADURA,.tiff,1980288,True,,fabd221152919535e1f88bebac88d1a62df7759eaffa91cbca4c33e01a131f11,1970,788,3,RGB,TIFF,1,1552360,2.5,31.663607024143886,30.272329871936922,26.994614651240692,29.6435171824405,30.314662205287433,b5365c91160a2407b2be530c6720e210c9b0c76c0c6fc459c4c01babf7e8455e,644c602098982c18
train/PICADURA/704F3E54-260519-145749-4.RGB.tiff,train,PICADURA,.tiff,1695562,True,,7fd5d6f7042a9bbc11a9785aec363ec5a98d2a1d78e2c6224602d151afe029bc,1759,804,3,RGB,TIFF,1,1414236,2.1878109452736316,30.658368193144568,29.67299022228256,26.606101810447477,28.97915340862487,29.617992956621098,30c2fe7993f7f16a8aec9ee83d803c861e85eacec3e5560cddc6426aff60938a,70e1fde030e0f0b0
train/PICADURA/704F3E54-260519-145751-0.RGB.tiff,train,PICADURA,.tiff,1808096,True,,1a9d337aa1e60c10dfab9c6a72ee5cf45c3b4d915e7e75cb131557e4f11a9ca3,1946,793,3,RGB,TIFF,1,1543178,2.4539722572509457,29.078343522263797,28.642398349380304,24.771023822268074,27.497255231304056,28.331409259981672,c37c1d7c250e82cb3b3c7e47218f445582027e02a879f1b4b47ef71286633a45,21878f8628200a00
train/PICADURA/704F3E54-260519-145753-2.RGB.tiff,train,PICADURA,.tiff,2102824,True,,aa7d998ee7836e6e6f45f46c33d8989cdfb1de37315ae46bbc103aa5de7cb853,2120,811,3,RGB,TIFF,1,1719320,2.6140567200986435,30.83882814135821,30.38675348393551,26.358491729288325,29.194691118194015,30.062701966475114,f9fb924ab405827d1180f957908fc9914260085b87f1cdf5df91080548c3824e,58fee68061524c98
train/PICADURA/704F3E54-260519-145759-7.RGB.tiff,train,PICADURA,.tiff,1522838,True,,d51d636222cfcbad4f59629e8a6cb7d38c837247fc3cd4cfc35682c538a83b93,1886,713,3,RGB,TIFF,1,1344718,2.6451612903225805,28.728552008673937,27.831180961361415,24.857051813093896,27.138928261043088,27.760444181605365,df5da7752d0d256d7fead98c3bd0ab61edda37bbe0392f18a6db3e36b1f22859,b4feffa0316c7030
train/PICADURA/704F3E54-260519-145801-3.RGB.tiff,train,PICADURA,.tiff,1775944,True,,77d382c862015b138a4a6e4e015c2b38454c5744d292b8c6d193bf7af640e3a3,1979,772,3,RGB,TIFF,1,1527788,2.5634715025906734,29.64259766407381,29.206892579336923,25.444698479108357,28.098062907506364,28.9082782722472,d427464e770086940cd1423c1f2e501eaddde266a5bbbb399bff5f9117735826,0474c682c09014c0
train/PICADURA/704F3E54-260519-145804-6.RGB.tiff,train,PICADURA,.tiff,1742784,True,,dd598f77b67b8824aadf64a62b2fce8f2d4db8954f8cb485ad8bc11963647f75,1849,750,3,RGB,TIFF,1,1386750,2.465333333333333,31.786179917072293,31.260134126554895,26.684498287362537,29.910270776996573,30.89579933225167,9427ec20e164bc71fdcde0d593b74297a8ded7a72c42a8b22cfa1302f571b192,e0a0d2f00800e0a0
train/PICADURA/704F3E54-260519-145806-1.RGB.tiff,train,PICADURA,.tiff,1797690,True,,a4bcd270391a88663b583239a321370fb9cea60732d309245dc8669422ed7ffe,1922,759,3,RGB,TIFF,1,1458798,2.5322793148880107,31.527768752082192,30.755502132577643,25.503535787682736,29.26226889078086,30.387685688491484,ae1deb54627450ef838971c4bbb87ad1d97841a0146f5d09157a2c784db88f96,ece0e0f8714070e0
train/PICADURA/704F3E54-260519-145807-7.RGB.tiff,train,PICADURA,.tiff,1826208,True,,915fbda69d341d7f8220a8b802ffa93a3285212613623a31a37f8209b53ea97e,1989,785,3,RGB,TIFF,1,1561365,2.5337579617834396,30.02048528050776,28.92540885699372,25.783685429095694,28.243193188865728,28.894680236844042,68c07867777609c16a806729e2cbe38c454f6ddaa97d08ec42f67dad41b07096,18f12e64e0667060
train/PICADURA/704F3E54-260519-145809-6.RGB.tiff,train,PICADURA,.tiff,1512692,True,,52ee5b83fddf73fcec51641865e8d3cae40ca8ed86812bb77e1bb139f8b342eb,1700,747,3,RGB,TIFF,1,1269900,2.2757697456492636,28.184320025198833,27.27185447673045,24.09417828175447,26.516784261227915,27.182426589495233,28bf2fd3a57d9cb2114bf273cba07f32cb401be8d08e46331d7e874d752579ea,34f1f98060b0c080
train/PICADURA/704F3E54-260519-145814-1.RGB.tiff,train,PICADURA,.tiff,2043956,True,,d933f60986a7f538f2aa661df441eb512e1fe506b3293f48200b5ce6850e65c1,2031,861,3,RGB,TIFF,1,1748691,2.3588850174216027,32.792610015148476,32.28723370795641,28.75114242596319,31.276995383022694,32.035226817659606,c0aea1161b8ec0823482b637f3a37d0fd98de91c5b96276633c6345fb779cefb,ccf1f08061f070f0
train/PICADURA/704F3E54-260519-145816-0.RGB.tiff,train,PICADURA,.tiff,1876302,True,,574a3fdf37b945ba9ef4b9aba45432c77ae35501c1d76abdfae93163fae6286f,2083,746,3,RGB,TIFF,1,1553918,2.792225201072386,30.99043900643406,30.490567713354245,26.368146839151102,29.283051186313134,30.17007325032595,e5841e378be02c97407ae8788c11a9f9e7e32b0e523f0b3505a7854dbdc5f97d,6007b0a080d00200
train/PICADURA/704F3E54-260519-145819-2.RGB.tiff,train,PICADURA,.tiff,1912598,True,,49c3ac648c3fa7827e595145ac5cdcc757bec4b5b5f2bc23398ee69d97192acd,2003,789,3,RGB,TIFF,1,1580367,2.538656527249683,34.59609951359399,34.00384087999813,29.901629178538908,32.833856524043675,33.71327407747694,5496cf83c7b52470e14e50cfd8b096840b519e24ae958af4551cc2b47283ff09,c0fcf4003c703c98
train/PICADURA/704F3E54-260519-145821-8.RGB.tiff,train,PICADURA,.tiff,1849896,True,,5ec8ed0f5351069ea091b843d5c09be85df3a368abfc7071929e0263e29b509c,2035,766,3,RGB,TIFF,1,1558810,2.656657963446475,30.15009783103778,29.295447168032023,26.026920535536725,28.490821844868844,29.178375680166276,0564e7ba52e927f4eda8e6a490cc24440cc9fb51310d5e3d42571f79c220ec3a,30e19e028082e000
train/PICADURA/704F3E54-260519-145828-4.RGB.tiff,train,PICADURA,.tiff,2392068,True,,bb4951d755d41f1692e7fcf6df675afb8fd0ecbd5103e90f5d72727b775a84b7,2158,884,3,RGB,TIFF,1,1907672,2.4411764705882355,33.53056395439048,33.14432564927304,28.761889884634257,31.812259829432595,32.76021322533433,24080463a98a530c711120c022b741e3113c1eebb33082411f20072c41750344,64f1f00499b23024
train/PICADURA/704F3E54-260519-145837-5.RGB.tiff,train,PICADURA,.tiff,1885822,True,,7eb56517d15462af53ff3140d7f79dff6cbe0564f31d469bee03c403bb47e95c,1964,776,3,RGB,TIFF,1,1524064,2.5309278350515463,29.6695683383375,28.921235591156275,24.74523051525395,27.77867814824924,28.668922503910597,c6acc9d925f5681bf535d3ab84ff63edac685b6000a14986154f25f072802498,7127f4f0e0d832f0
train/PICADURA/704F3E54-260519-145839-4.RGB.tiff,train,PICADURA,.tiff,2227332,True,,efbadaca4dbecc0e7db2d2cd043a96d435baec06654aec4b93ba6d2ede3c0895,2178,825,3,RGB,TIFF,1,1796850,2.64,32.090933578206304,31.71440966135181,26.77008208809862,30.191808442552244,31.26333696914044,97657e90f88d9d44aa328bef517f2de32b9bc11c207e83241ff937caa3420423,c0e1c3e0289a2010
train/PICADURA/704F3E54-260519-145844-6.RGB.tiff,train,PICADURA,.tiff,1828224,True,,4bde1049b6199385a3ccc4c45f6c7300721aa2ce630050f7199fa6cf2066c231,1977,781,3,RGB,TIFF,1,1544037,2.531370038412292,30.621408036206386,29.659536008528292,26.225625422188717,28.83552315564113,29.55566993796133,d7ba133065fb9b4ecfc5ac06bd7fc8ecab642b0bf60ead013f27b8a68cddf94c,d0e8cb6161c06080
train/PICADURA/704F3E54-260519-145846-5.RGB.tiff,train,PICADURA,.tiff,1915376,True,,8d65a7daff9fea794497882aaba38b8f7c378d7b8def32140c14d750123b9c6d,1909,779,3,RGB,TIFF,1,1487111,2.4505776636713734,35.702366534845076,34.31094114696213,29.916760752896053,33.310022811567755,34.2260407730156,58acadeb2eda569294ba7a553d83b3d7532286f1d93e95c0404ff2ee27f3032d,c0b1f081683012d0
train/PICADURA/704F3E54-260519-145847-9.RGB.tiff,train,PICADURA,.tiff,1128986,True,,28ba5ba176c65964ee2e21f06ab135c0741d2089328fe6c6fc40f45ab65b77a8,1549,642,3,RGB,TIFF,1,994458,2.412772585669782,24.845688807370447,24.207070585183086,21.10928264441535,23.387347345656295,24.044869608369584,5d10213398cdfc9756128f792f853e80320286867c6cbb040cd9241cf8ad3e36,c43ccc9058303850
train/PICADURA/704F3E54-260519-145851-3.RGB.tiff,train,PICADURA,.tiff,1938238,True,,6f6133be80c1d87d9ce6bf59f1b758a811466064b947a3b515f59f4d297dbb1e,2049,736,3,RGB,TIFF,1,1508064,2.7839673913043477,32.1956342701636,31.46544708977868,26.22937421753984,29.963485192494044,31.086860749278543,3093b174c888da1d54ebe937034f9e6c31ae0acc6ff1e7405d75e217a04280f2,e4ccc0c050520850
train/PICADURA/704F3E54-260519-145858-5.RGB.tiff,train,PICADURA,.tiff,1587152,True,,e46720befb7b9d723dc0c7df53de91bc0033b998d5d3dcc5764e087fd27c8934,1801,741,3,RGB,TIFF,1,1334541,2.4304993252361675,29.24729026684081,28.637775085216564,24.64078585820893,27.508617070088764,28.364363352643345,46e0ab12c500ae467fc6acc17c4733fcbfe45912413adad847fbd3f99efd8bda,687c7808821a3c1a
train/PICADURA/704F3E54-260519-145901-1.RGB.tiff,train,PICADURA,.tiff,2774498,True,,e0a5f70802a6a3af24a0e9b5c24b3376f0ff07938f17f7ff797781d0a0f8c4e3,2283,975,3,RGB,TIFF,1,2225925,2.3415384615384616,37.089663398362475,36.59241708503207,33.19052214248009,35.62420087529154,36.35327770926693,9ffcd68efa84950f32220ae6f3fb66964726af4913d06498c3b68425b83cad1a,217ff98090b830f7
train/PICADURA/704F3E54-260519-145905-3.RGB.tiff,train,PICADURA,.tiff,1904058,True,,be96fc66d392fe59582c8e073a2fe07e5d07a8f82d04e13993df3bb5f41d583a,2016,770,3,RGB,TIFF,1,1552320,2.618181818181818,32.68482787054216,31.47362012987013,27.774515563801277,30.64432118807119,31.414073323799215,c31122a90aea90613b872348703977bcee2e9789189b05206910ad44170ba773,600ca1f0d0fa10f8
train/PICADURA/704F3E54-260519-145910-8.RGB.tiff,train,PICADURA,.tiff,2457192,True,,546634f008e0126399fbae5ca5debeb7d824830340edaeb0d973537acfc1a4fa,2236,882,3,RGB,TIFF,1,1972152,2.5351473922902494,35.56795470126035,35.83400315999984,30.266493657689672,33.889483839649955,35.11975858757337,f266b35bc24504f8003a176405d8a9e3410b3df6e42e7fea69a02ccb27b272dc,41e1aabef6be501a
train/PICADURA/704F3E54-260519-145918-3.RGB.tiff,train,PICADURA,.tiff,2279308,True,,2bd62a4f80795adaaaae1af1e58894afc06e97e759defb40124422e653dd4775,2188,844,3,RGB,TIFF,1,1846672,2.5924170616113744,32.2833026114004,32.231699511337155,27.353565224360363,30.622855782365974,31.691021529540713,5e0cc82cf4641c49d8dba9e8332682d908f7cc38f43d36b4ada26bbb89f6ea3d,30f0b8c0c0c270e0
train/PICADURA/704F3E54-260519-145919-7.RGB.tiff,train,PICADURA,.tiff,1688382,True,,d65fdf06741b6552958e5e95f8f3d67c4ff06ffe40b1e3401f20181bc55118a3,1932,724,3,RGB,TIFF,1,1398768,2.6685082872928176,30.885124623954795,29.95776855061025,24.645518055889184,28.496137076818076,29.629451460142064,99296b48ae7f5afb16bc99ef516b6e164745e0b6060e232eaf2bfa38ee0d7a39,987cd20e04e0342c
train/PICADURA/704F3E54-260519-145922-2.RGB.tiff,train,PICADURA,.tiff,1876582,True,,9cbeaa9ff0987efab3b6f6e3eca631fe4fd45d9ff919826c72fc92f3f39a0ee7,1936,788,3,RGB,TIFF,1,1525568,2.4568527918781724,33.006935777362926,31.575168724042456,28.368605660317993,30.983570053907794,31.637718883720687,61f5d6aa423db10aa3c95dd4a1323a26ff34cdd5ccf9faa98071d35de23329e5,d8e0c13da0e03080
train/PICADURA/704F3E54-260519-145926-2.RGB.tiff,train,PICADURA,.tiff,1799474,True,,d1ad77d09399efd5a587d854b4337edc6ef8ba713338a614437961475f743896,1878,780,3,RGB,TIFF,1,1464840,2.4076923076923076,31.58962275743426,30.428537587722893,26.847695994101745,29.621952113086298,30.36748611179378,81f98e9749b18c3cb93940472c4c0a3c226d15a1d9744270d24e9e391b5dd247,c0f0e4c008906012
train/PICADURA/704F3E54-260519-145927-4.RGB.tiff,train,PICADURA,.tiff,1735954,True,,307fd8670285b2af2bedb9ebd6e2940f4925eae310f8ed5e81194a84a2030988,1844,733,3,RGB,TIFF,1,1351652,2.5156889495225103,33.01563864071522,31.356685744555552,26.419316510462753,30.263880298577842,31.289852567820713,a215c56eb659a399d5e0e38f480c0a49c6825f66998a2d57f8c69305d3d6ac05,32f8e8ece870e822
train/PICADURA/704F3E54-260519-145939-2.RGB.tiff,train,PICADURA,.tiff,1640004,True,,eb94fcbe89d78ab52e5fa625254f462cfd80ce2cf06028e4901ba3764f38365d,1996,710,3,RGB,TIFF,1,1417160,2.8112676056338026,30.276414801433855,29.41042648677637,25.612664766152022,28.433168684787415,29.236412156707782,dfd8df43b09183477518beb0003a9e95286c160214465af3d9cffbd15f50db09,a0f8f84f60b07040
train/PICADURA/704F3E54-260519-145946-2.RGB.tiff,train,PICADURA,.tiff,2078296,True,,4bb1510d5d1a0096def57d3e06ec6a7e38d0f23f9e2e49334e29a59ee437ed71,2010,840,3,RGB,TIFF,1,1688400,2.392857142857143,36.043940416962805,34.79592632077707,30.01295072257759,33.617605820105815,34.623823317341866,81b671f3708ed241e07802c26023ba28e30ca35f2a5d48a32066ca9cd2a2562b,54f8c61a121a7032
train/PICADURA/704F3E54-260519-150006-5.RGB.tiff,train,PICADURA,.tiff,1701648,True,,6dddcd8141d6994736ce1f53c75ceba712fb6d56a327b4b22f9ac0376a80e486,1937,716,3,RGB,TIFF,1,1386892,2.7053072625698324,29.65628614196347,28.430305315770802,23.63697677973483,27.2411894124897,28.250434129694305,4df2d3935cbd05b56762dc1db7c04960879d11e0dce9dcedfd7a40fe70543684,90c4e6c330904260
train/PICADURA/704F3E54-260519-150011-6.RGB.tiff,train,PICADURA,.tiff,1799410,True,,0003744db3308df88e01aa39c2315d313999d869fe177dabacaf499804fe0345,1965,748,3,RGB,TIFF,1,1469820,2.627005347593583,32.34575050006123,31.519765005238735,27.649066552366957,30.504860685888975,31.32547504456328,d75d7b670bed7fd3c5d3795afe00294d68a17254a31f22da968ae3680fa9e725,c1e0800b686ac844
train/PICADURA/704F3E54-260519-150027-1.RGB.tiff,train,PICADURA,.tiff,1505708,True,,519b234a031af4a64f901a3d7c1beaf8d1b61af3145e8032f77a53b2422bf8dd,1850,643,3,RGB,TIFF,1,1189550,2.8771384136858478,30.74323231474087,30.25778655794208,23.65048715900971,28.217168677230887,29.649702707746627,a8f8a02e8f988844af483f6531b2a1a2462550774a5b7002dd134919d84e9be9,242cb0dab0000812
train/PICADURA/704F3E54-260519-150033-8.RGB.tiff,train,PICADURA,.tiff,1882538,True,,85d845a462965c7afbe3c3a65325679e18f895bcb791b1738cd1c9ba2c9bf628,1907,819,3,RGB,TIFF,1,1561833,2.3284493284493286,31.795635000669087,31.296830711093953,27.10994261230234,30.067469441355126,30.96866795041467,7d0316aee7e2a0ad63e4328b5bb35ab1d6f057d48f86282e79ac4a90e9786a5a,18e3e7b0e1f0f0c0
train/PICADURA/704F3E54-260519-150035-9.RGB.tiff,train,PICADURA,.tiff,1802370,True,,170ca3acb822c6e3e1b9ec212c39f0fbd209885694f0fb98e4cd64350aaba12c,1980,781,3,RGB,TIFF,1,1546380,2.535211267605634,29.999266027755144,29.298625176218007,26.04606047672629,28.447983893566477,29.137324415085555,de184c598e03901a41ee8aac0b05a2e4dac9f1f906cef3442fe27b70d743687a,e6c6e278308218c2
train/PICADURA/704F3E54-260519-150039-5.RGB.tiff,train,PICADURA,.tiff,1992740,True,,48197f69cda706dd6035d6c02472003a6cfd5cbb7e0ff19d4a1abc9885df70f0,2168,768,3,RGB,TIFF,1,1665024,2.8229166666666665,30.34519202125615,30.00968154212792,25.802298345249078,28.71905730287772,29.630357490943073,ec6021b19d2c6557ea092f772d17f045e4d3abf8dc1ad2c88b4279daffa5d412,60f8f1e0d0707050
train/PICADURA/704F3E54-260519-150047-7.RGB.tiff,train,PICADURA,.tiff,1907532,True,,22124b0271574578f824649c4619296270ba7ec32b34b3db018289e062956924,2027,775,3,RGB,TIFF,1,1570925,2.615483870967742,33.083834683387174,32.35912217324188,27.9956318729411,31.14619624319005,32.07837331954103,4d1c4452f335f06ade239957ee92ead5c00da936e482c56f2b67b6f1f2254a1b,98c08a86e2e6c0c6
train/PICADURA/704F3E54-260519-150050-9.RGB.tiff,train,PICADURA,.tiff,2103192,True,,13f4a8d4e0467c5ba5f965dfac447877a2d2c5df0074382b19b18862d0de8e64,1986,831,3,RGB,TIFF,1,1650366,2.3898916967509027,34.14183581096557,32.77600120215758,29.7163604921575,32.21139916842688,32.83558670925116,f7e4ab982634499c7c6cd132c47297a12bd397df0bc8a72894bc24024c70b01e,d8feea0029f43cf2
train/PICADURA/704F3E54-260519-150052-7.RGB.tiff,train,PICADURA,.tiff,1750638,True,,91e83d209bc01d89affa911e3c69698b7c6d01a953cd27c200d3741f7c2b7d1d,1926,725,3,RGB,TIFF,1,1396350,2.656551724137931,34.297691839438535,33.472890750886236,27.706890106348695,31.82582423222449,33.06218220288609,98f9a6c9fe86650eab38a55d4178a7128bddba4d0ee9cf90079a699a1c708125,386e2e60316c7042
train/PICADURA/704F3E54-260519-150056-0.RGB.tiff,train,PICADURA,.tiff,1883866,True,,156b0aa73e64aa707f67ab09d032c5f0d9e32801152b0f2844cd4e520b1faac0,2039,783,3,RGB,TIFF,1,1596537,2.604086845466156,29.43139996129122,28.51535855417068,25.171474885956293,27.70607780047273,28.408052196723283,57706a1977a10d49bbba1fda8784317bab2741e5df70c2fc90cd773fc3e31fa0,31f8ba0ec4c61806
train/PICADURA/704F3E54-260519-150102-8.RGB.tiff,train,PICADURA,.tiff,2689138,True,,cd1b73716e1012384dc6e59d63c7af35291fe9fa5e08a9b12aa8dadbe7911d46,2138,939,3,RGB,TIFF,1,2007582,2.2768903088391905,40.40302164494402,39.27851216039993,35.69185418080058,38.45779599538151,39.20586148660428,17bd5498474e455768966941529cff182d285530cca89d23aafced52f4672235,7400fefdf8fe4000
train/PICADURA/704F3E54-260519-150108-4.RGB.tiff,train,PICADURA,.tiff,1963038,True,,9d89d292770e49542dbd1e2b1656a27650717c9d294e338d578386c97f74a899,2014,782,3,RGB,TIFF,1,1574948,2.575447570332481,32.63995382704699,31.82034073505919,27.187217609724257,30.54917072394348,31.53722901327536,94b27286c68e40bf810efd5a019ba122726410da72aba750eec6308d70b5fcdd,181896f462185218
train/PICADURA/704F3E54-260519-150111-8.RGB.tiff,train,PICADURA,.tiff,1710350,True,,0683ffad0238c163a238fa222f0635be653254b5bfac64089d02198582d3cae7,1920,750,3,RGB,TIFF,1,1440000,2.56,29.79366875,28.62843125,24.366625,27.596241666666668,28.490991349999998,413d4fbf2b86f4520fce79b86c67cb75191c64b54994d3f3d0f2fc6f0185e530,813ee3e0e0601c60
train/PICADURA/704F3E54-260519-150115-9.RGB.tiff,train,PICADURA,.tiff,1806988,True,,283ceb76ed580ab842c08cb11e9e90d6f70aa5f255e265cb39c0cd43510267f8,1872,751,3,RGB,TIFF,1,1405872,2.492676431424767,31.885936984305825,31.072922712736293,25.68258988015979,29.547149859067304,30.70151603702186,b84e1630f59df474efdd61a69bba41cd2cfe9968c7ab1576ef897db0b6a191af,2820eec99a122012
train/PICADURA/704F3E54-260519-150118-4.RGB.tiff,train,PICADURA,.tiff,2029826,True,,9627c4526e4c1ae5103b3455a7ce26224ce63ef5853aed77ae603806217ea1a7,2052,801,3,RGB,TIFF,1,1643652,2.561797752808989,30.943398602623912,30.55881111086775,25.991423366990094,29.164544360160587,30.15312056810079,f8e6964daeb2eeb0c4de8a91f88887dca7319eac108017462874ebe2f5d4be07,61e1e180c461c180
train/PICADURA/704F3E54-260519-150121-2.RGB.tiff,train,PICADURA,.tiff,1520800,True,,0282d1784fc14c2f9a4f4d36f061c420252d14ba0a2cbaf577f70aeea6328f03,1829,714,3,RGB,TIFF,1,1305906,2.5616246498599438,29.381499893560488,28.88105116294741,25.456932581671268,27.906494546059722,28.640335815135238,8456439a76979cced722ec9759b7d97e489a2a7945a5d5b676a6840035ba4916,c0e8b2e031805080
train/PICADURA/704F3E54-260519-150124-1.RGB.tiff,train,PICADURA,.tiff,1902772,True,,a4e3a6d3b7eb7bafd43ed2840fbe483f7466f88be8e4d17bc3ade28e542d99ee,1994,792,3,RGB,TIFF,1,1579248,2.5176767676767677,34.193438269353514,33.405952073391894,28.55487865110483,32.05142299795008,33.08838807584369,c20b23a09bbb4c926262e78f90276849d20d7f4b10c1144d8c916d06a5928855,58c0c23da1c03880
train/PICADURA/704F3E54-260519-150126-0.RGB.tiff,train,PICADURA,.tiff,1579764,True,,eeeac858dd39b5bc5c1842458f105a25e5f0f0357ed773da8035d51eeabc42e9,1815,705,3,RGB,TIFF,1,1279575,2.574468085106383,33.02114452064162,31.308692339253266,27.10390403063517,30.477913630176687,31.341369674305923,5fee19b64a6d0c31159c4cde7cee07ef65baee34e1f3591b73612b0e14fc88db,6c8ee885c0128682
train/PICADURA/704F3E54-260519-150128-5.RGB.tiff,train,PICADURA,.tiff,1883190,True,,73879510b01e38935bb42040a896aa66188fcc39a765a65298d6af88fdadd1a0,2039,751,3,RGB,TIFF,1,1531289,2.7150466045272967,32.35300390716579,31.23856306680189,27.702601533740527,30.431389502569402,31.168681263301703,1f8c5c7364df0f01e0c910e5eebce5df29fd916ac5bfac6366b5862c7ffb0f0f,c0f8e20060d01288
train/PICADURA/704F3E54-260519-150130-6.RGB.tiff,train,PICADURA,.tiff,1936444,True,,5bb10ce3100bbcc6c47ddf620ad47f3abdfe00d624ae0ddccf72c9565db6b37b,2020,798,3,RGB,TIFF,1,1611960,2.531328320802005,33.913853941785156,33.341977468423536,29.300661306732177,32.18549757231362,33.05225849152584,bd07a8d5c44e8ae1748e79391717d49ccc35f3b787ab6ea7fa700a3853c73503,d03ee6000e3a061e
train/PICADURA/704F3E54-260519-150133-6.RGB.tiff,train,PICADURA,.tiff,1732718,True,,604da0a54d2a8275698c2f95212542b69dd9a8c554b8a64b9df66e31a0602f14,1874,732,3,RGB,TIFF,1,1371768,2.560109289617486,32.64897271258697,30.696355360381638,25.818037743991695,29.721121938986766,30.72405974042258,b5749d2d4e5c309583ab74ba5c244fd4766b57044210ac748b6d92c42402c438,5006c666a4c00624
train/PICADURA/704F3E54-260519-150138-3.RGB.tiff,train,PICADURA,.tiff,1522326,True,,24fcf0d284090afd5d450eb600a36179a0b590f02c00e5923e81f1a8283676e4,1893,698,3,RGB,TIFF,1,1321314,2.7120343839541547,26.807265343438427,26.489509685055936,22.721222207590323,25.339332412028227,26.154933854481218,d991e919f76f5a89c703011446b58c0f97e23aac8678a2168b08de7e4682b0e0,6ce4c58041d0c002
train/PICADURA/704F3E54-260519-150140-0.RGB.tiff,train,PICADURA,.tiff,1949712,True,,9146138748c2ab620a52db7b6b50f5c4f50c0b6daf38f7787cd813302ed9827e,1969,833,3,RGB,TIFF,1,1640177,2.36374549819928,33.429411581798796,33.10510451006203,28.949559712153018,31.828025268004613,32.72834021754969,fec37b254088bf54df121d49d508326d998edd85c628b38b5f29a9b378fe6860,28e0fe3cfcfe3838
train/PICADURA/704F3E54-260519-150141-8.RGB.tiff,train,PICADURA,.tiff,1865220,True,,2f550d3f2b2cb861f447c164320d14364117f54f2e8cb1fb184e7852f72c057e,2072,732,3,RGB,TIFF,1,1516704,2.830601092896175,31.91464319999156,31.800213489250375,26.617808089119563,30.110888259453834,31.243633757147077,00a86446a3127bcb83577802ce6dde54ebccce2c31f87e525b0849c5bac0d771,6078e800b4b07090
train/PICADURA/704F3E54-260519-150143-8.RGB.tiff,train,PICADURA,.tiff,1766770,True,,100257f0245535d0382872e533d49c0bb913b709f42f5cec06cad767b9dfa217,1902,751,3,RGB,TIFF,1,1428402,2.5326231691078562,32.649423621641525,31.59245506517073,26.186264090921185,30.14271425924448,31.29218289249105,04ac80dbf975bbe25db9aab7d48efce3d70df6d2646914e7e233318e26c9a0b6,303cee6ae37a3c58
train/PICADURA/704F3E54-260519-150146-7.RGB.tiff,train,PICADURA,.tiff,1988190,True,,b1dea94c300aaac582a1e2abb395a9bafecbbdb25104f53eeaf6c527572d8464,1985,785,3,RGB,TIFF,1,1558225,2.5286624203821657,31.827542877312325,30.8534845737939,26.381712525469684,29.68757999219197,30.634945993036947,9dabcf2f9eff4622825e42583a8b344609a0a3943356590359da61c8d700bcbe,30e8f2d06122e0da
train/PICADURA/704F3E54-260519-150150-8.RGB.tiff,train,PICADURA,.tiff,1922704,True,,4d2df6d4adb7db22cc2b8c8574e3c9877746cb0fe9314f5f2c53576c02c832a9,1963,835,3,RGB,TIFF,1,1639105,2.3508982035928145,32.89254257658905,32.440901589587,28.702596233920342,31.345346800032132,32.14977543415461,415453ac1e0d443806bc9107ede4be5c8f29968928a3acab2ca86798699f302c,6080faf8ef82f080
train/PICADURA/704F3E54-260519-150152-6.RGB.tiff,train,PICADURA,.tiff,1848710,True,,a5c5d58abc7ff403dca450471a7dc59d5b0a8569ce36ba27821f31fd5a86ffb8,1928,825,3,RGB,TIFF,1,1590600,2.336969696969697,31.380193637621023,30.853115176662893,27.8034835910977,30.012264135127207,30.66305363573494,8856fc91e3ece8adb887ae26245833e161b095d1b4089394b98fc76610b1bd40,717dfc812c7801b0
train/PICADURA/704F3E54-260519-150212-2.RGB.tiff,train,PICADURA,.tiff,2664376,True,,4907935da942d0e1114fff184ebafb1d28ef630dbce94e1f6b563cf8806068a6,2341,851,3,RGB,TIFF,1,1992191,2.7508813160987073,35.37860777405379,34.69501016719782,29.535404486818784,33.203007476023465,34.311210804084546,a20eb2895ac6b0f1e823c071278f73fc2c0c95eb027d69a729cc3341efa0ea7c,e6e6f43838c230c6
train/PICADURA/704F3E54-260519-150216-1.RGB.tiff,train,PICADURA,.tiff,1743700,True,,7995f7fd04e1d3348681c94639ab2288170c275ae9963f5eeb5fb4c18e7ef2b2,1876,752,3,RGB,TIFF,1,1410752,2.49468085106383,30.497078862904324,29.246172254230366,25.690802493989022,28.478017870374572,29.214881177556364,4ef5bcf8ee4797f211be054e403cabf8e5aa26b7649033e1dc93c5dbe449b139,6138f66cdc9c1208
train/PICADURA/704F3E54-260519-150217-6.RGB.tiff,train,PICADURA,.tiff,1749528,True,,baceb393c6669f10233a977a423fe6d24c26937bdea6b6a1548623ee19803145,1924,731,3,RGB,TIFF,1,1406444,2.632010943912449,33.32211022977097,33.121933045325655,27.50962427227817,31.317889182458263,32.54198282334739,9a3754020e67f492bd048de98c7d37221e8e721c61e7d7eac7aedf03c3528995,c198c040e2fe18d2
train/PICADURA/704F3E54-260519-150219-4.RGB.tiff,train,PICADURA,.tiff,1826388,True,,8ba7274ff4bf2f359d6f1570c3459dfef11d7ac2f62b049ef6bcbb520eacff21,1976,750,3,RGB,TIFF,1,1482000,2.6346666666666665,30.892757085020243,30.14092375168691,25.368734817813767,28.80080521817364,29.82169237989204,4c5a3533b31f74ea9bd525dda0e12f9adbffcde330d82498eac03af9b1065389,7140426480a45080
train/PICADURA/704F3E54-260519-150222-0.RGB.tiff,train,PICADURA,.tiff,2273308,True,,27c9994b15ee1be91abfe58d7b95af2b6ff2491123c1848362fa2015e6e4a066,2017,900,3,RGB,TIFF,1,1815300,2.241111111111111,39.23009309755963,39.18338015754971,33.22502616647386,37.21283314052774,38.518094971630035,6d17d042ebebc7da1ffabd522cf15c00067d137791cebaabe08de53d18bcdc1f,c4783002390a10e4
train/PICADURA/704F3E54-260519-150224-5.RGB.tiff,train,PICADURA,.tiff,2091210,True,,334150cfe202178dedc6a00e9c987ea6aaaa60fac81e11ba3d213fdf4645b9c8,1961,803,3,RGB,TIFF,1,1574683,2.4420921544209215,37.83777242784738,36.1672495353033,30.011550261227182,34.67219074145929,35.9649861629293,329e80783684061a9e0d51b11ecd2cceace2350ece2a50eed8b041a55b89d6a4,c007e0626cf00248
train/PICADURA/704F3E54-260519-150226-5.RGB.tiff,train,PICADURA,.tiff,1736958,True,,05824d6505d82ef08d67568608bded7f3a6478c9cbf8c7df0b188aede6ca9f64,2014,717,3,RGB,TIFF,1,1444038,2.808926080892608,28.823803805717024,27.6125385897047,23.786896189712458,26.741079528378062,27.538583655693266,beee1b0047070755d89a85e30143b57ab207029d47174878dfa364a6c697dae0,3060203020287058
train/PICADURA/704F3E54-260519-150231-6.RGB.tiff,train,PICADURA,.tiff,2032574,True,,7758cb921e976d453a7be812a194982bc646595b16830d7f984d6a77dd8b8cec,2000,827,3,RGB,TIFF,1,1654000,2.418379685610641,34.39337061668682,33.23701753325272,29.518475211608223,32.38295445384925,33.15885328053204,85bd5875f4ae78682cb2b2a6a8064dc63c7824c8a585697503474fd56b8c047c,c46816f03140f08a
train/PICADURA/704F3E54-260519-150235-1.RGB.tiff,train,PICADURA,.tiff,2262078,True,,701703dcfc729b74104c94118151e8db7aa2af3dfe0482c0c4875c746583775f,2096,839,3,RGB,TIFF,1,1758544,2.498212157330155,36.108236131708956,35.70095203759474,29.99303685321493,33.93407500750621,35.17202765071559,33becbb0f600b0bb3ce6d35f94a07b9ee3abde80cf39fbac03f4a29278020e33,20020ec04c12c002
train/PICADURA/704F3E54-260519-150238-6.RGB.tiff,train,PICADURA,.tiff,1851402,True,,29c58db9a771a1215aa373f9add53b347eddf605d39459fdd1f94df9f2fa209c,1912,778,3,RGB,TIFF,1,1487536,2.4575835475578405,32.346387583224875,31.540932790870272,26.74512079035398,30.21081372148304,31.23504120572544,7214bb25381281cc9fafa3f8d325c606b000529e53ce2bf39ba84cf4a221b815,70e1c9f0c870f020
train/PICADURA/704F3E54-260519-150240-5.RGB.tiff,train,PICADURA,.tiff,3039896,True,,344454707437ebdf6f51180e0cca7b2f3bc133c87ecf56b0cd36924f0beeae1d,2346,968,3,RGB,TIFF,1,2270928,2.4235537190082646,40.99501965716218,39.99654986859997,35.79430611626613,38.92862521400942,39.81603654761401,77c22965558667c3c0fe9245c1bdfcdec4887f066034ad75aaf94d46d6356916,7400e6fcf8fe5010
train/PICADURA/704F3E54-260519-150242-8.RGB.tiff,train,PICADURA,.tiff,1808338,True,,fed2a410453c6417195e0753d37f6144dfbfc0f266b89a6bf879c68b3c9d82dd,1915,754,3,RGB,TIFF,1,1443910,2.5397877984084882,33.170827821678635,32.49129724151782,27.792453823299237,31.151526295498567,32.15880873530899,9b048ec07a62e2e7e9a9f495c798a4ee5617757e23a5ec2f13d15c667d437df5,74a0e4f0e8f820f8
train/PICADURA/704F3E54-260519-150244-4.RGB.tiff,train,PICADURA,.tiff,1988768,True,,60d08f498611dde5b05dd9b4b25d71fb3debc7c9010cc629d1731da3d4c2c35a,1945,799,3,RGB,TIFF,1,1554055,2.434292866082603,35.277930317781546,34.719694605403284,29.137045342668053,33.04489008861763,34.25018506745257,f739a2ddf578de3d9380bf213e250d8c05c5e7dbf4a06659b21ebb1a48797fce,60c2e8c1b8d0c388
train/PICADURA/704F3E54-260519-150246-0.RGB.tiff,train,PICADURA,.tiff,1720784,True,,0350f14f51dfa99b9839d40c2a4c10ed3a058c646eeffc69a2d63c74eadce232,1963,726,3,RGB,TIFF,1,1425138,2.703856749311295,30.884991488543566,30.110702963502483,26.015764087407675,29.003819513151242,29.875392200614957,c01d86664560f1e897ce8c606aea1fb421bf55aba8a64fa025e625beb0d6be8f,60f8cbc360e09060
train/PICADURA/704F3E54-260519-150248-7.RGB.tiff,train,PICADURA,.tiff,1631052,True,,7a2c940f238b956130c017c4d0eea548581678d85abe762f9165509337ce5161,1899,708,3,RGB,TIFF,1,1344492,2.6822033898305087,31.42423086191662,30.13015696634863,26.227723928442863,29.260703918902703,30.072207694802202,d0445b4c7553a630a419efe7fa8e7720f1ee8e9da667d704ef0f84a7cdf80951,6800b8f8f0603070
train/PICADURA/704F3E54-260519-150250-6.RGB.tiff,train,PICADURA,.tiff,1872084,True,,56a8406e35abdea11b686b904617169d10f7c00b8800dc840e6a9065e1c7d598,1786,823,3,RGB,TIFF,1,1469878,2.170109356014581,36.959466704039386,35.431782773808436,30.948312036781285,34.44652050487637,35.37744460492639,bd937eef6fb6d2aa05322a2611e9970aa620d51ad6cc1d098c5c5f4157e83258,80ee0661e082f270
train/PICADURA/704F3E54-260519-150253-0.RGB.tiff,train,PICADURA,.tiff,1736088,True,,3d599c8107719f88a30bd5e548f9d0b1d9116c9cb835d2f9910b9e1da94adc8b,1864,745,3,RGB,TIFF,1,1388680,2.502013422818792,31.782722441455196,31.053895065817898,26.275291643863238,29.703969717045442,30.727053661030613,e0a44c20866f3aff4166a142e3f82f6b23183ff7e8d4099f99be68f5e6b9836e,2070b8f9c8c070f0
train/PICADURA/704F3E54-260519-150254-8.RGB.tiff,train,PICADURA,.tiff,1807848,True,,8ee9c2c6d7497a5f1e288fde071da349b3a9fc0db13a9f6a1620bf36924adcd5,1898,782,3,RGB,TIFF,1,1484236,2.4271099744245523,32.76142271175204,31.902479120571122,28.111255891920152,30.92505257474777,31.727103806268005,9afbc5ec983f5f9742db5994b928c7b113284ede1d4805b31d6407ec3878bcbb,c20ce2e5e0e826c0
train/PICADURA/704F3E54-260519-150300-6.RGB.tiff,train,PICADURA,.tiff,1599080,True,,2ecd676d94a2df55b58864acf60f44a88da95fe7827194ea11d44eca00796656,1880,697,3,RGB,TIFF,1,1310360,2.697274031563845,27.356248664489147,25.942851582771148,23.242502060502456,25.51386743592092,26.057617464666198,8337e5864816a8ea34cdf637870530984eea1f6ba26425ef336273930a3342a1,606068f018605070
train/PICADURA/704F3E54-260519-150304-3.RGB.tiff,train,PICADURA,.tiff,1914538,True,,775538f63afd7b50baa6965c9b034da25a371a0eff9fa740810368a97abc9b8c,2040,740,3,RGB,TIFF,1,1509600,2.7567567567567566,31.611065845257023,30.29905074191839,26.224689321674617,29.37826863628334,30.226866055908847,1bedda75e83cea5e17c87f5747f85831d66828faf9f60a35e4e02047607668d8,4070b69920083808
train/PICADURA/704F3E54-260519-150316-7.RGB.tiff,train,PICADURA,.tiff,1866392,True,,9b62521b468365e64c880b2a6111c71abc3f7cdaf27899fad824c0e72e80e42a,2009,755,3,RGB,TIFF,1,1516795,2.6609271523178806,31.335028794266858,30.649243305786214,25.766326365791027,29.2501994886147,30.297640635682477,c0f1b4b6d97f1dedf1dd2c405388d024ff9fe4a420357af92e39158460a9a2e8,62007287b08a0010
train/PICADURA/704F3E54-260519-150318-9.RGB.tiff,train,PICADURA,.tiff,1579852,True,,be376e639ac421c81beeb4355a7f17e5169f656bde28bd64944225b96b8d6ee5,1848,750,3,RGB,TIFF,1,1386000,2.464,27.311698412698412,26.24972582972583,23.567041847041846,25.709488696488695,26.261429658008655,521054aa864e00daa9e725c62f7eee474228281f83d345653e65b0a60e1097b2,71f3eec00cb06048
train/PICADURA/704F3E54-260519-150321-5.RGB.tiff,train,PICADURA,.tiff,1712866,True,,7b86ea6068327b7cccda19ca84cd80459ff91c48f231f00f1ef0073b63e5baf2,1832,750,3,RGB,TIFF,1,1374000,2.4426666666666668,31.62169941775837,30.731650655021834,25.799086608442504,29.38414556040757,30.435462933770015,9f9057686afacc4038559ce6cbfdede8284cc7c166ec5b5895b5200040f761ff,88e8b0706266c070
train/PICADURA/704F3E54-260519-150325-9.RGB.tiff,train,PICADURA,.tiff,1774308,True,,a5c26cddee089a37eaf5c32cd54b42362bb0b7dc0fa0f916e7bf11897ed78559,1948,783,3,RGB,TIFF,1,1525284,2.4878671775223498,30.88766813262317,30.150856496232834,26.79911478780345,29.279213138886487,29.989064620752593,ee9f7f37fc1b438eed76dcd65d12d191e2b02543bec7e20be94a403cbeac0314,50f88a0a868e301a
train/PICADURA/704F3E54-260519-150329-0.RGB.tiff,train,PICADURA,.tiff,2081922,True,,1e9fff05bfd7a35adcbe07f2b944c5098f5c299c9b3cd669df2c93deefabef7d,2127,761,3,RGB,TIFF,1,1618647,2.7950065703022338,33.95850485003834,33.58431517186885,27.984270813834023,31.842363611913736,33.057792828825555,e89176576d84b8fd9ca6dda7242b324a8f81960ca6c7cc03b662702288158bb7,1888b43ef0101818
train/PICADURA/704F3E54-260519-150334-1.RGB.tiff,train,PICADURA,.tiff,2705400,True,,9ec9813c2ba44b66db10575ad35c1f6b94e372202123b3ae4f7777341a114360,2190,987,3,RGB,TIFF,1,2161530,2.2188449848024314,39.55054567829269,39.14306486609022,35.834383052745046,38.17599786570932,38.88771190221741,0ff93a7213c3d09531d2c8b4106d6d654c314d4573091ebdfb2a539745f2c72f,c8f9f82270d870d0
train/PICADURA/704F3E54-260519-150336-9.RGB.tiff,train,PICADURA,.tiff,2162632,True,,fa04a083acf0cffef650f69f0a7db13773eec817c68f489edcc2b0ad9e76c714,2132,799,3,RGB,TIFF,1,1703468,2.6683354192740927,33.97538257249329,33.56866580411255,27.989821939713572,31.84462343877314,33.0542859173169,e48d2765d2c9b77be49d73443213071dee3a90885cf4adaf3d70ddac0f2c301d,5878f0c0e0307070
train/PICADURA/704F3E54-260519-150339-0.RGB.tiff,train,PICADURA,.tiff,1893392,True,,467044d7d4667c96c10e15905a5dcb858566a24b8ff18f0cbbcd2e8763e1ff3a,2071,692,3,RGB,TIFF,1,1433132,2.9927745664739884,32.60001311812171,31.82422484460608,25.54542428750457,29.98988741674412,31.34040227487768,960488b5ccdfef4acb3e27d06c241808212acc8d0af7cf66e61cdfc0c5e0546e,6060dc9c0d70280c
train/PICADURA/704F3E54-260519-150344-9.RGB.tiff,train,PICADURA,.tiff,1878532,True,,71bafd8ddad19afc6bfa5870a8d5ffa83f0e8876b6ba4689b376577466396674,1949,830,3,RGB,TIFF,1,1617670,2.3481927710843373,32.75722057032646,32.253181427608844,28.73414046128073,31.24818081973868,32.002718461120004,ef66fd8147fdab113d38845bba360681476bab877044ccd8889c597f0327b267,e0fff9803df0607e
train/PICADURA/704F3E54-260519-150346-6.RGB.tiff,train,PICADURA,.tiff,2174910,True,,cf84f6b3a5034d78401e71ff1e552de0cd0b8042969beedff0a4fa81bd145553,2069,808,3,RGB,TIFF,1,1671752,2.5606435643564356,34.785898865381945,34.363594600156006,28.617413946566238,32.58896913736806,33.83479898094932,a898bdd6404dff099e591390c92d9ae50a68ff0c09026909fee30eb161b6a02b,001802f0640a7818
train/PICADURA/704F3E54-260519-150348-6.RGB.tiff,train,PICADURA,.tiff,2271436,True,,f95cafe22aa49e345ffa17183434350f9ef93d3d321a130c16c0e35db9ed341c,2184,793,3,RGB,TIFF,1,1731912,2.7540983606557377,34.12863933040478,33.63725524160581,28.254667096249694,32.00685388942009,33.170564035586104,21ce6f1cc80e2f05a482198704858d18a84a55c95c50aac5451e238e63f8e432,e0e0e6f03838f030
train/PICADURA/704F3E54-260519-150350-9.RGB.tiff,train,PICADURA,.tiff,1535308,True,,7a6f18004d8028a39f66c4af39b5d47662b52ea3e4803a35141e7092a683ee2f,1786,757,3,RGB,TIFF,1,1352002,2.359313077939234,28.284871620012396,27.2465610257973,24.48370786433748,26.671713503382392,27.24205063306119,fb8d4f1d4a80d47883b2d690133972d282405bf70eac5ee95fcc7d596d6066a7,b0c1c74064905080
train/PICADURA/704F3E54-260519-150353-2.RGB.tiff,train,PICADURA,.tiff,1719568,True,,3c86e7afe178281f52f801959187a6bc342123be70963fce89ac283cc706cb6c,1915,725,3,RGB,TIFF,1,1388375,2.6413793103448278,32.520622310254794,31.59807400738273,27.358081930314217,30.492259415983913,31.39055685315567,d6aa90d4669cea803f3bbcec264a4c79e3bb6ecf186300eb3a33cfffda5abb8b,6878fc3830387848
train/PICADURA/704F3E54-260519-150355-3.RGB.tiff,train,PICADURA,.tiff,1962444,True,,56729532f218baf3f8a349e73ea9d2c03d881ef8485cf763ea1493355f07bd96,1874,826,3,RGB,TIFF,1,1547924,2.2687651331719128,34.36095312172949,33.27008238130554,29.103735067096316,32.24492352337712,33.12128913887245,709ff33154f0e7af084093dc68907ab52942f87f431b562a49b6cb9d680b81a3,e8646482c4680090
train/PICADURA/704F3E54-260519-150358-7.RGB.tiff,train,PICADURA,.tiff,1931986,True,,0f6d712c2097449804ef4acd19cd29920d61c7708f634c421c898218b76c2f6a,1987,825,3,RGB,TIFF,1,1639275,2.4084848484848487,32.464461423495145,31.765764133534642,28.461121532384745,30.897115696471513,31.597945366701747,25f27ed6dd11feb254a5974e68cd21c7de7da8df5e678cfce99ea58616ff69af,3028f87cf8fe383a
train/PICADURA/704F3E54-260519-150400-5.RGB.tiff,train,PICADURA,.tiff,2061122,True,,796eb6211a4fb7c0b0d33577400c81a8c3ac596e4ebbd4ac6a2ab4f1f5678cfc,2038,827,3,RGB,TIFF,1,1685426,2.464328899637243,33.19916151762225,32.217539660596195,27.79569022905782,31.070797135758756,32.00695376065161,cbcebaf03b6007491accf1f55db7335518b6c0b76e2a6951dbcb0748113552ea,e01434e0341a48c6
train/PICADURA/704F3E54-260519-150403-8.RGB.tiff,train,PICADURA,.tiff,2135730,True,,ce45638b1b4000ba362481631b441ca225153b242ca0f0b3ec1693d1afd00aac,2074,801,3,RGB,TIFF,1,1661274,2.589263420724095,33.67330313963861,32.50392710654594,27.716773993934776,31.29800141337311,32.307835085602974,fd5f422f268fae70d474329617597a201934dd4bd2789f3700ab345fa29c88da,2446fcb070b20810
train/PICADURA/704F3E54-260519-150407-8.RGB.tiff,train,PICADURA,.tiff,2001880,True,,98d7a442cedc300da6e92c3047e1a141af8269aa0273dcd5a96156e00b76575d,2011,847,3,RGB,TIFF,1,1703317,2.374262101534829,34.46403693499214,34.17639640771507,29.428819180457896,32.68975084105504,33.7211771214636,d38b4cbbb03f1ccfe2bdc1ed949c0c09b3df2850b298309471b608cd58645b79,19c1f87c66fe18f2
train/PICADURA/704F3E54-260519-150410-6.RGB.tiff,train,PICADURA,.tiff,2286772,True,,1002fb127ecc4a849c1682aa099b015e6d344fa7ce121ad6debbe5cd259b8dcb,2113,832,3,RGB,TIFF,1,1758016,2.5396634615384617,33.809412428555824,32.86779870035313,28.092118615530236,31.58977658147973,32.60491367541593,84878dd4ddcd39499ba4a374dff5be7a68fc4c64c70091fe5fe60e28e1f761a6,30f8d02ca0583c70
train/PICADURA/704F3E54-260519-150418-8.RGB.tiff,train,PICADURA,.tiff,1441212,True,,1952efe8c01150c892e8cc2908e094d0ec8ba4ac07d07670fcdac35789983299,1760,710,3,RGB,TIFF,1,1249600,2.4788732394366195,27.579832746478875,26.579347791293213,23.589392605633805,25.916191047801963,26.53763790172855,a5cf7c9d007ea43a3a93ab0d51872b760db0e24404f4e97812a5f82e341c8649,8c3cccc030c03c70
train/PICADURA/704F3E54-260519-150420-2.RGB.tiff,train,PICADURA,.tiff,1681432,True,,1feaa1b43ea6930109ce2d6b2b2bb54efc5f3814059021b75141bb74e62ad115,1919,735,3,RGB,TIFF,1,1410465,2.6108843537414965,28.168398365078183,27.6382880822991,23.900505861542115,26.56906410297313,27.37068388368375,f961dee1c6682c26d3b1a2505a74902319aa9264213159b6a7ac2df43492e4fd,a8809efc6028c0e0
train/PICADURA/704F3E54-260519-150424-4.RGB.tiff,train,PICADURA,.tiff,2501526,True,,109d888d38ab386f6b6a5953d02f27cab6a944b47c49b833caddb16fac1f9d7b,2172,867,3,RGB,TIFF,1,1883124,2.5051903114186853,37.63672546258239,37.35845488666705,31.166181302983766,35.387120550744406,36.73573860032584,a97b0a426e286ed62fa3f9531f5129b592d562976157944e50402c1ee34af28b,043c8737341e3410
train/PICADURA/704F3E54-260519-150427-3.RGB.tiff,train,PICADURA,.tiff,1845226,True,,c6645d246681dc922ef44071a006b4214ca225ce173b4f453772865bd7b536fb,1992,797,3,RGB,TIFF,1,1587624,2.4993726474278546,29.350389638856555,28.551931061762733,25.453163973333737,27.78516155798434,28.43741072823288,925799e124ad6292eca82175e0111245cf522384d85707c593f17da945d986f9,6169adc24830c2c0
train/PICADURA/704F3E54-260519-150431-9.RGB.tiff,train,PICADURA,.tiff,1902642,True,,a712e0bd21feb09ac661fd15c3005fab20dda6efa69ff30445d133379887eb9d,2007,758,3,RGB,TIFF,1,1521306,2.6477572559366753,32.77446352015965,32.042636392678396,26.957905247202074,30.59166838668004,31.68179335321099,58d5b0d15bddaabd327c92257dad8f8cd0b0ee43cf2e0bda12826a3d19746591,04e01c7070725870
train/PICADURA/704F3E54-260519-150433-8.RGB.tiff,train,PICADURA,.tiff,1627964,True,,3846156cc20a32a380dbe0143a189c76a8ece5e811cf09197cdee32c57f0fc9e,1902,752,3,RGB,TIFF,1,1430304,2.529255319148936,27.089981570351476,26.07256778978455,23.665070502494576,25.609206620876865,26.102319819423002,074a66b6e1283ded17b7e6ea46c0c66a7693dac0db182a4494b7517a5ffd9816,20e1e3d0e160d080
train/PICADURA/704F3E54-260519-150438-4.RGB.tiff,train,PICADURA,.tiff,1852484,True,,8f1a2f3151618868374ad8c6a7d51b2ab392bcc68230026a2b275e26bd05a408,1882,769,3,RGB,TIFF,1,1447258,2.447334200260078,36.17806500292277,35.7391398078297,28.842907069782996,33.58670396017849,35.0842079090252,958a438adf7c2959ea34ce7b5b636e0c6aead3f2df8ce7503971ebf5fc85b12e,f068e2a0615068c2
train/PICADURA/704F3E54-260519-150440-3.RGB.tiff,train,PICADURA,.tiff,1740536,True,,25052b248d63043b8363423525cb52236dee3b0688b5956c89ed43c928d67e8e,1881,775,3,RGB,TIFF,1,1457775,2.4270967741935485,31.801209377304453,30.826757215619693,26.856475793589546,29.82814746217123,30.665506329851997,5fe7bd92e1c8c70c1958ea5dc4583a7d81097e1756d5f5e59e3f60558a1d50e0,383ca02080023810
train/PICADURA/704F3E54-260519-150442-2.RGB.tiff,train,PICADURA,.tiff,1850250,True,,57e233d9eb5e49c796f26b7454ab644170915fb7d33d16fa74da9b1d962b1dc6,1890,822,3,RGB,TIFF,1,1553580,2.2992700729927007,34.30002317228595,34.07520629771238,29.680925990293385,32.685385153430566,33.641478588164105,5359fef8b8016a151d749452ededf0f17a8210882730fc02cf0469e059f4b54b,cdefe70260f264e0
train/PICADURA/704F3E54-260519-150447-4.RGB.tiff,train,PICADURA,.tiff,2572626,True,,0955c38702c7669598caf1b995eeedd3075aca373e18f13828c46f921b9e2e4d,2183,880,3,RGB,TIFF,1,1921040,2.480681818181818,37.26044382209636,36.06634271019864,31.70906436097114,35.011950297755384,35.92664921084412,787b37026295c1a53f0e5978a2dd41e35f8043b001c225d40b4a95f296e81e1d,4870e965b0b62020
train/PICADURA/704F3E54-260519-150450-0.RGB.tiff,train,PICADURA,.tiff,1866614,True,,7ee1838dc9d9d9664b6edd3bf5603e88f8f30bb0b03312d6edbbd752ad31ba44,1928,773,3,RGB,TIFF,1,1490344,2.4941785252263906,31.208299560369955,30.32605626620431,25.126662032389838,28.887005952988034,29.997116068504987,bf4c7998b7827d88fe4b111d7d6a0e7f270db6c2267227bd697b84ab9c114e76,247094c04838f054
train/PICADURA/704F3E54-260519-150452-1.RGB.tiff,train,PICADURA,.tiff,1649716,True,,90f8b7ed296a012c06da01bb29a21020c38090effd75db73d3248ee1b8cf046a,1875,768,3,RGB,TIFF,1,1440000,2.44140625,29.922404166666666,29.84112986111111,25.033515972222222,28.26568333333333,29.317362895138885,5f41b89749d0404f47dab569acc422a12077c7b9a4a5de39cf1aa385e37b9da4,518f9fc08c004480
train/PICADURA/704F3E54-260519-150455-5.RGB.tiff,train,PICADURA,.tiff,2587874,True,,ccbcf51715606ecc8af4d0fb3cc1cf802c16dad5d3d20e07dd7d2b259e2051fb,2209,892,3,RGB,TIFF,1,1970428,2.476457399103139,39.127950374233414,38.60775526941355,33.50131798776712,37.07900787713803,38.181159755646995,2f3134fd2baa259afbf2c1b546c32afbde05936f5bf75675df6698d9e20b4c97,1ce00c066226c042
train/PICADURA/704F3E54-260519-150457-4.RGB.tiff,train,PICADURA,.tiff,2081710,True,,8a48deb6b468e5366828e81dc97e8bb026b5cf610a10b9935064ad7819407259,2094,775,3,RGB,TIFF,1,1622850,2.701935483870968,33.78898542687248,32.92786579166282,27.792153926733832,31.50300171508971,32.5998694099886,7ab6c34ce27a1d003998d0861728acb05120aa3724415333f0633082a53f486c,9133b02060221270
train/PICADURA/704F3E54-260519-150501-6.RGB.tiff,train,PICADURA,.tiff,2090086,True,,d09e6813df6f0121ec784bf34fd264efcf415ad30a043d295eaaab24ee916d2d,2052,842,3,RGB,TIFF,1,1727784,2.4370546318289787,32.76390625217041,31.885819060715924,28.763284646691947,31.13766998652609,31.79239820776208,4d569e6c3c37cdf45540ca12e48c1a6c2b30cd6376cdabc6203073dd42df9752,60c1fdfcf4fe30d0
train/PICADURA/704F3E54-260519-150509-5.RGB.tiff,train,PICADURA,.tiff,2750174,True,,fd13103fb0e566a27b06a36a0e4bd3137986cadbc27de3338a10c1598584bbbf,2220,940,3,RGB,TIFF,1,2086800,2.3617021276595747,36.55731790300939,36.28163216407897,31.679823174238066,34.83959108044214,35.83945597517731,ee6b3210d20b86d6e45c2fd3a6459824da46636c3cd5c29697b5f4f7352c7fde,480ecaf3e1e22c40
train/PICADURA/704F3E54-260519-150512-3.RGB.tiff,train,PICADURA,.tiff,2277288,True,,8f1710d265ea9a72f91f07ae7f39a774173f96c382a630b51aba0c387322d022,2196,829,3,RGB,TIFF,1,1820484,2.6489746682750304,32.295430226247525,31.511332151230114,27.514179196301644,30.440313857926427,31.290102038798473,065259c9e0b98e77809fe10acf894b50be723c825c358cfc5a4515f71c5662af,20f0eab8f8ba70b0
train/PICADURA/704F3E54-260519-150519-0.RGB.tiff,train,PICADURA,.tiff,1764040,True,,0d407a5f2b37e00f8eac7df849963a9f8cd1485c210ef13b68099e503ac365fb,1995,737,3,RGB,TIFF,1,1470315,2.706919945725916,29.913881719223433,29.015000867161117,24.25995858030422,27.72961372222959,28.741691421226065,051e4342bf8756c534a2cd58df04022314f49b7684cf25e993528d71344d4aec,187850f060387018
train/PICADURA/704F3E54-260519-150525-7.RGB.tiff,train,PICADURA,.tiff,1732282,True,,659772ef3f370f919b1c1147127cb487e5227a965390a47ffb2423e6762b7e59,1928,728,3,RGB,TIFF,1,1403584,2.6483516483516483,29.69224784551548,29.016472829556335,24.567515018694998,27.758745231255602,28.711348368889926,ec7c3902b4a7ed1ac1ee33141ef5b60a342e7fcdea3254fa0e4a6c25d28a56f2,6170f3f848307850
train/PICADURA/704F3E54-260519-150527-5.RGB.tiff,train,PICADURA,.tiff,2349140,True,,612eb00f5bbf7c2f6546f8a57955ad54c6cbb6a18dade087ecbdb41c38f6f9d8,2153,889,3,RGB,TIFF,1,1914017,2.421822272215973,34.962870758201205,34.7560575480782,30.625498101636506,33.44814213597197,34.34701092101062,c8474815902f4e9db54bc8e358a7d3b0c14d2b7e010a5f949afd19613ca83b9a,a0fbe7c061f450d2
train/PICADURA/704F3E54-260519-150529-4.RGB.tiff,train,PICADURA,.tiff,1722800,True,,6a70b414f2e70b4b20e11d76ab5e67fc23ff36a177c8e76d274ab90bd3fab066,1941,740,3,RGB,TIFF,1,1436340,2.622972972972973,29.933979419914504,29.087411754876978,24.717014077446844,27.91280175074611,28.84231015149616,5d56744caa0b8801325b65ff8ea72210639614f9d5c77f61b3cb02ff683ecf29,a060c03988a01104
train/PICADURA/704F3E54-260519-150531-3.RGB.tiff,train,PICADURA,.tiff,1819288,True,,064007ed3f161feca40a2a80c32043590d0dda54f6ac6f14f13ca46f36851d6c,1912,726,3,RGB,TIFF,1,1388112,2.633608815426997,32.51553981234944,31.10732923568127,26.074118659013106,29.898995902347938,30.95459819236488,f9e47079ad83f5b930cb3458d73b52eb9b658eb8cf9942a1e0003c85590bc3a0,7478b8d058605078
train/PICADURA/704F3E54-260519-150533-0.RGB.tiff,train,PICADURA,.tiff,1786740,True,,7735d3f652b1cf6d6e03c246af9caa447bf35875745f6818f0b04485a08382f1,2011,700,3,RGB,TIFF,1,1407700,2.8728571428571428,30.320505079207216,29.001203381402288,24.21694466150458,27.846217707371363,28.85026909497762,bd2640dcdc126624c2cc145a42aebe8c479ca0b1d944fcc1c4769d5fae86eb02,243cd2d091101c10
train/PICADURA/704F3E54-260519-150535-6.RGB.tiff,train,PICADURA,.tiff,1810596,True,,f0747d6d38983d5c6b5ba68458035043b5776b939c196a69ceaaae8c035b3a9d,1912,776,3,RGB,TIFF,1,1483712,2.463917525773196,32.271739394168144,31.826147527282924,27.106007095716688,30.401298005722584,31.42128348628305,087d940da59040d3896d1fb0442777ad86213a1f179412f4fef927887c3ddcd1,0460f07f703e3030
train/PICADURA/704F3E54-260519-150537-5.RGB.tiff,train,PICADURA,.tiff,1879738,True,,64c8d755368204ce8a1078d077bc51884239a29854596bba1e23cff19f7e6d33,1898,771,3,RGB,TIFF,1,1463358,2.461738002594034,33.03808842402201,31.810332126519963,26.685974313872613,30.511464954804865,31.593254468831272,28f50593834b04ed268574a6e91587a07f4e4060ff73b08b20711f5a39d26a02,60e0cee4908a6290
train/PICADURA/704F3E54-260519-150540-0.RGB.tiff,train,PICADURA,.tiff,2654970,True,,78c0cf7ff8e4d5cdeb311797f9654337e0e21a1b1f1acb77264c2d2b77c5c826,2092,899,3,RGB,TIFF,1,1880708,2.3270300333704115,38.54378616988921,37.083046916374045,32.419125137979954,36.01531940808107,36.98812087043815,d4cff33aafdf945c1a21ac521c6d4cf53219cd0dca393a94e612bdde02d5a908,e03022341c603832
train/PICADURA/704F3E54-260519-150542-3.RGB.tiff,train,PICADURA,.tiff,2338908,True,,773e7cef39a03047cf01296c8d89a8e00d6e2d0a74f85f7ea55bb7fe1c862569,2036,879,3,RGB,TIFF,1,1789644,2.316268486916951,36.36016101526337,35.028322951380275,30.50703380113587,33.96517258925984,34.911115569353456,5ee1e578bee5e11883cdad539d7800b46f63958821887a5c868e54d903f1d720,30b00b798c083030
train/PICADURA/704F3E54-260519-150545-2.RGB.tiff,train,PICADURA,.tiff,1453190,True,,edfe0682b29fb32d016c3be19e6fd72aab52c7524862e38b78db30bc10a7f57c,1772,687,3,RGB,TIFF,1,1217364,2.579330422125182,28.389704311939568,27.46474431640824,22.955205673898686,26.2698847674155,27.227219949826015,11b230caea85e2d04d1347ed51b7ec29281b443a11899169412e8e1f28c97c99,3020283848303830
train/PICADURA/704F3E54-260519-150547-1.RGB.tiff,train,PICADURA,.tiff,2514384,True,,2d8a1a58dc2125e834effed94c1708c17ba3e026a40f0183bcbb40fb713662b2,2166,947,3,RGB,TIFF,1,2051202,2.287222808870116,35.81604249605841,35.22290539888319,32.60442170005685,34.54778986499948,35.10174624927238,98c0950ea32ed8ac7ccdbab5d6716f3d0fea64dfb435ba04eb544343fc9168cf,400082fde080b002
train/PICADURA/704F3E54-260519-150551-9.RGB.tiff,train,PICADURA,.tiff,1700236,True,,f53bd7fa0cc54f1d8e648f2454a47e267a8c26d5056ac9a68a5d16dfd52cfd6e,1948,721,3,RGB,TIFF,1,1404508,2.7018030513176146,29.92352054954475,28.990598843153617,24.02849396372253,27.64753778547363,28.70386247710942,e01c6b1ad7c06f18b6549b4591159e18836106c90310414a374a87fa0a599401,48e0c8706070b070
train/PICADURA/704F3E54-260519-150555-3.RGB.tiff,train,PICADURA,.tiff,2565042,True,,3a16e5bc468e5dbc9e773c95be6c4ed94cb25721606c3a4e507874116ecbc9d0,2183,844,3,RGB,TIFF,1,1842452,2.5864928909952605,38.169853000240984,35.958334871139115,31.82945173062853,35.319213200669545,36.14888611372237,7c262e30cfbbc419d1a6d4d97d46becb2e0de3aafd33571b0aa50a6fee9d5692,b0c0e4f1f978e270
train/PICADURA/704F3E54-260519-150559-5.RGB.tiff,train,PICADURA,.tiff,1808208,True,,9000efbd5b8500860711b1f3fdf315ba0320bcb599c46bf801d8ad8365dc6b28,1902,750,3,RGB,TIFF,1,1426500,2.536,32.274480196284614,32.12928987031195,26.82832457062741,30.410698212407993,31.568391733613737,f5a151f18d2728c3618893e5276812fe9eac8f131608192eb68059b48ebcda70,3c1cde3c303e1cba
train/PICADURA/704F3E54-260519-150603-1.RGB.tiff,train,PICADURA,.tiff,1914442,True,,e5da2c67c408466fb02c4ba3bf649df20b2f448973599a85193f647b600f172a,1968,766,3,RGB,TIFF,1,1507488,2.569190600522193,34.92869462310811,34.07417173470038,28.522530859283787,32.50846573903076,33.696787018536796,49c026ad801519f1f18e8f76b88961e6ff65c79519e387538cef549dba6f3880,6060c07ae84070e0
train/PICADURA/704F3E54-260519-150605-1.RGB.tiff,train,PICADURA,.tiff,2082954,True,,cd3ce2ba5e60d48f4623a374e58afb30b5257870abd0c3d84807b359945d50cd,2090,815,3,RGB,TIFF,1,1703350,2.5644171779141103,31.43393606716177,30.89412921595679,26.901289224175887,29.74311816909815,30.600347705404054,7981dba65282a91efd45cf48f0788d96ed83daaa4cc4b7ba312953764764a6d2,1881bb6ee6e21262
train/PICADURA/704F3E54-260519-150607-6.RGB.tiff,train,PICADURA,.tiff,2074060,True,,54b913cbf116e2b78dd8b7e7faeacf9a10d3675e5c755b90f58e6cb7f9660419,2016,843,3,RGB,TIFF,1,1699488,2.391459074733096,36.180347257526975,35.249628123293604,31.391986292342164,34.27398722438758,35.088141975700914,e42e0e707d58555ab21d0873465645779dc1b0dbcacaae8db5055c28086b5be4,79fcf400647850f8
train/PICADURA/704F3E54-260519-150609-3.RGB.tiff,train,PICADURA,.tiff,1955950,True,,8ff5ba1a8d63a00ffc140dbb4e9cf1b3fcca8c9421084633df65dee35f15bb2d,1957,783,3,RGB,TIFF,1,1532331,2.499361430395913,32.561635834555325,31.39276044144509,26.924971171372242,30.29312248245755,31.232926207196744,e950e8a506760b5ba1b8ebd06d3a96164ad0e756d9e961d204578af2483a61a8,0c70a63c30647878
train/PICADURA/704F3E54-260519-150611-6.RGB.tiff,train,PICADURA,.tiff,2016180,True,,e0a8b725a1bc7ef453f13d66522ebc247d6279546ff6fbe5fdd6bdcd3f40b72c,2032,781,3,RGB,TIFF,1,1586992,2.6017925736235594,33.67464297236533,32.70567463478077,28.024371263371208,31.468229623505774,32.461727583377865,70cfe3ea7f3d88b2dcdb04387bfc87fc0f3c7ddbe80500f54e6fa5b58ac2a85a,b272ce404cb220b2
train/PICADURA/704F3E54-260519-150613-6.RGB.tiff,train,PICADURA,.tiff,2302120,True,,367d439c6543ac3b5ec8e21dba6ef90639f87d835c7a16ce1426064f0a1e6567,2008,858,3,RGB,TIFF,1,1722864,2.34032634032634,36.24605134241588,34.67718752031501,30.678862638025986,33.86736716691896,34.69046876654222,98c462dc1300abe6f351a59fa82f2d2376bbefde6f982f1bd4fcf42ec0e936ec,18384af9c0983870
train/PICADURA/704F3E54-260519-150615-3.RGB.tiff,train,PICADURA,.tiff,1836240,True,,e3bab30275080358b26b5dae0493d1782119de93f2b129148da9a793d03d3826,1874,779,3,RGB,TIFF,1,1459846,2.405648267008986,31.756049610712363,30.102900579924185,26.65119129004018,29.50338049355891,30.203697281083073,361ff5714f2e0e7e80da6e75ca4f707932c628a2ab3447cbf022e9fb85abdfda,2868d364f0087060
train/PICADURA/704F3E54-260519-150617-6.RGB.tiff,train,PICADURA,.tiff,1755628,True,,98bb93d3a30c1974d2fab2f241056e44437dafedc0138f789e2d0e831055b1e8,1896,769,3,RGB,TIFF,1,1458024,2.4655396618985694,30.593842076673635,29.964246816238965,25.182848156134604,28.5803123496824,29.607416351857037,652b4e0ccf5c51912b40b921842b7400424a3239d21e6efe5cb1e46b2029f880,e040406041887098
train/PICADURA/704F3E54-260519-150620-9.RGB.tiff,train,PICADURA,.tiff,2446776,True,,ddb7bc60e2596d821f0c867146bd29eaf4b825f1b077bf9055d827a5e50a5268,2162,833,3,RGB,TIFF,1,1800946,2.595438175270108,35.69508136279489,34.249120184614085,29.543177307925944,33.16245961844497,34.14498508894769,99e8f0717fd6bbca4286a742bf9d38e591f7c5eae2c9572532a2e304fd3a813d,60c03c2c14026010
train/PICADURA/704F3E54-260519-150623-2.RGB.tiff,train,PICADURA,.tiff,2127964,True,,aa9489fdf6bf15df137e5863bcbd6c7d21d6ff389aeb67b6d94946fde8ba4324,1987,806,3,RGB,TIFF,1,1601522,2.465260545905707,35.38995218298594,33.988927407803324,28.85479749887919,32.74455902988949,33.82254300596557,48e3a46181bdf7ba751dd0b473594e0293c007796cd314473dba61e4549043e3,10c0cce02082c070
train/PICADURA/704F3E54-260519-150626-3.RGB.tiff,train,PICADURA,.tiff,2057154,True,,376992bd60bf3836e37a90e6627a665474985a7bfb284883be80059dc6b7f301,1975,779,3,RGB,TIFF,1,1538525,2.5353016688061616,35.285298581433516,34.63643359711412,30.022984351895484,33.31490551014771,34.304511013470695,d06c5b6aff08cd726462c7519a22e80f7567d01c0dba0763b53e0596b925a2d0,4c20c8e931629030
train/PICADURA/704F3E54-260519-150628-5.RGB.tiff,train,PICADURA,.tiff,1180048,True,,6384608298eb608bee815aedd5d14c4027642b7f2d9e2ce532da5be5212d3bb3,1558,624,3,RGB,TIFF,1,972192,2.496794871794872,26.771698388795627,25.568675734834272,22.28178487376979,24.87405299913323,25.553673950207365,376d87dcf0c56d00630295fe3fe011889d73bbdd3545babac959fbab5351a17d,60c2eef07080d2b0
train/PICADURA/704F3E54-260519-150630-5.RGB.tiff,train,PICADURA,.tiff,2182350,True,,45c53bbf23e2e755dd71e29602beaeb3e16eef8f07c883f9146fd76c6208b4e6,2064,827,3,RGB,TIFF,1,1706928,2.4957678355501813,34.84040275864008,34.44562863811479,29.02118542785636,32.76907227487041,33.945279574182386,de06eca831ebdc6d66883970923f2d9827c1d39f8c61393e8daca90e83968be1,7270501c285a5872
train/PICADURA/704F3E54-260519-150632-4.RGB.tiff,train,PICADURA,.tiff,1610760,True,,12346e73fba7dde1af09880d2dcf5e0e797dc4bb532bfa2814836f6fe9afcdb7,1854,750,3,RGB,TIFF,1,1390500,2.472,30.861380079108233,30.44829485796476,26.206986695433297,29.172220544168766,30.088298208558072,602a41a57ba65b53d4ffdf4efe37b01ff8318e090b57fc473aecd347895d790b,38e0f07ce1007800
train/PICADURA/704F3E54-260519-150635-6.RGB.tiff,train,PICADURA,.tiff,2417584,True,,e8c4ae442d5461644ab5562d097ffa003c0ba4ef7810305cf32b89b4a59ffd54,2151,809,3,RGB,TIFF,1,1740159,2.6588380716934488,38.423268793253946,37.0464572490215,30.963813651511156,35.47784656459554,36.76470253063082,d8a87d918447e379ed3794fc815d18c11ecc9b2a0098a5dcd1ab7c5cf619bbc8,326272f0cc8a7240
train/PICADURA/704F3E54-260519-150638-3.RGB.tiff,train,PICADURA,.tiff,2380604,True,,a76c418024d07a2ee2504f0c2e8269f93c37f42045e861c6ffbf5521557e69bd,2161,867,3,RGB,TIFF,1,1873587,2.4925028835063436,34.92542967046633,33.90348673426961,29.426691154453998,32.75186918639665,33.698692976093454,7f99e51f25ff26f1142f6dec053656a3da85dc6e4e6740797eff70c09ef34937,44091af030147040
train/PICADURA/704F3E54-260519-163626-9.RGB.tiff,train,PICADURA,.tiff,2783926,True,,9e135579b04e5145eb6d2ce70117568c70949fc92075b8959c09894ab8c8a5e6,2281,939,3,RGB,TIFF,1,2141859,2.4291799787007453,41.15819341982829,40.22864670363455,36.65157697121986,39.3461390315609,40.098795222281204,3a1f9aa5210ea9934721fc25420bb47d882807581f5f20ec95158235631d7778,3878f486e4867832
train/PICADURA/704F3E54-260519-163629-1.RGB.tiff,train,PICADURA,.tiff,2695716,True,,1721c323776c0219f4d930356ad469571ad4e5f825f2bdc290e3023285fe3c42,2316,886,3,RGB,TIFF,1,2051976,2.613995485327314,36.47704943917473,35.27060160547687,31.503682304276463,34.41711111630936,35.20190070741568,f250e35447c733f686fb13dd0697c82e24b82a8ce54cf4c9fccb8c50b67ecd00,7020be7870fe1010
train/PICADURA/704F3E54-260519-163633-2.RGB.tiff,train,PICADURA,.tiff,2455166,True,,59facbc5ae5839d67c3bcf419060883210b17eeae9ec47ccb320d289d932a78a,2140,879,3,RGB,TIFF,1,1881060,2.434584755403868,35.67946849116987,34.56426961394108,30.688410789661148,33.6440496315907,34.45586617226457,aceff1b9508b0f733452764573735a972594ff80cf9b6e7494cf098355116558,7060e6f534fe7060
train/PICADURA/704F3E54-260519-163639-6.RGB.tiff,train,PICADURA,.tiff,2442260,True,,8665e499648546526f9b3fccefdf09112d0564cf30b2544405b275904af2a95d,2160,859,3,RGB,TIFF,1,1855440,2.5145518044237485,36.73942407191825,35.6224938559048,31.573141680679516,34.64501986950085,35.49482984251714,b6897e27ccb24f70b74d122665ee8917d8c9cd4bf680d2159f8c67c21c85ad5c,80f0960070c028c2
train/PICADURA/704F3E54-260519-163641-6.RGB.tiff,train,PICADURA,.tiff,2421428,True,,84a0a7125da012887594acec8e0a500c86bd638426a136208c7b9ca133bfbe8c,2050,890,3,RGB,TIFF,1,1824500,2.303370786516854,37.144646204439574,35.7935637160866,32.467873938065225,35.13536128619713,35.8184087454097,bdecc417292d3243f6e2758b4943fb45533adfc06bc853178f6c7b2821b5d35a,407c3270e4427078
train/PICADURA/704F3E54-260519-163643-4.RGB.tiff,train,PICADURA,.tiff,1312360,True,,4efe64ff37ec05be9073420a72fc3bfb8a69c990439eea57ade5ea505c2807c6,1700,628,3,RGB,TIFF,1,1067600,2.7070063694267517,28.78946983889097,27.56728456350693,24.219955039340576,26.858903147246156,27.551122395091795,a1929928e9acb796aec1efb504d3fc96ca6a8deedcba25cf7ef1d368d6335b8f,2042e2f1dc405822
train/PICADURA/704F3E54-260519-163645-2.RGB.tiff,train,PICADURA,.tiff,1708130,True,,8083f991bfb73706e1fb0ead97a4bcc4a31b7591707dce84d5b157d804c99049,1919,706,3,RGB,TIFF,1,1354814,2.718130311614731,30.920990630448166,30.3041096416187,25.078041709046406,28.767713993704422,29.892785312965465,479d0ad8823c9d4f7068892ab3dbff706efea6e1a39aaba04d0f0e6d56b1f870,e064bee03048e040
train/PICADURA/704F3E54-260519-163650-7.RGB.tiff,train,PICADURA,.tiff,2349260,True,,cd8a7995191b45076d0c1d3be417dc7f8eba3d0287ba9a34e3199d572ba1d13d,2067,863,3,RGB,TIFF,1,1783821,2.39513325608343,35.157649226015394,34.35522005851484,30.003249204937042,33.1720394964891,34.09902170228963,c2235c53efc4b87a50a6a2b3a611e3b938bd84bd1aa4b014c11789bd66b4bcde,60600a7c34607000
train/PICADURA/704F3E54-260519-163653-8.RGB.tiff,train,PICADURA,.tiff,1741424,True,,cff947c81cc046c827930fc056cab0143a4df6fa653d57505ddafb609cfc1620,1951,742,3,RGB,TIFF,1,1447642,2.629380053908356,33.110706238144516,32.26227202581854,28.23706966225075,31.203349308737938,32.05708078585728,4e6335c5b34c7fdfaefaa78e5ca9f9df89a842160563a8323159b0276fbe012a,a4f8f6023012f020
train/PICADURA/704F3E54-260519-163655-4.RGB.tiff,train,PICADURA,.tiff,1981650,True,,d2e871a191dcf9a361abcd67d4ffcbfe207232f44e8502c9b3560b89bccab1d1,1997,805,3,RGB,TIFF,1,1607585,2.480745341614907,32.0796032558154,30.82187567064883,27.2690993011256,30.05685940919661,30.792919712487986,6543d36237070e66220d16958431d86a8f5c42f1c369de86be537669ea6074a1,6060f89cb8601460
train/PICADURA/704F3E54-260519-163657-7.RGB.tiff,train,PICADURA,.tiff,1819348,True,,e6b1aa15043509d1f6023bc8400fd9512315f0f759ec9e4052a9789a06537e5b,1927,768,3,RGB,TIFF,1,1479936,2.5091145833333335,31.7329810208009,30.876772373940494,26.587624735123683,29.73245937662169,30.643815928526635,d852197b168fc0984d05b447bf9ab664a92a3b223901a8972a2be6426e5c35dd,6138220e1c8e1a0e
train/PICADURA/704F3E54-260519-163705-9.RGB.tiff,train,PICADURA,.tiff,2848778,True,,5d8343c3e2e10c7de31722d17cec584c009ee1aef77885129fd936ce693e7722,2356,888,3,RGB,TIFF,1,2092128,2.6531531531531534,36.935024530047876,36.14029495327246,31.621554226127657,34.89895790314933,35.862782653833804,6cec1233f1bb4533f6c866ae34c23bec9309fda917f952c105156b4d458168ac,e6ceba70784670c6
train/PICADURA/704F3E54-260519-163708-8.RGB.tiff,train,PICADURA,.tiff,1759018,True,,6a1ee6d5621f96776d8424af35ef3782d6cc397e238799b96e0696e9cb25f31f,1897,761,3,RGB,TIFF,1,1443617,2.492772667542707,31.730262250998706,30.528444178753784,27.120918498466004,29.793208309406168,30.499329854802205,d9a03bcdab8c93cc3ca594a64ebae7df0f2f29686b403d36ceda42754ee8a06a,22a0e27ff8de5078
train/PICADURA/704F3E54-260519-163712-4.RGB.tiff,train,PICADURA,.tiff,2356952,True,,c4ef8cfb296fb3c4d3a82700f679bc73547aa8b2fb59f22dc7f074f697c4068a,2076,849,3,RGB,TIFF,1,1762524,2.4452296819787986,37.42379394550088,36.62043126788628,31.573706230383245,35.20597714792347,36.285310054217696,519e3bf9cb9696509ceab7d8b7229bf1c8d31e441fa8491f48ae33247d81e6f9,603c6060a0e47838
train/PICADURA/704F3E54-260519-163715-3.RGB.tiff,train,PICADURA,.tiff,1970670,True,,c80b753e06b76162bb17966a999afc9dee94c3000670cae2584eb26481c09e5d,2090,736,3,RGB,TIFF,1,1538240,2.839673913043478,31.683704753484502,30.535926773455376,25.866401211774495,29.362010912904793,30.346786475452465,86fc3be18e317d364f5909d2a2eeb0ba5f42bb95110e4336d05bc54b0b0ea3d5,24281cf87a089058
train/PICADURA/704F3E54-260519-163719-0.RGB.tiff,train,PICADURA,.tiff,1673392,True,,a2c275aef83a830761a6ea554cb49f7721d0b0a226125d4de1d95c497fd01c6a,1889,722,3,RGB,TIFF,1,1363858,2.6163434903047094,29.919182202252728,28.313199028051308,25.119786664007542,27.784055964770527,28.42933898763654,a9f144a4cd12834982c79deea6c1a30624f34d20b7cbee1179ed7ed4995a1b2d,68f8e83c70501830
train/PICADURA/704F3E54-260519-163720-8.RGB.tiff,train,PICADURA,.tiff,1307900,True,,4b872cfa8904e72cf55e792e463861a0d5db1c9cb6cb5dc726c0b7f06c7f2c30,1683,651,3,RGB,TIFF,1,1095633,2.585253456221198,26.476993664849452,24.97021995503969,21.63200633788869,24.359739985925945,25.04018894191759,2aed0cfaac15bd6914e7c40d7c32be2d6d25e30ac7961068495d5ff706cdaa27,9c70f0f070107070
train/PICADURA/704F3E54-260519-163727-6.RGB.tiff,train,PICADURA,.tiff,2339082,True,,3cb8d66439055f3fae043635ddbee9353b4d96de624d105ed2a2eded2fc79376,2164,841,3,RGB,TIFF,1,1819924,2.573127229488704,36.34877830063233,34.925710634070434,30.482030568309447,33.918839834337405,34.84462833887569,3389b35366ccfadb973e8b84f4f304e0fb5690c45796fbc5c25321842070ae43,60e0e20f0c0ec00a
train/PICADURA/704F3E54-260519-163730-0.RGB.tiff,train,PICADURA,.tiff,1792882,True,,d8875e179323be81015478fc08765fa319a9d8ef0268f92b74df051f6d599abd,1920,754,3,RGB,TIFF,1,1447680,2.546419098143236,32.30186298076923,30.741286748452698,28.04571314102564,30.362954290082524,30.900603650668653,a0fd9d84111ef650fda802c91ed5141b0d972f58647b0aa2990d663fdfa79241,2800e8f86000f000
train/PICADURA/704F3E54-260519-163731-8.RGB.tiff,train,PICADURA,.tiff,1586486,True,,fecdacc86b58e4a60a7cd3719d8acb0326020cdb1600390d1de09c59b8226d7f,1837,713,3,RGB,TIFF,1,1309781,2.576437587657784,30.785904666505317,30.283759651422642,24.875728843218827,28.64846438704893,29.817385498797126,f30cd91168245b2d8c83fc0fd9fcfa68628e5bd9e4a53e697ef5174d576410d2,3416ac65e49a040a
train/PICADURA/704F3E54-260519-163735-4.RGB.tiff,train,PICADURA,.tiff,2793962,True,,7f6b4a172d8d44cdf4f76cbcdfe540ac5c1a75ee9fdf5e02d471c3709178ef03,2058,987,3,RGB,TIFF,1,2031246,2.0851063829787235,42.925850438597784,41.691294407472064,38.347343945538846,40.98816293053623,41.67921630811827,40dd3f150e9caea9a8ef9979a8178ab65cb14a1832a68e6fa381addb25d887a7,287c7c8020b000fc
train/PICADURA/704F3E54-260519-163739-7.RGB.tiff,train,PICADURA,.tiff,2567302,True,,017cd98895d87bbeb467c6f332e09411166d071e8c16e998ba700a3bc2867735,2113,919,3,RGB,TIFF,1,1941847,2.2992383025027205,38.87075346306892,37.771179191769484,34.18278783034915,36.94157349506252,37.6908752836861,033fc21f44f7b1e9ae04d9e9f27b06ce6b6ab1e8d61e3cf6080ab744137588dd,50687d35383a3820
train/PICADURA/704F3E54-260519-163742-6.RGB.tiff,train,PICADURA,.tiff,2374568,True,,8526557815981297e4d29e20f083a67d2c1d98b867f8da27ec78f35de790bb0c,2179,845,3,RGB,TIFF,1,1841255,2.578698224852071,36.74866544829478,35.958372414467306,31.33245096415217,34.679829608971424,35.66731498624579,3a288c78a634d5bb03bf96a35876e31c43f239ae81f18cfa51092d7353412948,30003efcf8fe1838
train/PICADURA/704F3E54-260519-163755-0.RGB.tiff,train,PICADURA,.tiff,1452410,True,,bf98f9ccc1ae006058dcb167ea4d91166c792b57e44092ed2240dbb1762b85e3,1701,698,3,RGB,TIFF,1,1187298,2.4369627507163325,28.732755382389257,27.48695104346171,23.696414884889894,26.638707103580288,27.427325418723854,596bba2151aaf72a186aeb34971aec5ac4fc58c093d952f18d18655ef1f9f475,3878dc2064661840
train/PICADURA/704F3E54-260519-163757-1.RGB.tiff,train,PICADURA,.tiff,1661144,True,,c3cfd4aacc41aa6aa0cdb1aed7ef3895cdbc3dae4a365ec459bf49e93eea49af,1842,747,3,RGB,TIFF,1,1375974,2.465863453815261,30.031739698569886,28.750083213781657,25.460859725547138,28.080894212632895,28.7583270250746,d07594ae74a0ea9103aa6d1f2e70673447530e72078679be77e4411744679eef,b0f0f86478a060a0
train/PICADURA/704F3E54-260519-163800-3.RGB.tiff,train,PICADURA,.tiff,1913260,True,,d4f92d0fb43c1f2c9a309fd7a107c4491cfe44cc69a4fa42f079d3d08ddca393,1913,822,3,RGB,TIFF,1,1572486,2.327250608272506,33.02278557646936,31.984546126324812,28.321732594121666,31.109688098971947,31.877418979246873,903ea40562188a223e9280d92942c0d137bd90f6fde68e17d1ae2d9fbf970a71,60747c7370486230
train/PICADURA/704F3E54-260519-163803-1.RGB.tiff,train,PICADURA,.tiff,1822370,True,,2d086a4ceae1e13f3d744674b4da1618256cfba0c3c5e8a95ed6a07aebfad726,1976,769,3,RGB,TIFF,1,1519544,2.5695708712613783,33.071579368547404,31.993492126585345,28.581594215106637,31.215555236746457,31.926883850023426,cd755dcf930e130c9ab66090a03e9a11c1b1e083f6f4c278a92e6450457d0cc4,70e0f01e2c9a1814
train/PICADURA/704F3E54-260519-163805-0.RGB.tiff,train,PICADURA,.tiff,1510324,True,,0b41b1f40965ea89959a68d5b76a2951da4713701922b9693ed50aa5e7947b0b,1757,702,3,RGB,TIFF,1,1233414,2.5028490028490027,30.615550820730103,29.63228810439966,25.38755032778937,28.545129750973047,29.442383550048888,c2ba9b3c2b42a375418afd785815bfb510b6b38181efca309358c7b86c0d7f52,38123cf048307002
train/PICADURA/704F3E54-260519-163807-6.RGB.tiff,train,PICADURA,.tiff,1531454,True,,d2cc61e88a74404665dfa8bfdeb33018724750c93ca7363a19cbb60bcdbfa2c4,1715,711,3,RGB,TIFF,1,1219365,2.412095639943741,33.74932936405424,32.60122276758805,27.34372972817819,31.231427286606827,32.34515243343871,e7ae2b822eff5aef617d76b45c7e011a32a7a248d75dc3510f8b538a7343aaed,a1e0bce22802e2c2
train/PICADURA/704F3E54-260519-163810-4.RGB.tiff,train,PICADURA,.tiff,2518794,True,,99c2a21fad3492026e88d91e400bd362d681166abbb46de2e541ef0b91677fa0,2131,903,3,RGB,TIFF,1,1924293,2.359911406423034,38.73959267117846,37.975681458073176,34.09370350565116,36.936325878300934,37.76154542421555,a8a4509c095289e3f22b7344d2c9fb9889dfa5d1f8febe5f72581720a748c0dc,5070700850083010
train/PICADURA/704F3E54-260519-163819-4.RGB.tiff,train,PICADURA,.tiff,1834274,True,,3f9bbd892af627b5f06cd5179b97c83e78fba18fde68dced950cb1c6cbae5f96,1893,772,3,RGB,TIFF,1,1461396,2.4520725388601035,33.590187054022316,32.32885063323015,28.557334220156616,31.492123969136358,32.27603735195662,98923684e3e43fb0ad3c992082163e230dc864d2614a1b17348c1e3db6afcc4f,2c7efe08702c0a9c
train/PICADURA/704F3E54-260519-163821-2.RGB.tiff,train,PICADURA,.tiff,1707152,True,,9c1fc03fa33ea892bee6496ee827ad21c7ab86756b8f64a999b38ab112fe0c53,1873,747,3,RGB,TIFF,1,1399131,2.5073627844712183,31.68765898261135,30.41801303809293,26.867910867531346,29.657860962745207,30.392925528059916,4d374a42c80f10a871e378cb08eba90f31d8ac54e2e92ed4da905a28eade0ee3,701a8c6c44108832
train/PICADURA/704F3E54-260519-163824-7.RGB.tiff,train,PICADURA,.tiff,1627634,True,,b1c9d39a9b6c17735e983d0420b285c037ea32e80e6c64a63a55ed90c501ae6e,1833,730,3,RGB,TIFF,1,1338090,2.510958904109589,29.177830340261117,27.915760524329453,24.513741975502395,27.20244428003099,27.905289284726738,1abb87eac0b46cf6c0a5d5b9528abfcc0e2918e0345716f28f1d2ac4bb4fe655,700e4ee460284840
train/PICADURA/704F3E54-260519-163828-5.RGB.tiff,train,PICADURA,.tiff,2712996,True,,917030b74816b00cbf7af20ddfc05b7b83b69d03174a514ebdb8cf73a3a13919,2235,892,3,RGB,TIFF,1,1993620,2.5056053811659194,41.14388950752902,40.36021608932494,35.08820938794755,38.86410499493383,39.993525677410936,731793eae48c20fc586a3aec8444ea4e4b559cba93729cec1ad7e46b6d32f160,10f888042c0e3808
train/PICADURA/704F3E54-260519-163833-4.RGB.tiff,train,PICADURA,.tiff,2768992,True,,e4ff9518479b3cc04d2f64b330f773259feee620368b0ca0071f213170ab3c9d,2324,939,3,RGB,TIFF,1,2182236,2.4749733759318424,37.93091581295515,36.972781587326025,33.377816606453194,36.09383800224479,36.84943771296963,4ba6a0f4f1b5da59c492f4aa33cef21e8e5e61078d89f90901ab16b076e9f43d,38d01f6e64765810
train/PICADURA/704F3E54-260519-163836-8.RGB.tiff,train,PICADURA,.tiff,2441072,True,,78c8b70dc67616f5c853bb7bd826bb273d34ebf8d13f2bd9995f3ba2c3bce13a,2138,869,3,RGB,TIFF,1,1857922,2.4602991944764097,36.453672974430575,35.28245749821575,31.470443861475346,34.40219144470722,35.198081371015576,1af570337f342d3c4e977a5a934e19202c2ec0ea2760e168ca26553adede3d51,e0f8f0e130f820d8
train/PICADURA/704F3E54-260519-163849-5.RGB.tiff,train,PICADURA,.tiff,1724528,True,,23f16f9393416c4ade7f3f9fe5bb665957e780288b74d46ff9942808f052f9e8,1891,751,3,RGB,TIFF,1,1420141,2.51797603195739,31.3678198150747,30.396159254609227,26.525447825251156,29.42980896497836,30.245424659241582,58cd5df60e687642a08055843cf0573eaa865aa660ba65965e2d56652ca12d49,d8e8f8f02060f060
train/PICADURA/704F3E54-260519-163851-3.RGB.tiff,train,PICADURA,.tiff,1620978,True,,f80765f6e3a3fe743ed888cdeafdf8d22ad79708988d48d949d357b7b99c79c2,1827,734,3,RGB,TIFF,1,1341018,2.489100817438692,31.29028469416518,29.987317843608363,26.86222258015925,29.3799417059776,30.02064407189165,7e7e1437fc358105c72bba728bc52ba45be3f990643f39ab3f93daba564b423b,04e0903e7036601c
train/PICADURA/704F3E54-260519-163853-8.RGB.tiff,train,PICADURA,.tiff,1499936,True,,1d15efd6620abb33e8fc1dd9dfb09041b15009ae50c3f2666be495ad5ae04073,1690,697,3,RGB,TIFF,1,1177930,2.42467718794835,30.058165595578686,28.73269973597752,25.609774774392367,28.133546701982855,28.77300058237756,d2ae7054587d6ec457f35ca701f1ef7a659daa6b09b402ddf3e84f1c7a97f37e,302a8e6006107006
train/PICADURA/704F3E54-260519-163856-5.RGB.tiff,train,PICADURA,.tiff,2394692,True,,c37a4e656e5bd8e78f6ccbbefcc2ab338c83d01dda57b3d1735a0c3a235a00b8,2186,852,3,RGB,TIFF,1,1862472,2.5657276995305165,35.14355652058125,34.17525095679291,30.345451099399078,33.221419525591074,34.02817713662272,2df1ae0cc8a9496fef8dac37bdce21f90d4b5b55c780b3845bcbd946ff7af6ab,1c60bcf9f0fa2050
train/PICADURA/704F3E54-260519-163858-6.RGB.tiff,train,PICADURA,.tiff,2508722,True,,4590a5f2c31e629bf62033677a2f06832a6d1bd1e8a6e3ebece916c88b81cb86,2239,843,3,RGB,TIFF,1,1887477,2.6559905100830368,35.24433410314404,34.490382134457796,28.913617490438295,32.882777909346714,34.08006260367676,112b9b7560bed54b4ca42123a263c1dfd76d12687373a72584923d4904fcebd9,f03e3c3c38781c3a
train/PICADURA/704F3E54-260519-163900-7.RGB.tiff,train,PICADURA,.tiff,2285744,True,,7d90f68a139d9b04cc1ff14f69d6aacaf935cdd2adb7932c7be2b2595521f06d,2143,836,3,RGB,TIFF,1,1791548,2.563397129186603,34.244249665652276,33.267347567578426,29.173372971307494,32.22832340151273,33.092728190927616,ab98d0cfe95d66785697781701e01f104fa065bbd5ef245f3bad7db7baee023b,703c3cb078583828
train/PICADURA/704F3E54-260519-163909-5.RGB.tiff,train,PICADURA,.tiff,1915318,True,,729a04b93764ad63be5cd02028bf6c5de5afb2d88efbf4129af73fdb5d1a9a6c,1977,800,3,RGB,TIFF,1,1581600,2.47125,32.552388720283254,31.34722875569044,28.115561456752655,30.671726310908785,31.339161513024784,82a16a6d79c6432c4834f07655fedf22d88f964bfb8a695242370b1412dfa5ff,b9f0996f6466504c
train/PICADURA/704F3E54-260519-163911-7.RGB.tiff,train,PICADURA,.tiff,1627736,True,,fa8226c354e6b99f223df0611805087d171cdec08aa81ab5c72679959a343fb7,1834,715,3,RGB,TIFF,1,1311310,2.565034965034965,30.131959643410024,28.66725793290679,24.524605928422723,27.77460783491318,28.632941415836072,81003a966cf2c032647faf26fd80cf8898342a755a798ac4afb95ec04282264b,c814b87834761830
train/PICADURA/704F3E54-260519-163913-5.RGB.tiff,train,PICADURA,.tiff,2357802,True,,71916b88d00537b5e3f18d664379c5cb7caa195384587e13afab1a5b4d5b7a04,2236,800,3,RGB,TIFF,1,1788800,2.795,34.39578544275492,33.12745974955277,28.764205612701254,32.09581693500298,33.00927816021914,18984211d3e68a3a862033f448cd4eb46ece9630f1343f73cc6699c4b806e8fc,98c0d47360705060
train/PICADURA/704F3E54-260519-163920-8.RGB.tiff,train,PICADURA,.tiff,1892112,True,,6409b20440821d8d018912523177ca87b12d07fb3c850b2045fe7908e291e3ab,1925,791,3,RGB,TIFF,1,1522675,2.433628318584071,35.07038402810843,34.445412185791454,28.666384487825702,32.727393567241855,33.97346960907613,0139983b6a17cfbc84bbff4c6e44b0b7a1003a8da8e9ce2340d21f2c8a5945ab,68383cf0f0f03870
train/PICADURA/704F3E54-260519-163922-7.RGB.tiff,train,PICADURA,.tiff,1693966,True,,18192234e00f70025abdea2c7072b5a1b51770bab6097bb7a1521738ee6c305e,1877,729,3,RGB,TIFF,1,1368333,2.5747599451303156,32.897745651095164,32.07175811735886,27.49520621076887,30.821569993074295,31.797001472594754,40b7e1860ea7fbb9c215f4dd5c30ba235df830763c6c23451028d9362a8fa6d2,3030f27c6c007802
train/PICADURA/704F3E54-260519-163924-1.RGB.tiff,train,PICADURA,.tiff,1852108,True,,337249d55fff1e4c7ad0d35cc804bfa692ab92f45f1363f6549c1d2d26eca7a1,1983,764,3,RGB,TIFF,1,1515012,2.595549738219895,32.54573363115276,31.778791851153652,27.513624314526883,30.61271659894443,31.521878344197933,94c44a9cb65e6d59e1d5f6b9ebda852e5c2ba0e43f0f89a511abbe52c53d35cd,c0dc7c2138de28d2
train/PICADURA/704F3E54-260519-163926-8.RGB.tiff,train,PICADURA,.tiff,3274006,True,,de3f21b95068c67f0e40acadc50de597273a29bc9ba5851a3f77bfee228028d5,2245,1028,3,RGB,TIFF,1,2307860,2.183852140077821,47.58713916788713,45.66150329742705,41.533144991463956,44.92726248559271,45.766635575814824,4d0856f7496e199061f4968431dd3417b31b4f5baab639e0528f154d4680434e,f8027279f8f81a02
train/PICADURA/704F3E54-260519-163928-6.RGB.tiff,train,PICADURA,.tiff,1616930,True,,a0dd4178c7c5155f1067354f82f9473b0a2eaedfe272ba1fe9912b2fcbba0ffa,1771,737,3,RGB,TIFF,1,1305227,2.4029850746268657,32.32060323606545,31.613723130152838,26.905194268889627,30.279840211702638,31.288307991636703,dfae7e50e98afb6cc25a1a26171298e800619cb951c542fb7879ab23d103f721,8c04223c30003e08
train/PICADURA/704F3E54-260519-163959-3.RGB.tiff,train,PICADURA,.tiff,2329046,True,,a9b7461a95a99e2e1269e80eb8b4faf9c1167fe903dd49f053fc33000872aab2,2084,854,3,RGB,TIFF,1,1779736,2.440281030444965,35.83016188917907,34.788509644127,30.60054749693213,33.73973967674607,34.62253598061735,5734fb3ba55fb213617f479fd21bd59ae9b417a54c5bdec9e430cc92d80460e6,3800163666f60812
train/PICADURA/704F3E54-260519-164000-9.RGB.tiff,train,PICADURA,.tiff,2316660,True,,2bbffd9cc640b470c420b220f013a5b78eb6340c30b836922fb2beb3f6638438,2142,839,3,RGB,TIFF,1,1797138,2.5530393325387366,35.736761450706624,35.03902260149193,30.065741195166982,33.613841749121846,34.68069243708608,2db26c440042f88bce67aded82d74b53897c9375bae308d27f569e29028ceb46,1c301cfcf2723830
train/RUSSET/704F3E54-250627-174433-5.RGB.tiff,train,RUSSET,.tiff,1538240,True,,e04d6ddb52feddde2a928043feab59c40a509dc8c44c1481db2288b8ced4d942,1739,747,3,RGB,TIFF,1,1299033,2.3279785809906293,31.076630847715187,29.598265786935357,26.17937727525013,28.951424636633558,29.65054364977641,f08b0c00dbcae4253632f7797c7443036fcf7118b0eb4a32efb2dc550d77dea9,c0f8f1a1609062c0
train/RUSSET/704F3E54-250627-174439-6.RGB.tiff,train,RUSSET,.tiff,1392432,True,,2be9e676309c2bdfda71a846dcc333ab2256997f125f557942c6221268af7bd2,1623,673,3,RGB,TIFF,1,1092279,2.411589895988113,32.51040073094878,30.43285918707583,25.905872034525977,29.61637731751686,30.537967573303163,b726aab4582f63320996f7dc578ee4b4f32a0d27de9390d69939f22d1511abbf,8670c6c360c262e2
train/RUSSET/704F3E54-250701-095455-7.RGB.tiff,train,RUSSET,.tiff,1849654,True,,7658956b364998ea7a8ba90fc84c6e37e352e83afe3733558308abd985abb6db,1870,781,3,RGB,TIFF,1,1460470,2.3943661971830985,33.41691921093894,32.41555389703315,26.422707758461318,30.751726955477803,32.03177766609379,493731b8a6fed190be19ffbfdacaf4157b87796b2af88a84e9e0128efec4e1ea,4860e01810603818
train/RUSSET/704F3E54-250701-095459-2.RGB.tiff,train,RUSSET,.tiff,1385090,True,,796e2163fc95234d4ad352bbdaacdadd268e1f1ad882aa810cca1688d08140a0,1779,628,3,RGB,TIFF,1,1117212,2.832802547770701,30.08558178752108,28.374832171512658,22.622075308893926,27.027496422642553,28.230532024360638,dd5b9a351c7cadbb685939c97de8f776db35dc7f695859d2a210dc5c69c10b90,611ca40c18301c1c
train/RUSSET/704F3E54-250701-095505-1.RGB.tiff,train,RUSSET,.tiff,2891942,True,,04d02ec72d0c69f52583285f9d54c02a11972669d4c826c8837e6c63a75a734b,2405,911,3,RGB,TIFF,1,2190955,2.6399560922063667,32.93544367638769,31.339465210376297,26.511144683482772,30.262017856748923,31.266234231647843,1caefa9eedb565b3718cf28466a0cf7ec82d5578124498d32860a2d4295ebb4d,64f9fbf860e97078
train/RUSSET/704F3E54-250701-095510-5.RGB.tiff,train,RUSSET,.tiff,1856168,True,,cf4eb33175f64b3a26c7a1ec9ca63efc0e5847565273b1592e1f23e43a415897,1852,790,3,RGB,TIFF,1,1463080,2.3443037974683545,34.503174809306394,33.45418295650272,28.762988353336798,32.24011537304864,33.2330353357301,67dacc633b8cbd93a13e7ef6c05ff6a1c6fee7b410dbee2d29c2f0517ba1b8c8,b0f050f070b070f0
train/RUSSET/704F3E54-250701-095551-0.RGB.tiff,train,RUSSET,.tiff,1624900,True,,5467a2d74841edba4c2a3b88616381f4447be831ea6a010060a959b583a7fb61,1738,743,3,RGB,TIFF,1,1291334,2.339165545087483,30.705263704045585,29.17488504136033,24.01066339150057,27.963604045635496,29.04374699341921,f95286ac8a19a96f411be391a9d43171b54d2ebc002c5e757c8a2b7dbe8616ce,71f1f0c060b04090
train/RUSSET/704F3E54-250701-095601-4.RGB.tiff,train,RUSSET,.tiff,1802476,True,,2e9a1546cdac06e54ed2cf2a9149121639c8fd5569e4fe3403b12d6ed457ab72,1983,741,3,RGB,TIFF,1,1469403,2.6761133603238867,32.15392645856855,30.48920275785472,25.848829762835656,29.497319659752975,30.457952622935977,8ea30adfd7042c5768d857d836002ddf4be087d7a0a8ae7c971d430efcce0585,a43cea7078783838
train/RUSSET/704F3E54-250701-095604-9.RGB.tiff,train,RUSSET,.tiff,1539296,True,,848bad3b1d2d98b46102abfb7444e61ca037534518417f89bc776b5e086e4925,1817,658,3,RGB,TIFF,1,1195586,2.7613981762917934,31.363379965974843,29.282740848420776,24.023663709678768,28.223261508024795,29.305317150752852,08bb23aeef9382ca3a749d4b2649d7bdc737f5829db10c5b68e88f729a790aac,70b8e57c81203818
train/RUSSET/704F3E54-250701-095607-9.RGB.tiff,train,RUSSET,.tiff,1541032,True,,26366fef6c9852cb45b48e18d5132abd04ada8b12787b58229ceaa6a8277b70a,1818,671,3,RGB,TIFF,1,1219878,2.709388971684054,29.40744976136958,27.413790559383806,23.59099024656564,26.80407685577301,27.57409542511628,083fae8a7c8eed9904432191a5484dc9a8441be9a16304c9df2f40c97de17727,98fc9ce3709c6060
train/RUSSET/704F3E54-250701-095613-7.RGB.tiff,train,RUSSET,.tiff,1753954,True,,a4f6916d4efc32362ddec4763c595b19b96d78e390d841f82c1e14d03b6f08c1,1931,783,3,RGB,TIFF,1,1511973,2.466155810983397,28.547573270157603,27.139333175923117,23.856951810647413,26.514619418909376,27.186205488457794,e5b613b11851d54b977ca6f38796d278fe3d65128ef8dc962da2a651654216ef,20f0474048606030
train/RUSSET/704F3E54-250701-095617-6.RGB.tiff,train,RUSSET,.tiff,1937072,True,,d513bb2e1f8bf57abb3cd60f42c444f02bbe67ad699c6f34a9f509738c63b772,1980,796,3,RGB,TIFF,1,1576080,2.487437185929648,31.013873026749913,28.871479874118066,25.800339449774125,28.561897450214033,29.16194541837978,ef416ded037dce832773d23f946d5573b7915ded2341f09cf7f8fc0f398f4222,109ced256016069a
train/RUSSET/704F3E54-250701-095626-3.RGB.tiff,train,RUSSET,.tiff,1307458,True,,f09f4af6336c577a1ba3e0d7ee91e5609bfec7bb544d1c8909055e4441316db9,1717,629,3,RGB,TIFF,1,1079993,2.72972972972973,26.61724196360532,25.672769175355768,21.339693868386185,24.54323500244909,25.461195954047852,8f357cc4569b9d50e0d1478f54d9884f16188cf01a91c34038a4fb4bbc5b1784,30f0e2702060d868
train/RUSSET/704F3E54-250701-095629-9.RGB.tiff,train,RUSSET,.tiff,1693132,True,,0dbb7d87fc0c0642727977bae93b4ab1b7ec1cd915e16451d3eebe533a97fdbf,1935,749,3,RGB,TIFF,1,1449315,2.583444592790387,30.272557725546207,26.789062419142837,24.944809789452258,27.335476644713765,27.620382715972713,5375490096e59e9246da7dbdcadd17dc3f36822ddf1258711d2286ceac48720f,acbcdee031803830
train/RUSSET/704F3E54-250701-095635-5.RGB.tiff,train,RUSSET,.tiff,2406676,True,,fcc6512044e1fe2c4487ec336c2b6bf580ced05e62e787ee8668dec5372a8b37,2035,925,3,RGB,TIFF,1,1882375,2.2,35.53611049870509,34.65337034331629,31.116807224915334,33.7687626889789,34.51414145427983,764f10c690601acb10c9dd2d5ce8a1f9f282b8595d0d7e8961be29fab9bc9441,300e6ef011c0208c
train/RUSSET/704F3E54-250701-095638-3.RGB.tiff,train,RUSSET,.tiff,2119934,True,,af0dcc89f7168a294d6cb5a78e845613fbfcc44c77c7c02388412103a7f4b633,2050,827,3,RGB,TIFF,1,1695350,2.4788391777509067,35.38487391983956,34.48496534638865,29.54129235851004,33.137043874912756,34.19045928923231,f2fb78544ae591bffcee188639963bc61ba3a1e2eb9d029dd49e455cb8844932,2020c07fc00048a0
train/RUSSET/704F3E54-250701-095642-1.RGB.tiff,train,RUSSET,.tiff,1813192,True,,1d2c1f03e6762d6ef8230de359b0b4f8cf8ed067dc3134ef92f3f31e3312fce3,1969,775,3,RGB,TIFF,1,1525975,2.5406451612903225,32.723386031881255,31.25864774979931,27.678071396975703,30.55336839288542,31.28841879191992,79902cf304e087632021fc4eb01158b48359c0f3cc4b2221fb9096a06bcc4e02,084a86349110b002
train/RUSSET/704F3E54-250701-095645-8.RGB.tiff,train,RUSSET,.tiff,1898420,True,,fe72853e68e12f932741d2880f219e4b2ed42bdf5f364642853964ac25968c57,2055,751,3,RGB,TIFF,1,1543305,2.736351531291611,31.388069111419973,30.77533799216616,26.319117089622594,29.494174731069577,30.450535413933082,c296032ca17832d3d3d33ca5fcf9089aa33f1f6882d9b39825baec9794809f91,7078648260706040
train/RUSSET/704F3E54-250701-095647-7.RGB.tiff,train,RUSSET,.tiff,1501892,True,,74272599180a97833ad015417b887235becf3413d1ee91195ae92b34fa8fe8fd,1789,716,3,RGB,TIFF,1,1280924,2.4986033519553073,27.643848503111816,25.17494324409567,22.503388959844614,25.107393569017365,25.608588728136876,6ea740bbf62beb41dc82615642a4b79802e21c4d5d1ae5ad8e34df6b87feac09,30f01a58c0c27048
train/RUSSET/704F3E54-250701-095649-3.RGB.tiff,train,RUSSET,.tiff,2347894,True,,c3f939a39d315201161391475543e55fa9285c617e167790735420282b05df4d,2167,870,3,RGB,TIFF,1,1885290,2.4908045977011493,35.618122941298154,34.131628555819,31.0166207851312,33.588790760749454,34.220979491218856,5bec55272aeac8d02c0761ed82efc56bf60e7b962a308b1e743a8d5851d463b1,71e1d81e881ee08c
train/RUSSET/704F3E54-250701-095655-7.RGB.tiff,train,RUSSET,.tiff,1786016,True,,f5eebc52b08289e2ade647c63f917449342c4279df7bed0758180e56f1731423,2010,749,3,RGB,TIFF,1,1505490,2.683578104138852,30.53649708732705,29.888444958119948,25.961242519046955,28.79539485483132,29.634511466698548,a01f2e0e39253d9a76471c30a9e4141d0e24550474ed7bdeb466f81463e83c71,3038f0f460e43870
train/RUSSET/704F3E54-250701-095657-1.RGB.tiff,train,RUSSET,.tiff,1114744,True,,1dbf398bdccdfae1059eab419423840b5a732f37038e9313308f1de4e9757f98,1434,666,3,RGB,TIFF,1,955044,2.1531531531531534,26.863527753695116,25.1674362647166,22.578879088293313,24.86994770223501,25.37947210180892,cc5b27c5172e74cdb26276ff51ec40c901794b3a18409c2a7b78601bb3a15b34,7070aae160b26060
train/RUSSET/704F3E54-250701-133739-9.RGB.tiff,train,RUSSET,.tiff,2076888,True,,6755977de65c4bb696d6aa81881b1018a34f0480f3cc0e3c8e87256502f42992,2064,777,3,RGB,TIFF,1,1603728,2.6563706563706564,34.478118483932434,34.105825302046235,26.64538313230174,31.743108972760137,33.366650556079335,b2df8e66cdccd6dd0557111544ec39016cb1122ce927786e1f57060981f2358d,6636b61c98261c20
train/RUSSET/704F3E54-250701-133741-3.RGB.tiff,train,RUSSET,.tiff,2563922,True,,1c62d116ccec7ee0bf54635f2c56f2acd4b6bca6216ee0cd0b5c58f691f0392c,2266,846,3,RGB,TIFF,1,1917036,2.678486997635934,36.309244062187666,34.83581789804678,28.921394799054372,33.3554855864296,34.60212808783977,0e274d690bd027485d78fe524c4bc26aa21c89da7fb7138d21c75ec0896a303c,42202a7f0c38783c
train/RUSSET/704F3E54-250701-133754-2.RGB.tiff,train,RUSSET,.tiff,2014680,True,,1f125913dc7cce1a5b61df111f36427eb018955a80693f846cfeb5c285e2cdfb,1870,854,3,RGB,TIFF,1,1596980,2.189695550351288,34.399025034753095,33.274069180578344,28.581792508359527,32.08496224123032,33.07551144034365,3209eef710263d7b8952dbed5a736f1237104395bc81657f34676579a02f3c8e,701c2060e0283870
train/RUSSET/704F3E54-250711-175632-1.RGB.tiff,train,RUSSET,.tiff,1974938,True,,f6eb44750a25dfbd39980f0468b68c351dfeabdcf717eab7700ba6e2d50bce7a,2098,759,3,RGB,TIFF,1,1592382,2.764163372859025,29.45848232396498,28.42947986098813,24.285845356202216,27.39126918038511,28.264777263872613,49c7406ae073b252159f64d0c7a1244f646638aa79ca459cdddeb05d7d8bdd7d,00c0e47c69606868
train/RUSSET/704F3E54-250711-175853-5.RGB.tiff,train,RUSSET,.tiff,2106898,True,,03b0db38f70db567fe4ac244f7e88268ee7c73e4dc7c6d8c2862aed11bec896f,2058,797,3,RGB,TIFF,1,1640226,2.5821831869510663,31.120266353539087,30.39994488564381,24.38369712466453,28.634636121282472,29.929468759792858,6e9f3bba8977564cf107169b7bbeb44c37311f2c7e3cc2275b1769f855ba5bf4,3834064047100818
train/RUSSET/704F3E54-250711-175929-4.RGB.tiff,train,RUSSET,.tiff,1688040,True,,10724efc26f6cdedd95ac3c560c50befa1cc691688e7afb1bf8eeb66df63618e,1826,750,3,RGB,TIFF,1,1369500,2.4346666666666668,31.019922599488865,29.999523913837166,25.63961737860533,28.88635463064379,29.807593775830597,2b18fe345bbd645a887683100bb415c2b59b4462be538c3d5dab5e8dc0a9e1df,4c70ced698b26090
train/RUSSET/704F3E54-260228-214845-3.RGB.tiff,train,RUSSET,.tiff,1875344,True,,c54250fb8b6176dbffbb3de49819917254177a75f4d3ee8a16fa72bf1e0e3a66,1804,810,3,RGB,TIFF,1,1461240,2.2271604938271605,36.80994155648627,37.93826065533383,30.726669814677944,35.15829067549935,36.77877188894364,7ad39ec9ee5768baf0cbcec3ad3bc580baaa449f47d5a23799e19092ddf26a64,c1e042c668c24262
train/RUSSET/704F3E54-260228-214945-4.RGB.tiff,train,RUSSET,.tiff,1780896,True,,59a1f083be181700fe7480dc284a50d38b4fe791788b40b760efe3a5c80339ce,1829,771,3,RGB,TIFF,1,1410159,2.372243839169909,33.146769974166034,33.368564112273866,28.050502815639938,31.52194563402661,32.695988677163356,085bd855f27a9fa0092347ccdcaf25094846254d207f98dd0b9a71f54a51050e,a0c280e3e180c262
train/RUSSET/704F3E54-260228-215728-7.RGB.tiff,train,RUSSET,.tiff,2113220,True,,711af44f5c3e22defbeffd18ff0354278d03535fae57cb102677af5e6a0a85cd,1838,870,3,RGB,TIFF,1,1599060,2.1126436781609197,39.66742148512251,40.41759283579103,33.04454054256876,37.709851621160766,39.3527636405138,2cb9652d9a2ad16a5e9509bbe267e20c30fec5109ac8c5f00f5857ae1dba55b6,74f0da4060d040f8
train/RUSSET/704F3E54-260228-215730-8.RGB.tiff,train,RUSSET,.tiff,1786638,True,,0b53480c25de81320d824e232e8ba69cb0738a1b4e4e7d388e07b896e5f7412f,1806,814,3,RGB,TIFF,1,1470084,2.2186732186732185,32.82098914075658,32.28234304978491,29.34044857300671,31.48126025451607,32.10802226063272,0396ffb5619389f94ebc0b7a21f3fc87b2b8d5b2f4076b4b73b0e42eede93c0a,c0edcd8031d22264
train/RUSSET/704F3E54-260228-215733-8.RGB.tiff,train,RUSSET,.tiff,1940644,True,,280324fbef3e1b54a868b894e09e9b99d182890aa42b215e9c00efdc6e8c3657,1870,848,3,RGB,TIFF,1,1585760,2.205188679245283,34.45002396327313,34.31061383815962,29.947690066592674,32.902775956008476,33.85492415560993,c6a189b6ab176626046f4d5f390c7bb6ddd331ef3d0c7623595dbc4ae6e1cec9,703cb8f03010307a
train/RUSSET/704F3E54-260228-215735-8.RGB.tiff,train,RUSSET,.tiff,1799012,True,,761bfd57aafee77da474ce3541deb8822cc449abdf61864a587e41361527a1d3,1789,797,3,RGB,TIFF,1,1425833,2.2446675031367627,36.5250621917153,36.94311185110739,31.629578639293662,35.03258422737212,36.21237221680239,acab7a5cc4bdf0696b674f54deb96c9e8ea80dafbcb489a4714ca19693b0fdf7,e8ecc3c079e840c0
train/RUSSET/704F3E54-260228-215739-0.RGB.tiff,train,RUSSET,.tiff,1977096,True,,2f4b1ccbe8ca8c58666beb2415d83949944fb54a019fd593b7e67bf330b496bd,1796,869,3,RGB,TIFF,1,1560724,2.0667433831990794,36.78737944697461,36.783765098761855,32.647630202393245,35.40625824937657,36.31332641069145,e2f874749cb485a50ec1a9162d8948fb7e74d715181ad4f2785103f4e3be21e3,e0786402b86072f8
train/RUSSET/704F3E54-260228-215741-3.RGB.tiff,train,RUSSET,.tiff,2004206,True,,f1eb272aad5b89cce83a14c0f3db441e3303dc236bec978e4e6bc3a37e4fc164,1771,871,3,RGB,TIFF,1,1542541,2.0332950631458093,35.67291436661975,35.966085828512824,31.08928968500675,34.242763293379774,35.3224728010471,b9ddf68dbea07cd16a97594cbc0a2abce164c49d4833e9e02481ee61477503de,c16064c6a082a260
train/RUSSET/704F3E54-260228-215744-6.RGB.tiff,train,RUSSET,.tiff,1879168,True,,6dc5b537e405455c6be80e246e28bd344f94c1e6623854d1ed88854267145bc6,1861,817,3,RGB,TIFF,1,1520437,2.2778457772337823,34.072166094353136,34.47717399668648,29.69203985433135,32.74712664845699,33.81057134166033,731d028038244acfafc553bf3df32af1c2fcef5e0a158ef879c11d19cdf91a4f,706032f011207066
train/RUSSET/704F3E54-260228-215905-9.RGB.tiff,train,RUSSET,.tiff,2568964,True,,92d2abea0393eaf3841fdeb4b9bb105899a4f7bf4791c196d4f05c2be61710a8,2250,919,3,RGB,TIFF,1,2067750,2.4483133841131663,36.59028605972676,36.259750937008825,32.311820577922866,35.05395252488615,35.908516877765685,c9af36ce74e1b58f3ba0c1e32d5510f22eef5ce497c943f6b5672ef3a5e18f06,e0fefae060d060fe
train/RUSSET/704F3E54-260228-215908-0.RGB.tiff,train,RUSSET,.tiff,2194594,True,,5e267d4551067f0b414bb32578cdfab2e92fd25145b7dc73f136911994844e68,1972,893,3,RGB,TIFF,1,1760996,2.2082866741321387,35.80482522390738,35.72879779397568,30.818709412173565,34.11744414335221,35.19177991999982,d67dca80cfd6c62e2a68999bb521ac196c30be28a17e9bc5e708bb47da6ac454,6c202e5c0c981010
train/RUSSET/704F3E54-260228-215912-2.RGB.tiff,train,RUSSET,.tiff,2070350,True,,a33111a9dd6705463b4c03a1b2f24fb350179f71f3b361d9b9448086f6ccd1b5,1891,880,3,RGB,TIFF,1,1664080,2.1488636363636364,38.739032378251046,39.15504843517139,33.640350223546946,37.17814367898979,38.401984038027024,93086285714fb7c8e3520616c36ad7c71aa41b00c2c7528bd6bf268d8ef71a3b,78c26279e83ad0e2
train/RUSSET/704F3E54-260301-005840-3.RGB.tiff,train,RUSSET,.tiff,1928072,True,,7ade28586e31a1f850bf80340a28d52cda86ae5c4f61ecb0b18235e0dada040b,1982,795,3,RGB,TIFF,1,1575690,2.493081761006289,35.395054230210256,35.33694571901834,29.600675259727485,33.44422506965203,34.700385331505565,13428357edf400f9b4b77165e8204f48b02dbe4b8635baa5a8bdc346771f57d5,a020c2c3ec6200c0
train/RUSSET/704F3E54-260310-151129-6.RGB.tiff,train,RUSSET,.tiff,2616556,True,,6fb7165cb3c3b8e724b8cac3f1a16171302d6c95fb8af03667f7e3ebe4345ab2,2031,982,3,RGB,TIFF,1,1994442,2.0682281059063135,42.785940127614644,42.84257451457601,37.10360792642754,40.910707522872734,42.17139864182563,ed4729fb3dc719c716d6cfc710263f3c2ce00b8534576d49600d034579142772,3c7a5ea0e03a70fa
train/RUSSET/704F3E54-260310-151132-0.RGB.tiff,train,RUSSET,.tiff,2266926,True,,fb3451d7ced50513d09baa5f4c85d6745ca8438846bd16a3fb33e8c2739b43d1,1979,907,3,RGB,TIFF,1,1794953,2.1819184123484012,41.60853125402169,41.867363657989934,35.426060180962956,39.63398503099153,41.05566417282235,739373d4155eb175ba0de53c2a6a4d78777caa45e19ad63f266c475a6db81672,f80078f8f0f870f0
train/RUSSET/704F3E54-260310-151134-1.RGB.tiff,train,RUSSET,.tiff,2084792,True,,6a5fca2c6b0c350376110ead7767e2c85a46d1c6d380993401027d20746687c3,1966,877,3,RGB,TIFF,1,1724182,2.241733181299886,36.60436775236025,37.04075323834723,30.75386357124712,34.79966152065153,36.19356855598771,e0acc7788ccb27a4a657671e49cafd8da12b51b79a8976dd623af65a0d49d774,10c18e280aee5010
train/RUSSET/704F3E54-260310-151135-5.RGB.tiff,train,RUSSET,.tiff,1794810,True,,198d64ce474f8699200e728f5571a19a1de11a20e6d61c219c40b752e0327d7b,1789,799,3,RGB,TIFF,1,1429411,2.239048811013767,35.19746874761702,35.344108167629884,28.9752422501296,33.1722730551255,34.574212266451006,ed063c6d5bb7ef5cd6329919b5dae241f1fe9d3e601a8a2739abc106dd2b36df,280ddd9f62da0a02
train/RUSSET/704F3E54-260310-155641-0.RGB.tiff,train,RUSSET,.tiff,2104354,True,,4fd542fee5179d5a362ae6cad44e49fd26ace5416da950f826263eaacbab2710,1938,861,3,RGB,TIFF,1,1668618,2.250871080139373,38.497616590495845,38.77263220221764,32.27639939159232,36.515549394768605,37.94983199390154,842895671a48a81844d8d9fc7bdb1c1e08a50afbc56de93b092de436bf40ecc4,c4e5c91468c006c0
train/RUSSET/704F3E54-260310-155643-0.RGB.tiff,train,RUSSET,.tiff,2556298,True,,2b34356faf4a5fa89128421f56419efa96a16d7bc2ab6b0da96f0b1d333de8a4,2031,969,3,RGB,TIFF,1,1968039,2.0959752321981426,40.95176619975519,41.36038869148427,35.69562391802195,39.335926269753806,40.592427382282565,daf7113821d94f4cc852eb439909598c3e4d42f3d034379669f21e319a72c8f2,74107af9f0fa70d0
train/RUSSET/704F3E54-260310-155645-2.RGB.tiff,train,RUSSET,.tiff,1780926,True,,27e51853b0cb4e64b78b5d4c66399d4c13fc883209db78215df76e5943394965,1796,807,3,RGB,TIFF,1,1449372,2.225526641883519,36.45438093187946,36.57106733123035,30.04218516709306,34.355877810067625,35.79188553111278,d5002541776b7c8d28140de7f4bd35b28dd49ab08fdd273f17964ba488e7a4de,580c3e1f769a0e56
train/RUSSET/704F3E54-260330-155600-5.RGB.tiff,train,RUSSET,.tiff,2266024,True,,111dd9216dc0e321cc64febb8c5a020d2f0ea5ef945c1afced6b0712a539f23b,2056,865,3,RGB,TIFF,1,1778440,2.376878612716763,34.33838363959425,33.24836991970491,29.952691122556846,32.513148227285335,33.19857663907694,bbbcd2102453bd31a6a76227fac950872f95fa06bfd2e80470aa63c6508b0dd7,31e5e1e0f0f030f0
train/RUSSET/704F3E54-260331-091400-7.RGB.tiff,train,RUSSET,.tiff,1936592,True,,d04195201d8b6dfc6ea51fe34ac8143bb0ff05a566a7a03212a83567c0f4adac,1985,812,3,RGB,TIFF,1,1611820,2.4445812807881775,30.626144978967876,29.357695648397463,26.769298060577484,28.91771289598094,29.44188467322654,b323541a25233d17e50f3fcd3847e475ee58d5b75db8aa546b2f0659f8fadc78,39f0e4e7606060d0
train/RUSSET/704F3E54-260414-211759-3.RGB.tiff,train,RUSSET,.tiff,2685850,True,,39cb4c5fc4ce884782171420e64bce98e37156d2fa746fc15aba30a9f8a83480,2167,923,3,RGB,TIFF,1,2000141,2.3477789815817984,36.78680852999864,36.82882406790321,30.463681310467614,34.69310463612316,36.09063514772208,14a43e795615c6824ce7fde68f9a84ed8bfc62bf2e753d016911101d6bf044fc,24fefe78503478a6
train/RUSSET/704F3E54-260414-211804-4.RGB.tiff,train,RUSSET,.tiff,2307958,True,,2502422547e80003faa6fdde02412fd55c31f1c16bf33b352ae4101502bb86f3,2184,818,3,RGB,TIFF,1,1786512,2.6699266503667483,31.922543481376,31.064598502556937,26.524892080209927,29.837344688047622,30.803597519076277,3b4f79f663e1edb4fec68c61c74533a255f8a85b2b6da7caffc59435d30d56bc,51f8fcbe24c03c78
train/RUSSET/704F3E54-260414-211807-2.RGB.tiff,train,RUSSET,.tiff,2575502,True,,23c909dc9efa116a37e3defca1806a760fc059320fd5fe61891d999b34c14d9f,2185,867,3,RGB,TIFF,1,1894395,2.5201845444059976,37.355573679195736,36.89180609112672,31.225389108396083,35.15758962623951,36.38450106392806,c2fe088e8a73a47d15f95b80fe7edd7ac638cb080422cc41c822962a1c16faf9,d4c0e22a607a0040
train/RUSSET/704F3E54-260414-211811-6.RGB.tiff,train,RUSSET,.tiff,2014372,True,,dbc63e1bc188ecebe88e99c2578dbf873d84dfc2083593fc14d19e4055edec50,2002,804,3,RGB,TIFF,1,1609608,2.490049751243781,32.39203209725598,31.38907982564699,27.414800995024876,30.398637639309282,31.235894768167157,8ec7d026546634954e0e0d1e4aa24eb00b6b46b93d266ca2fc7e528b7605f581,e4fca0e069f0f060
train/RUSSET/704F3E54-260414-211814-5.RGB.tiff,train,RUSSET,.tiff,2247290,True,,ed529413ab40ded138d4b08050709cb6116b9b1788576c55aad8a3e08d0b8b15,2004,904,3,RGB,TIFF,1,1811616,2.2168141592920354,39.65139577040609,38.765368599085015,34.987937841131895,37.801567403541,38.59966361690336,30d5845a01219769aa7bbb49d7065761fdf7adef2f9d74b8567d002d8b216b10,7c82f078f0fcd070
train/RUSSET/704F3E54-260423-155643-2.RGB.tiff,train,RUSSET,.tiff,1453308,True,,106a0b5b001821ed6afc66409e0910ff20b96989da5b0ec1b513e6142308f9f5,1753,687,3,RGB,TIFF,1,1204311,2.551673944687045,27.487879791847785,26.278356670328513,22.776960436299262,25.51439896615852,26.24084491298344,010188bc4858eb99eff3cc4b79185a43394efa218af417d91dfee343c4b31a60,44d0cec7f2f242b2
train/RUSSET/704F3E54-260423-155644-6.RGB.tiff,train,RUSSET,.tiff,2061280,True,,848177da19de6922ab504f2667679f64dc693715b61ccca7f4a8ebb9506e0505,1958,826,3,RGB,TIFF,1,1617308,2.37046004842615,32.212156249768135,30.56161102276128,26.923688623317265,29.899151965282226,30.640400892099713,dd28df78baf7e6a3d1fdfb46d750091b7f3ef3c80f922a41ee1a733c69ce778f,e0f8d06058f2a048
train/RUSSET/704F3E54-260423-155647-8.RGB.tiff,train,RUSSET,.tiff,1773976,True,,96cc45c6babb3d70a0b99bad89feafcdb276230f4127e5217dace9f96c20b302,1751,801,3,RGB,TIFF,1,1402551,2.1860174781523094,32.30295796730386,30.96131691467904,26.89989597526222,30.05472361908171,30.89946560232034,7d05afc41956a59023099b8e3f2fb41c1aa0efe29d4e39f98a2455d4a07b5083,c88ec120e0f20858
train/RUSSET/704F3E54-260423-155650-5.RGB.tiff,train,RUSSET,.tiff,1642014,True,,0ad28f8bd9930992281110a4a50e8fd8687f569d64bcb6ba0ab54225812a83d1,1769,745,3,RGB,TIFF,1,1317905,2.374496644295302,28.943047488248393,27.96169981903096,23.237642318680027,26.714129875319795,27.716580217086968,fe79c13caefc2b9c2b3142d9296719100291786344b9147b3fd8dbdcdd08c3eb,1c749a8820227830
train/RUSSET/704F3E54-260423-155652-4.RGB.tiff,train,RUSSET,.tiff,1562312,True,,bba0168700cbf524156f536526840738cb25c09d64dc257b163d29b6e138eb8b,1867,704,3,RGB,TIFF,1,1314368,2.6519886363636362,26.012414331450554,24.442734454886303,21.487175585528558,23.980774790621805,24.575135026872232,2c74ebaaed2e2d14eda2893e1636757aba9889352783974331743d3fdf71ff17,e870c2c1b0b260e0
train/RUSSET/704F3E54-260423-155658-6.RGB.tiff,train,RUSSET,.tiff,1786046,True,,981cc7f9a32a24cb320e65b04b2398b8a33399f5fffefd2a35f2a1b0fa925c8a,1833,784,3,RGB,TIFF,1,1437072,2.3380102040816326,29.27425765723638,27.740440979992652,24.272401800327334,27.09570014585212,27.803695700006678,232ba920323e123f7646eef33f703b02d7c2a7d2f8adf317487d2cd3520e1fa3,c0c0c8a068c26000
train/RUSSET/704F3E54-260423-155701-6.RGB.tiff,train,RUSSET,.tiff,2954466,True,,c517b9091d0c9c505090bbd6dc5739e6d71ca914dc1459f1ad99d6bc0168994f,2081,1006,3,RGB,TIFF,1,2093486,2.0685884691848906,42.16977424257912,40.16905200225843,36.6515945174699,39.66347358743582,40.36627779884842,cd239b58217cd6b333864fd10fd6b0fe0d21a24811f04d4304b656c75094b326,6400c0fff8f2a000
train/RUSSET/704F3E54-260423-155708-3.RGB.tiff,train,RUSSET,.tiff,2035670,True,,fc865a1cc9b3f19980d303646cb15b0035a7dfeb368818a5d0081fb0173213ae,1969,822,3,RGB,TIFF,1,1618518,2.395377128953771,30.15419476335759,28.59966648501901,25.079774831049146,27.944545359808583,28.663202791689677,02db747a4fd8ae457b986c6656babc74c2fbc52e660d2ce184a4b3c4fe75db1d,703c7c7860623850
train/RUSSET/704F3E54-260423-155712-4.RGB.tiff,train,RUSSET,.tiff,1770698,True,,0643954055d2fbe822b602f2154a4832b68ddda0420bc07de79a7b945722b13e,1910,722,3,RGB,TIFF,1,1379020,2.6454293628808863,29.94481153282766,28.35531681919044,23.19711316732172,27.165747173113274,28.242540522254934,c9ef49d3a01ff49401b8776eeda725287d373388241ea5a3552e69f6f0f61e86,c0e0c34061f0c060
train/RUSSET/704F3E54-260423-155718-2.RGB.tiff,train,RUSSET,.tiff,2223896,True,,836477ef7344103c01f95f4ed157b693c0c42925a78a5e2f5d4078e11a2ac54f,2004,855,3,RGB,TIFF,1,1713420,2.343859649122807,31.271833525930596,29.911867493084006,25.470604988852703,28.8847686692891,29.812193411422765,27ec9524524b20870871006ac71093e10fcc2e6eb481cafba9de73d0d8fcf4b4,6470246128aa7048
train/RUSSET/704F3E54-260423-155722-8.RGB.tiff,train,RUSSET,.tiff,1990412,True,,1729a7795626a71cd784db0ecb441221479a89bb63a0405d0ef4bced6b566542,1922,761,3,RGB,TIFF,1,1462642,2.5256241787122207,32.427878455561924,29.790295232873117,25.975264623879255,29.397812770771434,30.14401912703177,caed6f7d99fdaa48023eaa88b2514edeadd311708e9bd9c7fb14172d3ea069cc,8989a207ecde0a76
train/RUSSET/704F3E54-260423-155728-0.RGB.tiff,train,RUSSET,.tiff,2366052,True,,66f83672471c01ec9be8347069c9e34f9251f10812ddf3472e8230984bf78fa4,2110,843,3,RGB,TIFF,1,1778730,2.5029655990510085,31.584063910767796,29.944569439993703,25.905490434186188,29.144707928315896,29.9743232800931,7ee2b3da5597f52e834a6f14b20c45609e1ae20dc30adf887cc952613c72e5a0,307a3a306058307a
train/RUSSET/704F3E54-260423-155730-7.RGB.tiff,train,RUSSET,.tiff,2092022,True,,67db6879a03cffd082580df2a76bf93218da7e42e7ce38ff768dcacd856f0617,1956,845,3,RGB,TIFF,1,1652820,2.314792899408284,30.76259967812587,29.050246850836754,24.979962730363862,28.26426975310883,29.09822795646229,c2e6e59ce29f5be6f8633b8678591cda192fab3f6ea4891277c626f20b71f1da,b03858f06030f07a
train/RUSSET/704F3E54-260423-155732-3.RGB.tiff,train,RUSSET,.tiff,1607894,True,,cabdf5eb590e07b10c848d3702df5f4261e4184880509d66c8669ebcbe98df9d,1794,748,3,RGB,TIFF,1,1341912,2.3983957219251337,27.050268572007703,25.511499263737115,21.66581191613161,24.742526583958806,25.533182929282994,d7d85d36ca79596d2f97ba9744a9ec98995fc21394a010d121706d597217e269,20e0d270c4f07060
train/RUSSET/704F3E54-260423-155733-5.RGB.tiff,train,RUSSET,.tiff,2437234,True,,27f56ed599f8e75c6c6f1ac1788cbc1983774b195fca25d86cec3aa9ceffded4,2195,838,3,RGB,TIFF,1,1839410,2.619331742243437,33.22172435726673,31.516208458146906,27.091656563789478,30.60986312640104,31.521758796026987,ce5d860fa66a90652fc1e6b65ebbf213f4ea44f43335f09b6d5d784d354c8d99,70f8fe7c60506898
train/RUSSET/704F3E54-260423-155736-5.RGB.tiff,train,RUSSET,.tiff,1630366,True,,d61161c4dd7b161e01b582dfcd354ba97c1b0df172553495d1a3b18dd6028906,1819,727,3,RGB,TIFF,1,1322413,2.502063273727648,27.941692950689383,26.433963519717366,22.384438144513098,25.586698204973285,26.423128726804713,10c10c21a1e3922ad6fb247e0ec07aeb2aac7abc967f311891630a87d91f2345,7070c882c430b030
train/RUSSET/704F3E54-260423-155738-5.RGB.tiff,train,RUSSET,.tiff,1632954,True,,30e51589912e2916524d9569429950427926fb10f2a88c9b900afefe0e7881da,1788,744,3,RGB,TIFF,1,1330272,2.403225806451613,28.305279672127202,26.996995351326646,23.25093890572755,26.184404643060464,26.96112192844771,5b34c6c12108c0e7a7a032d1f8aa11acf16de50eaa26c6fd79f2a23ffc84aefd,1820187de2660872
train/RUSSET/704F3E54-260423-155740-8.RGB.tiff,train,RUSSET,.tiff,1840976,True,,bfe13c2161c2b34bcdacd1605eac23ac74d1973e65fca561f13072fde3f516d7,1851,770,3,RGB,TIFF,1,1425270,2.4038961038961038,31.612545693096745,29.683583461379246,25.619676973485724,28.97193537598724,29.797057829042913,97baf3b099e7479c4b74664d6c07bc38e902d6ef55c08b822ba4522350b6b83b,603ee6e02c9c483e
train/RUSSET/704F3E54-260423-155744-0.RGB.tiff,train,RUSSET,.tiff,2118382,True,,beb83d115c1386bed179f41317bfe67e6d5d9b86c7e3f55a2ed1fa97d7f5548f,1925,832,3,RGB,TIFF,1,1601600,2.313701923076923,33.5999000999001,31.723231143856143,27.57864135864136,30.967257534132532,31.8118719261988,0505fd6630369e4b5c6c535b15d662875e010fe4934e2c41e99e01c81d21ea71,f07066c1207060de
train/RUSSET/704F3E54-260423-155745-3.RGB.tiff,train,RUSSET,.tiff,2646484,True,,6c95bf7df805ae9b9bc563de77d7acda5cff43f836b826852ce55f5a1d5068a0,2050,965,3,RGB,TIFF,1,1978250,2.1243523316062176,38.85787539491975,37.02631265006951,32.122141791987865,36.00210994565904,37.01487443295842,016d92cddeb408cce6ecf0f44d1dbe2a780050aff3cd9d2308e107957e814696,c01ecac1e2e20682
train/RUSSET/704F3E54-260423-155746-6.RGB.tiff,train,RUSSET,.tiff,1976980,True,,94117000bdcc5f5b3ba89566c0286a64aa8bbd156fd990bacfab3cdd88f418a2,1945,785,3,RGB,TIFF,1,1526825,2.477707006369427,30.643167357097244,28.851203641543727,24.144689142501598,27.879686713714193,28.850458139603425,bdae90334e50d24b62eb9a4e26b7cc479b14ad21bd5709e2a576a4182a73d8cc,640c063c09241806
train/RUSSET/704F3E54-260423-155751-2.RGB.tiff,train,RUSSET,.tiff,2349426,True,,e8ed2eee116298d5518c2c4c50309c086768f3185d6fee33018dab54d569b548,2012,850,3,RGB,TIFF,1,1710200,2.367058823529412,33.480061981054845,31.29895275406385,27.231674073207813,30.670229602775503,31.48743464331657,96aa66aa6b30ceb3a9d7c4683ad8101d9b3d9c4b5c3b71c9635a0a285e5fa5a1,25e0eff9b0e0f030
validation/PICADURA/704F3E54-260520-113718-6.RGB.tiff,validation,PICADURA,.tiff,1187474,True,,fd5290f9e0dbd201807ca6d6484f9b5735e461115e2429d242bde03fe5e6eb1b,1496,625,3,RGB,TIFF,1,935000,2.3936,30.06192192513369,29.78475294117647,23.53986310160428,27.79551265597148,29.155709025668447,fe0c370890d946297266650aec6df4e677f061092b0ac9b4a0f9d8027f122564,6c38ec38707a3830
validation/PICADURA/704F3E54-260520-113721-1.RGB.tiff,validation,PICADURA,.tiff,1632630,True,,f2dfec1a910ac6ada79e12e43fba031aecc485f9f50f31f861dd20fa6262ae08,1755,733,3,RGB,TIFF,1,1286415,2.3942701227830834,31.134642397671048,30.14521052692949,25.85628432504285,29.04537908321446,29.952113069266137,7c175774c6db3f905340ba229c61ca7d62a4c96c08bf1830eaea5a93627670cf,60708ee31c926090
validation/PICADURA/704F3E54-260520-113722-4.RGB.tiff,validation,PICADURA,.tiff,1585224,True,,5bae6dcf9c2417b5848ae5b0ecd4692bc5f4d229533651af7e731b740cc270e6,1745,712,3,RGB,TIFF,1,1242440,2.4508426966292136,31.735951836708413,30.422071890795532,26.025193168281767,29.394405631928567,30.313677820256913,5835344a0a6224ba2378513f57d702583a6b30c533b6be52bebadf12ad523623,203eac80b0803850
validation/PICADURA/704F3E54-260520-113726-5.RGB.tiff,validation,PICADURA,.tiff,1643710,True,,2dfe9b06d95a22b8ef9d04650ed5cb3ea2ad1e74d3707312e8448f30dea9ca40,1826,729,3,RGB,TIFF,1,1331154,2.50480109739369,29.45184854644917,28.54904616595826,24.347163438640457,27.449352717015966,28.339969446810812,e57a99c5cec60cb838985204da7a2570bd4c6ef3cad2df63adcb26f8ed84419d,702a78f870205822
validation/PICADURA/704F3E54-260520-113728-6.RGB.tiff,validation,PICADURA,.tiff,1820792,True,,9e63b28e48227eccfff35adf24f99dcdfa1abcacf36bd58e35715dcd16375729,1923,739,3,RGB,TIFF,1,1421097,2.602165087956698,31.813020504582024,30.381271651407328,26.904523055076467,29.699605070355272,30.41301521852484,c6c987fb94ecbc2619f02d6ed76335abe8b408f8b58ddc3962132d4d9f0bed73,e0e0f8f038a07082
validation/PICADURA/704F3E54-260520-113732-3.RGB.tiff,validation,PICADURA,.tiff,1466410,True,,770f61abfe1a0776600e05e39ecfc20516d107c602aa2ea82af4cbf0991f5a67,1611,688,3,RGB,TIFF,1,1108368,2.3415697674418605,30.38805071961659,28.67602998282159,25.475237466256694,28.179772722898292,28.8230338362349,264cc0a735b2253a76ad0da0de2e1f52524c543f0223db1bfd554c35b0f39470,200cf83c78ea1c3a
validation/PICADURA/704F3E54-260520-113736-6.RGB.tiff,validation,PICADURA,.tiff,1841952,True,,9e4e521b2f91fd39ea5b73a438edcb9b79b798775595718b18c9dde97bdcac4f,1954,725,3,RGB,TIFF,1,1416650,2.6951724137931032,29.411838492217555,28.423053682984506,24.771505311827198,27.535465829009752,28.30242382663325,e2728c11908c29c61afdcf0a2c8814de5342086d7cc4349da8b91d21dc770cdf,20e0c2b818e04820
validation/PICADURA/704F3E54-260520-113738-9.RGB.tiff,validation,PICADURA,.tiff,1059784,True,,45ee025a5cf28fd2c105ae839d8019cb196d7135ff7c0bb5394318165c6cc3dd,1499,577,3,RGB,TIFF,1,864923,2.5979202772963603,27.707530034465496,27.22043580758056,21.49056274373557,25.47284286192721,26.712871452140824,f34c8028c8eb6e9073f847f4b7f527406f57dc0a9c2c2ae9ab1efa5588d52e9a,6070f06c655068ea
validation/PICADURA/704F3E54-260520-113743-9.RGB.tiff,validation,PICADURA,.tiff,2014900,True,,cd3ca2e832777daa959a7a37f968650a67aea79117b1859f2b424d2fd5dd1ff7,1961,796,3,RGB,TIFF,1,1560956,2.46356783919598,33.026028280105265,32.087304190508895,27.32135627141316,30.8115629140091,31.824664630521294,0280ed973237c3e9a6af4fbd94754bc310be8ef1b64ca151710125220f593200,3c0c3e78b2fe0e12
validation/PICADURA/704F3E54-260520-113746-2.RGB.tiff,validation,PICADURA,.tiff,1513106,True,,61e47fffe7c2afb133ad0380668a7e50d056304fd0ac60135ec2b3040af46986,1855,672,3,RGB,TIFF,1,1246560,2.7604166666666665,28.38130695674496,27.58830220767552,23.342041297651136,26.437216820690537,27.341336883904503,1b6b7bb0c7bddd6e35611b723d12496026d26ac40b1639bb88a6ffbd122bba99,28f0d8f074507070
validation/PICADURA/704F3E54-260520-113749-3.RGB.tiff,validation,PICADURA,.tiff,1554684,True,,ecb9199ccfb57231d0e0d72de71e910557fc43d5be67771b859ebec03116b0b4,1714,717,3,RGB,TIFF,1,1228938,2.390516039051604,31.078080423910727,29.796050736489555,25.90435481692323,28.92616199244117,29.73572427819792,a8baa065697fa929510ad3723671810d855f0882da066daefa6996bad799cc85,c086b8d074f28ae0
validation/PICADURA/704F3E54-260520-113751-0.RGB.tiff,validation,PICADURA,.tiff,1287942,True,,009a26f73ff7481fa11ca1b95fa8d5f7811f5fb44a4c9541472d13b441cc9ffe,1585,659,3,RGB,TIFF,1,1044515,2.4051593323216998,28.716923165296812,27.540224889063346,23.709985016969597,26.655711023776586,27.45541032823846,e804f0b7a029d3d5e5448628ec00b9266d8f44681d8f4b58bae8a021089c9c3c,f02e1e7058242030
validation/PICADURA/704F3E54-260520-113752-6.RGB.tiff,validation,PICADURA,.tiff,1578354,True,,85d228d315b885b3d63b2c9d0821a25a742aa817fe2c119bfce1cd81e3b5c946,1743,728,3,RGB,TIFF,1,1268904,2.394230769230769,29.37880407028428,27.639756829515864,24.956649202776568,27.325070034192237,27.853857685057335,46c05abcee7237ad9808425db98cecd7da08daca9d0f5a645436f7d2c52a696b,34e03c3c985c6018
validation/PICADURA/704F3E54-260520-113755-2.RGB.tiff,validation,PICADURA,.tiff,1494242,True,,0444190ef56131d77373becb7dd6e4a9cd41ed93416b9bb5fa151625c7e6804d,1719,700,3,RGB,TIFF,1,1203300,2.4557142857142855,28.13041884816754,26.91128563118092,23.130930773705643,26.057545084351364,26.844846009307737,42553ba996c07930b7ed3f82a5024206bfafc7d215e37bb8c06017c7a1712e71,88585c7072d87870
validation/PICADURA/704F3E54-260520-113757-2.RGB.tiff,validation,PICADURA,.tiff,1591912,True,,64fc1dc560eda9ea6315dd4752d7c947f2cdc1851c10821a3e1edc90df9c9085,1744,735,3,RGB,TIFF,1,1281840,2.3727891156462584,29.70079963177932,28.569451725644385,25.65920785745491,27.97648640495954,28.57595694860513,00638fed6aea1b0dcb419ca9846b713a559536adcdce9b91d6bcf69889636f82,4cf0f21ca04438c4
validation/PICADURA/704F3E54-260520-113800-2.RGB.tiff,validation,PICADURA,.tiff,1582650,True,,5b7f96be00de927e43657c969a65c1db1708424e5aba24445fe8959ad1f39b2f,1789,695,3,RGB,TIFF,1,1243355,2.5741007194244605,28.975090782600304,28.165377547040066,23.82870700644627,26.98972511202888,27.913101362844884,ab452c7de6d7af5ed7d829f1b72b12a1760355a9fe946cad133edcc3761bfc62,3112b22ccc4e124c
validation/PICADURA/704F3E54-260520-113806-7.RGB.tiff,validation,PICADURA,.tiff,2131148,True,,4b8984bcaabef1d8f7af1837612595be07f46ffcedcfaf23c0ef4d22d118e316,2030,787,3,RGB,TIFF,1,1597610,2.579415501905972,34.635430424196144,33.04699394720864,29.28363117406626,32.32201851515701,33.09291309768967,cf62869884aca254b35adcf9fa6cbe9591ee6bfb209fb0b28cfd5ec459e5a553,9c888af0705ce0e0
validation/PICADURA/704F3E54-260520-113808-3.RGB.tiff,validation,PICADURA,.tiff,1529186,True,,798704b6b4de730117cde529caf4762588a0ef18311a9ec79888f803aa5d72f7,1751,710,3,RGB,TIFF,1,1243210,2.4661971830985916,30.065613210961946,28.784861769129915,24.631265836021267,27.827246938704377,28.694296513863303,1cded65ceb0542bec5b1457c84f04f130766c2edbc1fd6f32db9e420a1ad309e,08e08c26a05ee250
validation/PICADURA/704F3E54-260520-113810-0.RGB.tiff,validation,PICADURA,.tiff,1485908,True,,e2b23d7d8388a655327ae1db1665e2bb145607e2dc9f0f592a45f994840e349d,1715,692,3,RGB,TIFF,1,1186780,2.4783236994219653,29.558600583090378,28.058561822747265,24.60896375065303,27.408708718830226,28.113819231871112,4904c86e79c7487f29ed392305f683cb629eaf59811798ca3c1623855c4527d9,202ef6a421200a48
validation/PICADURA/704F3E54-260520-113812-6.RGB.tiff,validation,PICADURA,.tiff,2258444,True,,95733f29d0dbc2f4b85277ac3e977ad8e71c5d1d6d6bb66ccd26b38591ff98cd,2061,809,3,RGB,TIFF,1,1667349,2.547589616810878,35.51016553822865,34.4586778173016,29.738506455457134,33.23578327032913,34.234973110608514,ccab9f7199e96751c6b7679df97f73c5d30b23741e8daaa5568a4a8cc842b7e5,d8c0c0e870c0e080
validation/PICADURA/704F3E54-260520-113817-3.RGB.tiff,validation,PICADURA,.tiff,1702176,True,,989c6116844387c370cbb473ebe2c4e797949b33032afedb6953f3a48e3467f6,1846,720,3,RGB,TIFF,1,1329120,2.563888888888889,33.887721951366316,32.22829842301673,27.41681864692428,31.177613007102448,32.17595736351872,231bdbfad80bf5638291c6bb26861c4671141326d27c6491f4769c20698ae972,38f0b630c02e7060
validation/PICADURA/704F3E54-260520-113818-5.RGB.tiff,validation,PICADURA,.tiff,1356254,True,,831ab25f99218c9b484765baf3ab7da81f454a239238c5650734242940fb56c6,1629,670,3,RGB,TIFF,1,1091430,2.4313432835820894,28.90466910383625,27.095438094976316,23.826459782120704,26.608855660311093,27.263734638959896,c86701bb16a3f84cba65426e28ebca1baf015d044226cbe8164b9446c6e84e95,7086f0b070b21e38
validation/PICADURA/704F3E54-260520-113819-9.RGB.tiff,validation,PICADURA,.tiff,1738592,True,,d05e08efd0c7ade5dffee29e40213b1c76a79667d2b41763f5d38d716a5456ca,1845,742,3,RGB,TIFF,1,1368990,2.486522911051213,30.059826587484203,29.105794783015217,24.74212229453831,27.969247888345908,28.893591628865074,2d251986ea91bd319f2c858158569a21766c89c5f93e2f387b4f5ac3129b4493,704cc1e004725c44
validation/PICADURA/704F3E54-260520-113828-4.RGB.tiff,validation,PICADURA,.tiff,1640626,True,,0d33409e8313e94743d3e1fbfdf5237f7e0c036cde2b6625f699b24e31733875,1762,726,3,RGB,TIFF,1,1279212,2.4269972451790633,30.34999046287871,29.058122500414317,24.708244606836082,28.038785856709705,28.948504941323254,f03f45dd61bb152df6927843ef3f6506e339d27c1652d2d9b4aaf14e4cdb64c2,28e03c74509c4058
validation/PICADURA/704F3E54-260520-113829-6.RGB.tiff,validation,PICADURA,.tiff,1824466,True,,12a09118a1bddc0b310d7e2b8d3cac51ff71b9f52eee0deae7c1f8ed454714fc,1913,777,3,RGB,TIFF,1,1486401,2.462033462033462,31.42633111791502,30.217900822187282,27.081815741512553,29.575349227204953,30.221707781412952,41cb96aa78b2b391b2775a00e0fe4a4c1f5783ec55313418c920c3ea2f472d7f,30726c08ec7a3212
validation/PICADURA/704F3E54-260520-113832-6.RGB.tiff,validation,PICADURA,.tiff,1433166,True,,22c535aef4822fdd6ce37bea47f34fedefbbaa818c08a5f6f2303379e9a61083,1743,648,3,RGB,TIFF,1,1129464,2.689814814814815,30.040101322397174,28.931618006417203,24.69534487154969,27.889021400121354,28.78011938052032,69f8e99c37c4b6e74cd254e376a745a1ba5109b9b1ffefc21abf01b278691255,2074f2f8e8da70d0
validation/PICADURA/704F3E54-260520-113836-5.RGB.tiff,validation,PICADURA,.tiff,1676084,True,,c7504dad615dce28ac471cc8fa2bd0530e5023c66c3490fc98f12012a09d3423,1906,721,3,RGB,TIFF,1,1374226,2.6435506241331486,29.277235331015422,28.318345017486205,24.13128481050424,27.24228838633529,28.127728357635494,caa8961a9d2afc33e8c34b3b26865672c50dd54f966b21da90e889fb4a84ab9f,70f0685aecf07018
validation/PICADURA/704F3E54-260520-113838-4.RGB.tiff,validation,PICADURA,.tiff,1608372,True,,e0345f17bad502fe2067ecda0d1907dda0317bf46bef78302d8f8306d64d5dfe,1814,712,3,RGB,TIFF,1,1291568,2.547752808988764,31.22019204563755,30.594142933240835,25.771676752598392,29.19533724382559,30.231570473254212,7372f94412e1b5854463f6e24b1720fe48eb9bf57e6bc71cae8ba4459e4fcd70,3cbae6f86010f81a
validation/PICADURA/704F3E54-260520-113840-0.RGB.tiff,validation,PICADURA,.tiff,1482024,True,,edb6a25f8d83a6ec22e3acda924aa6bf4b1fd9ae7d72a59a1bf91095f3d309c4,1652,676,3,RGB,TIFF,1,1116752,2.4437869822485205,31.995143953178502,30.17473530380962,24.39422002378326,28.85469976025713,30.06005874804791,a50fdac5bde8eaff507aaaf7c606cf4e8c3a80cee22ef1aaae2918a1707b7856,580ec61c16081818
validation/PICADURA/704F3E54-260520-113841-7.RGB.tiff,validation,PICADURA,.tiff,1674494,True,,e9e99c5b2fbf6ca73965839e60ed1f0d61655cfef1175c0d1f27d349d362289e,1817,738,3,RGB,TIFF,1,1340946,2.462059620596206,29.30100839258255,27.875267162137774,24.39347594906879,27.189917167929703,27.9046395917509,87be4cbcfc40bb5f1603a42e7c9a53caf80af9f2623ea968573688b255a58acd,b1b0e260444e3260
validation/PICADURA/704F3E54-260520-113844-6.RGB.tiff,validation,PICADURA,.tiff,1743552,True,,a8eed19f0e62e76532be7276bf9f66ac4d8bcaa04a210f7535a85c323a6ba573,1883,715,3,RGB,TIFF,1,1346345,2.6335664335664335,32.04516450092658,30.726004107416745,26.62715203012601,29.799440212823114,30.65316392826504,d4b5f7f8ca34559ebce5792f5341da7bfb6285fe72e608493206f5fed23069d6,14706460301c6070
validation/PICADURA/704F3E54-260520-113850-6.RGB.tiff,validation,PICADURA,.tiff,1562792,True,,bec51992e5281079cb9a1c82d511beff819ab42ad96ae715e82ef9170b13577e,1865,683,3,RGB,TIFF,1,1273795,2.730600292825769,30.46175483496167,29.407923566978987,24.985412880408543,28.285030427449737,29.21885289783678,eaf41522ff97e9de44e471e69bff69d0e4bba6fbf462e2fa98c50e641e8061ef,e02e9ef030329012
validation/PICADURA/704F3E54-260520-113852-6.RGB.tiff,validation,PICADURA,.tiff,1418808,True,,2d8f070027322c6954664c4bb4befe8a828c8697fa752d60e98e24e9ebc9adee,1638,659,3,RGB,TIFF,1,1079442,2.4855842185128982,31.2302004183643,29.97521034015723,24.447103225555427,28.55083799469232,29.720248162476537,97504b79ff9fa8dbdf05c476d1fa3f70063567ebfe0815519e17fee8e1d37173,120ef286cc160e8c
validation/PICADURA/704F3E54-260520-113854-4.RGB.tiff,validation,PICADURA,.tiff,1482682,True,,0cc790bdcd44901f915c890d68150d7815b08072e475fb3cfd43bab6746cb964,1706,711,3,RGB,TIFF,1,1212966,2.39943741209564,28.902050840666597,27.227574392027478,24.332001061859938,26.82054209818467,27.398147490531475,fc2a09f75dd8bb3fad92553eeffaacb308c1dd31e855b31b1002ee37f3a8a437,3c609c5c602e5028
validation/PICADURA/704F3E54-260520-113856-4.RGB.tiff,validation,PICADURA,.tiff,1782496,True,,e879c1d3df91022f3ea037b56d043e88acde4236450dcf474421e07bb563d6e1,1941,735,3,RGB,TIFF,1,1426635,2.6408163265306124,30.18031802107757,28.78522957869392,25.514623572252187,28.160057057341223,28.829511938232272,c1c66eb24d230fb4624ad3b967a17f8dc7affd70baf0109f477f72c8eb824634,6060ee7870707478
validation/PICADURA/704F3E54-260520-113859-1.RGB.tiff,validation,PICADURA,.tiff,1830666,True,,6824222e3d43531da44b565cc021b7a03a97a55e22e47b062a84748309b6b30f,2047,715,3,RGB,TIFF,1,1463605,2.8629370629370627,33.12205615586173,32.042467059076735,27.75125734060761,30.971926851848693,31.876066291109964,448113ce9dcf1982ac71fb80ca21701b60bf97974a935baa74b806c3c36cf4af,e4f0e89f3d70181d
validation/PICADURA/704F3E54-260520-113900-8.RGB.tiff,validation,PICADURA,.tiff,1522980,True,,45ac3c20d2ff638bea4b31abdb41b8a341439e64cde7cff578deeba8e823d693,1747,686,3,RGB,TIFF,1,1198442,2.5466472303206995,28.859741230697857,28.01539665665923,22.87501940018791,26.583385762514997,27.681852677059048,38da0fe37ba4346fb72c6c8499e2b80ac812c687979ea25f40c3fe9bcef997a7,687034e16410d000
validation/PICADURA/704F3E54-260520-113903-9.RGB.tiff,validation,PICADURA,.tiff,1551424,True,,03e6616f4961e85a5eff6c90b9e26750068e5434e08f889faa86dd4e2df6fcef,1753,708,3,RGB,TIFF,1,1241124,2.475988700564972,29.52189708683419,28.35632458964616,24.41497384628772,27.431065174256023,28.25551678156252,1e3145189d361986b7e0ff3b6229763a5419232ac3d2975716c7cd053c0b5d1e,6870f03031605800
validation/PICADURA/704F3E54-260520-113906-2.RGB.tiff,validation,PICADURA,.tiff,2177416,True,,3460a00a9fd0db8b27369118d3f91260707e64f04178283fab8b84b82f39c308,2025,815,3,RGB,TIFF,1,1650375,2.4846625766871164,37.64964568658638,36.558578504885254,31.64000666515186,35.2827436188745,36.32409040248428,e35da4e56adbe6ef5823dcbde7338095ee777fa3b7f8edd43de27005ffefc5f0,61f0c61e5c1e301e
validation/PICADURA/704F3E54-260520-113907-7.RGB.tiff,validation,PICADURA,.tiff,1504438,True,,64b0d565aa1d2d59d9c664fbd70c084b1c01463424092b902b87050b53cf498c,1793,681,3,RGB,TIFF,1,1221033,2.632892804698972,28.864003675576335,27.638491342985816,23.902727444712795,26.801740821091652,27.579042446027255,b352bed7319d7d27d3f7c9b72d9b09a243e5c6e8a6006654493f78b4f1a35725,7060f63cb8327018
validation/PICADURA/704F3E54-260520-113910-5.RGB.tiff,validation,PICADURA,.tiff,1733258,True,,2aee4fd21b27f11b82b2660a936b51731ae3f85a293b1cde6496ddef5d99f04e,1742,779,3,RGB,TIFF,1,1357018,2.2362002567394095,33.39235220166571,31.900443472378406,28.566169350738164,31.286321674927425,31.966416932568322,e066d5f3abbe83b22e839f5d5767570887e93a56edcd8a7b091529ff405a743d,7a607cf73cfe6232
validation/PICADURA/704F3E54-260520-113911-6.RGB.tiff,validation,PICADURA,.tiff,1636188,True,,ac01e89466620a73ecda07ba89b2cbdc0e9cd5545569f5d59408da8b7886abea,1777,730,3,RGB,TIFF,1,1297210,2.4342465753424656,31.247723961424903,29.65617209241372,25.979631671047866,28.9611759082955,29.712920493212355,9751150fd4f2f15a3aac81ed9dfd2323ec469ad0148b465907eb25dd48e65e26,64e0d0c5d860c864
validation/PICADURA/704F3E54-260520-113913-4.RGB.tiff,validation,PICADURA,.tiff,1413816,True,,fc038c02738a0d549224b335955101c5d4a2d2e45597cb987e35dde23c0435c0,1748,653,3,RGB,TIFF,1,1141444,2.67687595712098,28.999286868212543,28.50476238869362,22.99543122571059,26.83316016087225,28.024561455489714,dc376e5490f44acc80a1d90f6970c2afb86df6c439f76458ed69e12980ec5a2d,6070f07079427240
validation/PICADURA/704F3E54-260520-113915-9.RGB.tiff,validation,PICADURA,.tiff,1719352,True,,0d0a8b6d11010c5ab8922fa150c01bc52cff7110c70aaecdbf8ae79f5fdc255a,1873,721,3,RGB,TIFF,1,1350433,2.5977808599167824,33.52634155119136,32.701758621123744,26.29321780495589,30.840439325756993,32.21773526417082,e04f6be92308a716f0d983b03251459d3e1679bdd61135b33635a58fa42d5b71,0eb01e1fc85c124c
validation/PICADURA/704F3E54-260520-113917-8.RGB.tiff,validation,PICADURA,.tiff,1657778,True,,11b99a72e810e2e0400c55a9cc4d0ae7a4df2e2ffe827c40a219e809992c8025,1792,726,3,RGB,TIFF,1,1300992,2.46831955922865,30.165539834218812,28.266085417896498,23.972928350059032,27.468184534058114,28.344602382643394,c4ea62d855e023f3f8398aa93be79db200df524ce08cd1589a6d5f72c428c053,984c7c7460187880
validation/PICADURA/704F3E54-260520-114417-6.RGB.tiff,validation,PICADURA,.tiff,2411528,True,,c9d1b07274a740f58f012a7177f9832d747da9810e05afe9954ffe7dcc064d4b,2053,867,3,RGB,TIFF,1,1779951,2.3679354094579006,37.41490018545454,36.29476710313936,32.011333458055866,35.240333582216586,36.14137545921208,5f94b0c5ec36a1861423f80ee9d45ced9ba2d2e45774e681fae09c422a24890a,707c7c2038782878
validation/PICADURA/704F3E54-260520-114421-7.RGB.tiff,validation,PICADURA,.tiff,1764524,True,,2c440d835532f4dc3a5686c672496cd3667501c793a2a7175629220098272558,1913,728,3,RGB,TIFF,1,1392664,2.6277472527472527,31.978412596290276,30.898281279619493,26.08574286403612,29.65414557998196,30.672611163927552,a3018b3f9e93d4c3968fdd2e54ddab13d372d871cb392d600c34f43931a3a548,06e0c2fef076f078
validation/PICADURA/704F3E54-260520-114425-5.RGB.tiff,validation,PICADURA,.tiff,2541072,True,,557fe15285d10c09c912952467c335e4d150edf8f33dd2bccf69fa8ca933aebf,2204,871,3,RGB,TIFF,1,1919684,2.5304247990815156,36.65384198649361,35.296620693822526,31.27925585669308,34.40990617900307,35.24445026889842,c52e5d5cf4731b4ee5f5e79a2a08ebab63844f938738d6e0b8facebd77efe75d,60008cbe8c203e20
validation/PICADURA/704F3E54-260520-114428-3.RGB.tiff,validation,PICADURA,.tiff,3304518,True,,a46bddd66084ff1a52d164a68d9f40ee92b78b3fb849b92e29d5070225db2ebf,2409,999,3,RGB,TIFF,1,2406591,2.4114114114114114,40.81621014954348,39.41394279293823,36.30641974477591,38.845524229085875,39.478963105072694,d5d711226202389abdaad27dbbadbde39e59a50798da5dc837bfb0b5677ef288,78fcfea070b870dc
validation/PICADURA/704F3E54-260520-114432-3.RGB.tiff,validation,PICADURA,.tiff,2288234,True,,c4fe2719328076c5808ca4b768a8ea47026ab37c9e014e82033648a7039ee28a,2129,817,3,RGB,TIFF,1,1739393,2.605875152998776,32.502711003206294,30.962447244527258,27.326526552653714,30.263894933462424,31.008491149498706,b76169a3b42db690dc94c064ef93363964cc51f8558aecb15540731747430607,3020f0f1e0302030
validation/PICADURA/704F3E54-260520-114434-8.RGB.tiff,validation,PICADURA,.tiff,1921420,True,,683d4c55841cd9f35a09e935a00ffc8f722414cacfbb7a645e06c29a7c9757cc,1870,796,3,RGB,TIFF,1,1488520,2.349246231155779,32.518783758364016,30.45659111063338,26.71546301023836,29.89694595974525,30.646698108859805,8c48d936468a67d590f737541863ee5664598b190cc97386246f62bb3ef72ea3,6064f083c2200220
validation/PICADURA/704F3E54-260520-114441-4.RGB.tiff,validation,PICADURA,.tiff,1990830,True,,f9406a2eb9a342b9716169bf005d5458fd1d5307f1d789d9c7377dcdee879472,1996,785,3,RGB,TIFF,1,1566860,2.5426751592356687,33.900879465938246,32.988647996630206,28.703991422335115,31.864506294967857,32.77295435648367,8d88996ad8284d3a5be2988da3e6418b61499b9102cd2fa5dba6a50191ee7ffb,21708782388e3018
validation/PICADURA/704F3E54-260520-114443-4.RGB.tiff,validation,PICADURA,.tiff,2001244,True,,65872f376c6feb4640a55eb1957db9eb7055e5abc874c0556a6ad98b3d5094ae,2058,737,3,RGB,TIFF,1,1516746,2.7924016282225237,33.534191618108764,32.77608643767645,28.307539297944416,31.539272451243207,32.49334551269626,0a42a5c5ccf07ce52c4c5f5f225270b0fba0c39c8129bdb8b2d4b675fc40cfad,3178b870b0e27070
validation/PICADURA/704F3E54-260520-114447-1.RGB.tiff,validation,PICADURA,.tiff,2329620,True,,58be693015dccba6fd93cce45da5a604c4479f8f675f3a22191daaffbcbcafab,2109,832,3,RGB,TIFF,1,1754688,2.534855769230769,37.40919924225845,37.322895580296894,31.148870340482183,35.29365505434584,36.64486149788453,5563c05b2c49925b3260a986504c028c422e35427ef873a621e4e7803105bb34,c080b07f2b808880
validation/PICADURA/704F3E54-260520-114450-1.RGB.tiff,validation,PICADURA,.tiff,1872848,True,,81abf8f85a60a9238859dde0172dfeb33a8d0d95eda38df8bafc7e232d999fbe,1863,762,3,RGB,TIFF,1,1419606,2.4448818897637796,36.60730019456103,34.317481751979074,30.100018596709226,33.67493351441644,34.52134666661031,ee6ceec5c78136d1ae94c276293aae1a27eebb6dfceb3171c000a0b2725be3cf,2400f07c70be0c38
validation/PICADURA/704F3E54-260520-114451-6.RGB.tiff,validation,PICADURA,.tiff,2337232,True,,4206a005438a8f068083338d8d26333f7fcbba87275d2cd4a825669765b8787c,2158,833,3,RGB,TIFF,1,1797614,2.590636254501801,34.783481325801866,33.722484916116585,29.89255591022322,32.799507384047224,33.60311093594064,cc5c60157a90b9541cdc30225e4cd3ea8eacf5f88dc65c8791ba44cdd57ee7fe,e0fe7a013cf404f8
validation/PICADURA/704F3E54-260520-114458-5.RGB.tiff,validation,PICADURA,.tiff,2868986,True,,31cfecb8cf0760d18dfdfb647bb3ad7e71a8f89d996e76d8ce62a60291ed3f4a,2262,921,3,RGB,TIFF,1,2083302,2.456026058631922,42.03474388254799,40.8062378858178,35.703241296749106,39.514741021704964,40.591819567686294,1173dc164b142913f4de4f41f0f6b75bd7c2a192e2dee333713a5a9e7feb9815,607efe801c78387a
validation/PICADURA/704F3E54-260520-114500-4.RGB.tiff,validation,PICADURA,.tiff,1607954,True,,e224c2f2d02bb94cd28eddf4a10fb278f04e009c7d4393647dbf907f5fc7b4fa,1797,689,3,RGB,TIFF,1,1238133,2.6081277213352685,31.687661987847832,30.94345437848761,24.984171328928316,29.205095898421252,30.486614186036554,57940cd471c253c000b9203d033bdc119ee070a3f22ac0b97ba687a82593a783,6068f4b01cc85018
validation/PICADURA/704F3E54-260520-114501-8.RGB.tiff,validation,PICADURA,.tiff,1763794,True,,dcfa6e84edf317422aca5b738b85dbacc57ffe657be497067498a44b877c13d7,1862,746,3,RGB,TIFF,1,1389052,2.4959785522788205,29.48815667088057,28.10538770326813,24.35274921313241,27.315431195760368,28.09103483670878,35e8c3784f4be314dc277db583d7d5610ab30133627acd6d45dc9c2b7d9535ae,b0f0f0f06062d040
validation/PICADURA/704F3E54-260520-114503-8.RGB.tiff,validation,PICADURA,.tiff,1971074,True,,e86cbda495ad351dd47775f9109d779d179b3b4ced02e3a3e5c6b0fe16cef9dd,1925,808,3,RGB,TIFF,1,1555400,2.382425742574257,37.64532788993185,37.06194097981227,32.23327568471133,35.64684818481849,36.68590582229652,19f366b2c55bbe6f58d3c689098d1260b34e50ad19c976dad2f6fc215cc19c81,7cc4e4fce8fa463c
validation/PICADURA/704F3E54-260520-114509-0.RGB.tiff,validation,PICADURA,.tiff,2139968,True,,302b2e2871504ac68f3b9cbc97891a26950a030e498f4379ed4ec8cce6e0f383,2014,822,3,RGB,TIFF,1,1655508,2.4501216545012166,33.81356357081935,33.29209100771485,28.255815737525882,31.787156772020026,32.87387592328155,04ef16949ea8071f1756425d03f3b244ff1e9371b3b094daf6b311b8c4f5bca7,c7e43838388210c0
validation/PICADURA/704F3E54-260520-114510-9.RGB.tiff,validation,PICADURA,.tiff,1325532,True,,9dc336f29099cb325a1b1341abe0b3644efff045da3f21b420e6310c98113129,1718,648,3,RGB,TIFF,1,1113264,2.6512345679012346,26.905341410483047,25.854321167306228,22.025409965650557,24.92835751447994,25.73208034302735,e9db28acbeda26b28317b04ab993958c9d53b9b510defe04b874368f4704ee66,642874c0b0742092
validation/PICADURA/704F3E54-260520-114512-6.RGB.tiff,validation,PICADURA,.tiff,1991322,True,,4f395c34873322a6d4e7745523d142090911bb1a81adc2a652ffe69662b36b3c,1953,802,3,RGB,TIFF,1,1566306,2.435162094763092,33.39521906958155,32.49992594039734,28.165590887093582,31.353578632357493,32.27350438994679,214c131946425262d09772e79bf6a7386f880fbc911fc9e8cdaf1b3b4b28f679,40c6f0c1e0c0c080
validation/PICADURA/704F3E54-260520-114514-3.RGB.tiff,validation,PICADURA,.tiff,1961238,True,,7a696f35f4b01c7e45f769626f138e6a28419aa3a3a7d4257461169f3a08416e,1968,793,3,RGB,TIFF,1,1560624,2.48171500630517,33.40480730784609,32.16757335527328,28.677142604496662,31.416507755872008,32.13959720150402,0acec01cc90f6196d5d16c4d2591d08ae1a2e86cf7918b190bf307942bbb7d1c,7000faf8f07a1878
validation/PICADURA/704F3E54-260520-114515-8.RGB.tiff,validation,PICADURA,.tiff,1553272,True,,78005f91b63adee6cdb6fe6ff4c8ff1275b7ceaf422f43c258f8076423f5f2b9,1799,670,3,RGB,TIFF,1,1205330,2.6850746268656716,29.687236690366955,28.318180913110933,24.49124969925249,27.498889100910123,28.291258432130622,d9d15bf6162aa38803c003eabf6cc51f989809753d2cd41d1553afa180af4b2d,30e0383c70747052
validation/PICADURA/704F3E54-260521-110245-4.RGB.tiff,validation,PICADURA,.tiff,1475178,True,,bd018d62668e5445de911d93f36878085c9075ba367cf0a54b21216a4723c717,1783,725,3,RGB,TIFF,1,1292675,2.4593103448275864,25.579989556539733,24.405760922118862,21.768773280213512,23.918174586290704,24.45623869263349,f02586b81ebcd9a8b4987763db92df5e7fa9e6d311f4bbcda2c22fbb5ac3f4de,34fcbc9021103000
validation/PICADURA/704F3E54-260521-110249-9.RGB.tiff,validation,PICADURA,.tiff,2437264,True,,1f006fc5bd7c65e97aec32b24f1cffe05bed9aac9311df350ad81205ea3e8b91,2148,863,3,RGB,TIFF,1,1853724,2.488991888760139,34.956476800214055,33.63142949004275,29.457620444035896,32.68184224476423,33.55180440453919,ba4c8416f9fdebf9bce8533e949f5bf61158c9f907455343d883f4ad7e7ca41c,707a3ea00e70b078
validation/PICADURA/704F3E54-260521-110252-9.RGB.tiff,validation,PICADURA,.tiff,1654844,True,,6abf6c65c2ca01b026ef6d5bc53bf10e944023af3ef7a8a99efd199b9fdb9491,1850,694,3,RGB,TIFF,1,1283900,2.6657060518731988,29.293638133811044,28.31999766336942,23.186939792818755,26.93352519666641,28.02594756678869,687978e6f702a1d1013eb3e9d5197306012a94c59ff8c5c93ff2b7526002c7d9,60f03edb78d2e0b8
validation/PICADURA/704F3E54-260521-110258-1.RGB.tiff,validation,PICADURA,.tiff,1815256,True,,16f97134c3c87d29807970dec831e1dce1dba197b7fd0f5a1350bb19bcbea7a6,1873,758,3,RGB,TIFF,1,1419734,2.470976253298153,31.85715422748205,29.914090245074078,25.9911039673629,29.254116146639674,30.04784594015499,94e04e78f6a04f8edfa0c99c391676b84e2e2a80cded947cee12817e0a024d4f,6040c1ffbcfa5018
validation/PICADURA/704F3E54-260521-110307-5.RGB.tiff,validation,PICADURA,.tiff,1944014,True,,107b8f2a8d766a6033248f7b458ee3909d30b82af07ec0f54d43a8425b1cc7de,1906,798,3,RGB,TIFF,1,1520988,2.388471177944862,31.872286960843873,30.118277724742075,26.074032799732805,29.354865828439586,30.181682564885456,f33d02d875533d069f9811ce44b38a5f5845b4087afffdfb0696f68cdd43fe70,3060247118607224
validation/PICADURA/704F3E54-260521-110309-7.RGB.tiff,validation,PICADURA,.tiff,1721916,True,,0e4012e75c1e23e22223a83b736a507076d757295d8465354a881d2947183b6e,1877,743,3,RGB,TIFF,1,1394611,2.5262449528936743,28.670328141682518,27.214588153972684,23.09609633080479,26.32700420882,27.180346342456787,d75e5e9fb7bc920d9003b109200f4eaffb8c6a250ffccceae727816062b248ac,3058987840183820
validation/PICADURA/704F3E54-260521-110313-7.RGB.tiff,validation,PICADURA,.tiff,2113816,True,,94b77c4cb49f7fbc69c952eaa53afc91310a99460cdf3375385262cd8e68536b,2056,802,3,RGB,TIFF,1,1648912,2.5635910224438905,31.107205235937393,30.18817559699972,25.692193397828387,28.995858076921834,29.95042348833655,aa6bb1c6c528154a2d95ffee6f50863b106984cd2199c5a496103c36a5f04460,3870381082823092
validation/PICADURA/704F3E54-260521-110320-2.RGB.tiff,validation,PICADURA,.tiff,1657886,True,,af30dfd1d990fdb2f303ba699bc6cd16261e05491f44dcef081d7d5bcb6f68bb,1977,736,3,RGB,TIFF,1,1455072,2.686141304347826,27.58423638142992,26.391616359877723,23.45668805392448,25.81084693174404,26.41362791944316,2c2e3f0fc36b44397a4fa893b9e0fe14fe7396d728b033b1822527d8976dca9f,4179fcc460706050
validation/PICADURA/704F3E54-260521-110323-4.RGB.tiff,validation,PICADURA,.tiff,2871370,True,,aab45deb7970b6f17f93abf4ebd9af74b9000d3670aa5fff0f4f8f63cd9445f8,2301,968,3,RGB,TIFF,1,2227368,2.3770661157024793,41.36094035651046,39.61464293282475,35.878042604544916,38.951208631293376,39.710813425082875,830cec8ebac977dfb93573e395d738b2ce1e65ae004444accb00920f3de5fb67,7400787e78fe1038
validation/PICADURA/704F3E54-260521-110332-8.RGB.tiff,validation,PICADURA,.tiff,1783770,True,,66db3bf459ccb765d0539b5b7194075df2d74e1d19b0f3f08664d29e9ef0c49b,2001,767,3,RGB,TIFF,1,1534767,2.6088657105606257,28.599567882290927,27.832702944486037,23.602866102802576,26.678378976526513,27.579794160937787,60edab013bf266a841a5b1ba2796f5131add65b8c5da6c5136ddf7f029233667,08ccd31223402280
validation/PICADURA/704F3E54-260521-110335-4.RGB.tiff,validation,PICADURA,.tiff,1533902,True,,812a4ba0608f9f25a906b73bf5d055e9123c6ee9ae0d807955159c299866887e,1875,732,3,RGB,TIFF,1,1372500,2.5614754098360657,25.609820765027322,24.563540983606558,21.848134790528235,24.007165513054037,24.566822332240438,1e6f2fd869ac896f0bff7f44d24f77b7ca00fd5061eaadca922e8c1f6b3cb94b,e044cef898f89038
validation/PICADURA/704F3E54-260521-110351-6.RGB.tiff,validation,PICADURA,.tiff,1945452,True,,a40ace9d4f660ec7dfcbe7c1f2b2c47fd39213093b41324d93c9825c5c76dd27,1876,803,3,RGB,TIFF,1,1506428,2.336239103362391,33.38228046743688,31.644499438406616,29.087560109079227,31.37144667164091,31.872604882543342,994d73d1a01f9d1eaece4c75007bd4af26c0757637e6d6e3ed581a1e8db54720,d1e0380878fe9234
validation/PICADURA/704F3E54-260522-162624-3.RGB.tiff,validation,PICADURA,.tiff,1944108,True,,825ff12f6397697bc5cc7871446497cbb621714ac52c2468c24ee8a48254a0a5,1939,774,3,RGB,TIFF,1,1500786,2.505167958656331,34.4197953605644,32.76204402226566,26.552266612295156,31.244701998375074,32.54979704768035,700181363b0a0f4481dce29f6206c0acacd66104123d84bf53ba51d2d8252319,18222ef8f8f87270
validation/PICADURA/704F3E54-260522-162626-8.RGB.tiff,validation,PICADURA,.tiff,1983178,True,,0c35fcffc69c131414c206f41de897e9785b089e5da47b0150d255603046725e,1877,786,3,RGB,TIFF,1,1475322,2.3880407124681935,34.86656268936544,32.24243792202651,26.51088779263103,31.206629468007662,32.37365451270976,027f0aeb8e6d5c07a5f2599e378abf072399312a33bf0a7c14379d59dcb7074c,60e0f0f878f06070
validation/PICADURA/704F3E54-260522-162633-2.RGB.tiff,validation,PICADURA,.tiff,1652076,True,,e5b9d37f4fc38bf41f20278267db7c64e52af24c0e56c123be4ecb5313516af6,1829,686,3,RGB,TIFF,1,1254694,2.6661807580174925,33.2171158864233,32.42613258690964,25.76121349109823,30.468153988143722,31.90283581654172,0f625f0a6d23d1bcd8e12f3784c17b181c5e53cc3a799ef5b25d5ae25204e213,60e0e46664726044
validation/PICADURA/704F3E54-260522-162636-0.RGB.tiff,validation,PICADURA,.tiff,1563244,True,,95b8b3aee0487d447433644ebc573dc2a10af75e130a1eb9c212cba3d119d5e1,1736,726,3,RGB,TIFF,1,1260336,2.391184573002755,28.752331917837783,27.107330902235596,23.20280544235823,26.354156087477204,27.15407030347463,466c4423afbe8c4ea71bf3d5a06a8a3d9cbc5d05b096c8f5f6656a77e8083887,506064382ce02000
validation/PICADURA/704F3E54-260522-162641-0.RGB.tiff,validation,PICADURA,.tiff,2016080,True,,8824c86ee63946ac47c1428985ecd8bc07d9d5808b10589d4af83eb4290a0978,1964,796,3,RGB,TIFF,1,1563344,2.4673366834170856,31.249355228279892,29.256811680602606,25.807886172205222,28.77135102702924,29.45940469340081,5f891c84a9ef1b5b29265d0979323e77116ead3b0efb0ab7b936b54374e40ad2,88ec9ca070626430
validation/PICADURA/704F3E54-260522-162645-6.RGB.tiff,validation,PICADURA,.tiff,1629880,True,,b75fb6dea45384aa29998e10445164d76372804f973f3fa634e3e3da5318dde7,1736,727,3,RGB,TIFF,1,1262072,2.3878954607977994,30.500284452867984,30.25400531823858,23.54589040878809,28.100060059964886,29.562917679815413,9844d1a74d330b8cdbd85ceeb0d3a10b59f35aa6ea256ec04282a3329ffd55c8,28603cf12c10e210
validation/PICADURA/704F3E54-260522-162647-3.RGB.tiff,validation,PICADURA,.tiff,1728870,True,,3b9ada7cb01754c7ec2edfd10cc2333dfebe0c9108b980b79f4884473a47e38c,1871,736,3,RGB,TIFF,1,1377056,2.542119565217391,29.947376867752656,28.86066144005763,23.65124439383729,27.486427567215856,28.591715809669324,d73bc1fa82de70d15e4a6d5069e73ab725ebb1bf255374019e59a79b13e976d0,2178f160d8543058
validation/PICADURA/704F3E54-260522-162653-5.RGB.tiff,validation,PICADURA,.tiff,1894032,True,,673a02afbad09ebacfe452b2370aeb1a2ca0a029fcb2f1a00fc14e9faac92b57,1895,771,3,RGB,TIFF,1,1461045,2.4578469520103763,32.715582340037436,31.13481172722264,26.405124414374644,30.085172827211576,31.06827778678959,82f92bdc065f8637da1268e470b042622bba150bb7d070da195c9fa16fb7d441,a00096f151002a00
validation/PICADURA/704F3E54-260522-162656-7.RGB.tiff,validation,PICADURA,.tiff,1748976,True,,7d238783718cebfe0c54ef4bca94972286fcc9ed5a04b8f1ec0f3b7a6859739e,1793,742,3,RGB,TIFF,1,1330406,2.41644204851752,31.44673205021625,29.57404356264178,25.501821248551195,28.840865620469742,29.66974407662022,3cd70ce4ebffab8fc195e414b0d309aad800b179795d6a3a3166de263f393984,21e0e4f474eee074
validation/PICADURA/704F3E54-260522-162705-0.RGB.tiff,validation,PICADURA,.tiff,2791894,True,,fd946ae40fada1295f002f69381e79b814a4feb47907db2517a0e254ba5aa38a,2065,966,3,RGB,TIFF,1,1994790,2.13768115942029,44.4087733545887,43.45147860175758,38.10747597491465,41.98924264375364,43.128493433393984,c29ad64a4c33e8c0c26e9c14f7ade07b9ce95c6c257e51b3d997fa2007529087,7802e275f8f61880
validation/PICADURA/704F3E54-260522-162706-8.RGB.tiff,validation,PICADURA,.tiff,2155660,True,,9789c82c90ccf4b14ead7c043f4051a28aaef7760d63b444ba80e75a8fe9a9dd,1927,837,3,RGB,TIFF,1,1612899,2.302270011947431,35.011685170615145,33.13038262160247,28.775444711665145,32.305837501294256,33.19642916202441,ae2fa6a38a52bc94dc26f1e787125f9970fbf0b02982550db91da2efed2358a2,702e3ef01c141606
validation/PICADURA/704F3E54-260522-162712-2.RGB.tiff,validation,PICADURA,.tiff,2333622,True,,60bedf9fdeb1eb1bfb1937f41640b5535c869299c2b60a90075dcaee06433a64,2072,837,3,RGB,TIFF,1,1734264,2.4755077658303466,33.40371304484208,31.96841542002832,27.933315227670068,31.101814564180156,31.93756798791879,a8c631461318ea4d1ed7865497b78da018ed5bfbc0428654dc1bbc26ef14ea99,600212f450807000
validation/PICADURA/704F3E54-260522-162714-5.RGB.tiff,validation,PICADURA,.tiff,1972494,True,,31e8e1c99e1f03a8c941a37f0daf2dfb72b3d20c25fb8d9e98691257ab13ad7c,1910,804,3,RGB,TIFF,1,1535640,2.3756218905472637,33.80627881534735,32.516875700033864,27.466997473366153,31.26338399624912,32.32672111367248,9ae786743ea6f08d987a28b77026fe54e90b05523139d107af99ccbae414ad73,60f83af07830f072
validation/PICADURA/704F3E54-260522-162723-7.RGB.tiff,validation,PICADURA,.tiff,2062308,True,,56be88f450f10a25013b901335ac9cd9274a5d24fa12ea3e7d36f1fec79c9324,2377,688,3,RGB,TIFF,1,1635376,3.4549418604651163,32.53738406335913,31.168980711469413,27.13395390417861,30.280106226335718,31.11814025765328,e1028dab037069870d01ee95882dffda29ed1192c5ae0cca480b8f89e8ba109e,d078383838b09818
validation/PICADURA/704F3E54-260522-162725-5.RGB.tiff,validation,PICADURA,.tiff,2001428,True,,35355d4820958d84a0d8e2da40ab4cf892f5f813a61f849e05b6af9fbbb0fda3,1897,798,3,RGB,TIFF,1,1513806,2.3771929824561404,33.37523896721245,32.500984274074746,26.488844673623966,30.78835597163705,32.07700251287153,5fd2d1caa26703226111acf2275173a6d9842aa41cec21081a4a4c1f4d13191a,e0783a0024443000
validation/PICADURA/704F3E54-260522-162734-0.RGB.tiff,validation,PICADURA,.tiff,2955446,True,,1cc412c719a906ee8e71b9c435558a44b756a6efb36276871965146552eda93a,2383,927,3,RGB,TIFF,1,2209041,2.5706580366774543,37.09464106822825,35.71724879710246,32.20330858503758,35.00506615012276,35.72849990199367,3778febdb5cf37d2d29724a9ae7d3f7441cabf3a0b52d8670762b2439b811fe0,40c8aa20303a4810
validation/PICADURA/704F3E54-260522-162736-9.RGB.tiff,validation,PICADURA,.tiff,1719276,True,,b78d072bc368bc007c6f027a132292ce42ef1e2e936ed015d8a58e4e94778428,1841,735,3,RGB,TIFF,1,1353135,2.5047619047619047,30.320637630391648,28.941501032786825,23.643595058881782,27.63524457402009,28.74990159444549,b3be9b7f2f51a9e03693824f70a37342a7e3eeb6884f6123580035dd652fced4,64f0f8f470d050c0
validation/PICADURA/704F3E54-260522-162743-3.RGB.tiff,validation,PICADURA,.tiff,2017040,True,,c1f03c1933fdeb9148658d22a1e6e798089c09cc916ce273af6769fdbde1b389,2037,771,3,RGB,TIFF,1,1570527,2.642023346303502,32.3487555451132,31.27482240037898,25.698172651600387,29.773916865697526,30.960190339293753,b17ad7a78f42c6db58460d06575698d2c486090d84eeaec40e98b05103473d29,2c70be1ee85a1856
validation/PICADURA/704F3E54-260522-162745-2.RGB.tiff,validation,PICADURA,.tiff,1628596,True,,42773dbca11153989bfc58ed02a5c586fda52079974abffed5a968effb27a2d0,1783,713,3,RGB,TIFF,1,1271279,2.5007012622720897,30.092981949674304,28.881925997361712,23.239417153905634,27.404775033647216,28.600785718949183,90b83b15c53d3f2c47b8fb90fc026a77cb552dde2f0e16b018bcf25f3c4a16d8,64f8ece071da92d2
validation/PICADURA/704F3E54-260522-162751-4.RGB.tiff,validation,PICADURA,.tiff,1890050,True,,b35ad3778fc7a26a97912b00b6af61765830006de7c9d9c120988b026f4436ba,1899,772,3,RGB,TIFF,1,1466028,2.459844559585492,33.34756975992273,32.40501341038507,26.4735864526462,30.742056540984663,32.010655085714596,79ebb73bc8be375306f08f83470b4091252575cc648945561ed62fd0abeb10e9,8730c7079c1e320c
validation/PICADURA/704F3E54-260522-162753-6.RGB.tiff,validation,PICADURA,.tiff,2143356,True,,5367ec96c8783adcdf4c6f3493bbd4cf49c8e4afd0e9712c1e01c81cee366f3d,1995,806,3,RGB,TIFF,1,1607970,2.4751861042183623,33.317874089690726,31.940050498454575,26.77630863759896,30.678077741914752,31.763353180096644,f463bcbab739308208346534c750eb9b0613e3d59e3af6b0ee465ba28e1b3b33,98309efc70723070
validation/PICADURA/704F3E54-260522-162758-9.RGB.tiff,validation,PICADURA,.tiff,2332024,True,,4a4bd7cf63da316a468a1a935ca6f35645de820b9ede0f032c4253011426ad17,1910,930,3,RGB,TIFF,1,1776300,2.053763440860215,38.466623318133195,36.92062827225131,33.69801835275573,36.361756647713406,37.01550326014749,abcc6febd967ac5b7c8a7d7a1000ec1ea0f35cb5bf17467b42fdce04ccf85237,d000f2fc7872f800
validation/PICADURA/704F3E54-260522-162801-4.RGB.tiff,validation,PICADURA,.tiff,1721600,True,,aeebad17c0a2d2d75ad33ca698f84f179a257a0b198031863a1a637e0cfa46e6,1890,713,3,RGB,TIFF,1,1347570,2.6507713884992987,30.06562033883212,28.689560468101842,24.36513205250933,27.706770953147764,28.60801753007265,a8d7e0abb117fb609f66ca8d22c3e817d4c12ebc58b9f46e653eb693873ecba3,7070f0f0e06050f0
validation/PICADURA/704F3E54-260527-140848-9.RGB.tiff,validation,PICADURA,.tiff,1594668,True,,8b0fa54130169b2a08f39a6e44eb83122333a4a18ad86cceb17d2bf86804373f,1751,728,3,RGB,TIFF,1,1274728,2.40521978021978,26.520070948469005,24.95148141407422,20.943103156124288,24.1382185062225,24.963534563451965,64564556cbefcc0406c87a385dc46a46ffe5daa34d41abc792743a091e313272,59303c7070203800
validation/PICADURA/704F3E54-260527-140855-3.RGB.tiff,validation,PICADURA,.tiff,1995596,True,,572b474e4ceb656a33ff381090a45b1f7c9c5e3a7e61e0cef05c4ffca6f6c4de,1971,799,3,RGB,TIFF,1,1574829,2.4668335419274094,32.10405510693542,30.5894519341465,26.06578238018223,29.58642980708805,30.52661995365846,52e9ef0c3afb4abedbdbbd2fb372e40618a5986800bd04fbe58624db51257337,e848c03c30c03c00
validation/PICADURA/704F3E54-260527-140858-6.RGB.tiff,validation,PICADURA,.tiff,1982836,True,,9a95ee6996d8180256874e1ad91df6a7fd05ca93695cfc730be7eb70c55cee37,1881,818,3,RGB,TIFF,1,1538658,2.2995110024449876,30.56755627306393,28.909779171199837,24.86420829060129,28.113847911621686,28.944259444268965,86ce8d775a7d5a9647c9cc3796cf44dd03d0760a910e47204b7402b7309beb86,6034366060206810
validation/PICADURA/704F3E54-260527-140901-4.RGB.tiff,validation,PICADURA,.tiff,1598084,True,,7907d367b6324a67e10d42373748221a2a06360640eee90d479064ce4be6e1ea,1734,723,3,RGB,TIFF,1,1253682,2.3983402489626555,26.08070866455768,24.08934881413309,20.526991693268307,23.56568305731969,24.278656697631455,1ccf4cd120d07c96020c86e8b2c60be03ebf3f1b29d7739822cb39825b32ba9b,6ce04c40d19852c0
validation/PICADURA/704F3E54-260527-140903-9.RGB.tiff,validation,PICADURA,.tiff,1613978,True,,1834e37a92d4211979613ad2935690087e92d7c6827d6793f0629b9dcc62ce8e,1763,729,3,RGB,TIFF,1,1285227,2.4183813443072704,26.355951905772287,25.188418077117895,20.427357968670126,23.990575983853436,24.994749839522513,11e0aabbeb3f4afa67aa86c90359dcc1cae9f2005599b168daace68939535acd,686434e0b0489020
validation/PICADURA/704F3E54-260527-140924-9.RGB.tiff,validation,PICADURA,.tiff,1528972,True,,0177c247d1f55f7d9d67c37d5dd2e4f9032202463c554200eb7b99680ac4227a,1655,730,3,RGB,TIFF,1,1208150,2.267123287671233,28.030003724703057,26.7337598808095,21.979333692008442,25.581032432507,26.579332204610353,f08ac72028a388840306a5210ac543952d925ce168389a6f3103c3982e48e442,70743ce81020f860
validation/PICADURA/defecto.RGB.tiff,validation,PICADURA,.tiff,2034196,True,,b67ae8bbbbdcf4004b8cf3aadff63f7faf8be539224494f560ed85ec850f9314,1984,858,3,RGB,TIFF,1,1702272,2.312354312354312,33.675196443341605,32.83542994304083,28.82897092826528,31.779865771549236,32.62978379894635,4fb48db1a12c4b38f135ae6584acbab5b7310aafe5aaa2b39467c9dd301d20a0,6870740b617030b0
validation/RUSSET/704F3E54-250425-091128-6.RGB.tiff,validation,RUSSET,.tiff,2092886,True,,bcad44c6e31a1a7891dea59788acaa2bfa9f5bc097fa2e7749dfa3cbade87637,1973,794,3,RGB,TIFF,1,1566562,2.4848866498740554,36.48235626805706,34.700045705181154,29.692496690204408,33.62496622114754,34.662095975773695,f9ca4b36198ce53da2d07d2026a7ba7125a26dd4269b6362db5429202b92abcc,282c387871085028
validation/RUSSET/704F3E54-250425-091137-9.RGB.tiff,validation,RUSSET,.tiff,1589930,True,,0cabcb6c65a549cd5eb4c167283c59fa43cf25d27c06af022705a94022d00a03,1772,732,3,RGB,TIFF,1,1297104,2.420765027322404,29.85429078932761,29.165312110671156,25.51424558092489,28.17794949364122,28.95509515119836,c0faf58327ddf00c1d179dd53db1e69676a2efdc9490c0a75b93569cd656cd4d,586078c02058409a
validation/RUSSET/704F3E54-250425-091142-6.RGB.tiff,validation,RUSSET,.tiff,1450236,True,,783ccf2a9e57ba42da18e6381d9fa80cfc89c6810775691528704c57113b84c4,1635,635,3,RGB,TIFF,1,1038225,2.574803149606299,34.041724096414555,32.025112090346504,24.945114016711212,30.33731673449076,31.820959299766425,5e724d15fcf491a8973d6329bfd73e63254ce92a3113bda05ae4ecf3d5873708,6478e13871603838
validation/RUSSET/704F3E54-250425-091147-3.RGB.tiff,validation,RUSSET,.tiff,2143524,True,,d8236b85b319e2611b506ea384b6ed988eee1ce6d65e8670612b2f2e98831dd7,2027,800,3,RGB,TIFF,1,1621600,2.53375,36.77685619141589,36.22866983226443,30.69759126788357,34.567705763854626,35.7620345973113,f99f68e9d481f0d174ac0420dd8ab21b54ff37df986d4890ad7f525a3811fcfc,7c14f4c70d300688
validation/RUSSET/704F3E54-250425-091153-8.RGB.tiff,validation,RUSSET,.tiff,1736212,True,,43495f20924583ca387a3cdb61bab6e7338094aeb83c750220fbbaeb37de70db,1852,723,3,RGB,TIFF,1,1338996,2.561549100968188,34.15983617576154,32.27493584745586,26.78910392562786,31.07462531628175,32.21313620653086,f00fd3c991dbf4a9e47f97b097837768fd608ea7cef4b9bc285d9ff730f187b1,a098c33c19d03818
validation/RUSSET/704F3E54-250425-091156-4.RGB.tiff,validation,RUSSET,.tiff,2259490,True,,ace5652004c2924ecba6aa3ac300e707fec0848d0086ef311bf879f6906d9f71,2079,821,3,RGB,TIFF,1,1706859,2.5322777101096223,36.62661942199092,36.455083284559535,30.17878922629227,34.420163977614244,35.790875067009054,edd73a8ebf61a2c4e672ae683707c8206cc1aee3dcabf6b2489320c1a983640b,3098ec68701c32b8
validation/RUSSET/704F3E54-250425-091204-6.RGB.tiff,validation,RUSSET,.tiff,2463772,True,,eff6449576aaf9eb37581cab3d121291ec80150b2d1a39ca80a98e8d2c1ebf5d,2138,861,3,RGB,TIFF,1,1840818,2.483159117305459,35.9985734602769,34.36575750563065,31.16263584993193,33.84232227194649,34.488813607320225,2bd166b9e117d37d286bbf99f1448a27d0b2b0403c08436ed360983f2b56cf6b,3138a4ed60c638b8
validation/RUSSET/704F3E54-250425-091207-3.RGB.tiff,validation,RUSSET,.tiff,1917986,True,,a3caa641e20402b501299b92c77207287530e281918a55b3aa2d3c5d52ccbd99,1919,807,3,RGB,TIFF,1,1548633,2.3779429987608425,34.44631103689512,33.26664548669698,29.484698440495585,32.39921832136256,33.18822352293926,a87aa748d923c90701d03b0a6c5690e8e5249df7bbfc36be18bdb94c01252269,d0e0e000f1f05060
validation/RUSSET/704F3E54-250425-091209-8.RGB.tiff,validation,RUSSET,.tiff,1640538,True,,a215b87a0a5e5f5eceef4079e8a06daa58268c0b5880d990abc919f6d41cf116,1818,734,3,RGB,TIFF,1,1334412,2.4768392370572205,33.744836677128205,32.60449771135151,27.606064693662827,31.318466360714183,32.37563769810223,dabc66ce8e429254299c42fba6b57b74d1b665142894ac6b9e5fbde4d1bdfd01,3924e05464402c64
validation/RUSSET/704F3E54-250425-091218-9.RGB.tiff,validation,RUSSET,.tiff,1856052,True,,4571ee544bc0a35cc7d5b5f6b82aa6b6911e973c34b83a1539545d0fa0f55eb6,1986,765,3,RGB,TIFF,1,1519290,2.596078431372549,31.09787861435276,30.644842656767306,26.65808700116502,29.466936090761692,30.325810263346696,e1d70cd1e906caa9a4559531d3dae31ae68a8708a0950b030b33ec9eff7d88e2,646098b818646060
validation/RUSSET/704F3E54-250425-091221-1.RGB.tiff,validation,RUSSET,.tiff,1669488,True,,10e9c5f951a554491cdfe55a78e6d8f1374399d97221c9774a656c63cff571cd,1917,707,3,RGB,TIFF,1,1355319,2.7114568599717113,31.500158265323513,31.268381096996354,26.215874639107103,29.66147133380899,30.761696734126797,dcb7531fe7e995f4acd04985993e8b45296d1122dc024ab5fd2784ae5f1bcef1,b8387c3c74383c3c
validation/RUSSET/704F3E54-250425-091225-0.RGB.tiff,validation,RUSSET,.tiff,1955610,True,,0742fd17f803e6cf2b36964cc481f2515dbe8981b75586c41aa8a49c4ae8ccfd,1969,813,3,RGB,TIFF,1,1600797,2.4218942189421893,31.44800746128335,30.702072779996463,27.56298643738088,29.90435555955356,30.567251406643067,458963cb404f44e253ad4139a8814a2cca95c2c93fc913d8334a4d2fdaee21f8,6014f6e238b24008
validation/RUSSET/704F3E54-250425-091227-4.RGB.tiff,validation,RUSSET,.tiff,1745562,True,,1911016fcfa4053de4e97cf8c1aad918b3f04c060d1b1d1775b0c11101452e52,1833,730,3,RGB,TIFF,1,1338090,2.510958904109589,37.05253981421279,35.24559409307296,27.868257740510728,33.38879721593216,34.944854519501675,920387f55925cc0e4f8f0c25b23af30f9bfc6316f2b90416c6798e28fe2892c9,6178f83c1c60383c
validation/RUSSET/704F3E54-250425-091243-9.RGB.tiff,validation,RUSSET,.tiff,1392476,True,,28e8a7c76476a797f3049559e531217ae587a7590589ae6068f5bc5ed8b29b15,1629,683,3,RGB,TIFF,1,1112607,2.38506588579795,30.193778216387276,29.090674425021593,26.20870172486781,28.497718122092227,29.0919575708224,5eeac3dc3565359fc33f877dedf894211f6acd8c13439adf7987069b4b58fcb9,6978a6c2a28660e2
validation/RUSSET/704F3E54-250425-091247-6.RGB.tiff,validation,RUSSET,.tiff,2547844,True,,2608a0b12f8677b82044b27cfb343c26d5c571f2b37a488fb1dad643bb43a812,2143,878,3,RGB,TIFF,1,1881554,2.440774487471526,36.30888616537182,35.14054659074361,31.083446980527796,34.177626578881075,35.027370767992835,c207092240fd98f782af1f93681fffc7c79f2c4385725f7e3a03ace5fe3b26d8,607078c03028f0e0
validation/RUSSET/704F3E54-250425-091252-7.RGB.tiff,validation,RUSSET,.tiff,1981092,True,,edfc3bfac0851392f4f52d976540a69723fa034e73f4474abd698ef24a282231,2022,742,3,RGB,TIFF,1,1500324,2.725067385444744,41.172448751069766,40.46833017401575,32.35551854132841,37.998765822137976,39.754001102428546,193d73345bf37cf42d89e0d30d2b88ecbb9eb22590ed20d288fed31189beea65,1c389c78707e38f8
validation/RUSSET/704F3E54-250425-091256-1.RGB.tiff,validation,RUSSET,.tiff,1457244,True,,9350775a0a68647910ebd29f22dd0631529f289859bc19fb4fbc811ccfffbe40,1609,709,3,RGB,TIFF,1,1140781,2.2693935119887163,31.397738040868493,30.504952308988315,25.719507951131725,29.207399433662847,30.226354586024833,5b346af9ac4a8c3296938f914908e3f0a39439d65595267f6f89668548800b3b,50f1b9c129f0f0d0
validation/RUSSET/704F3E54-250425-091259-6.RGB.tiff,validation,RUSSET,.tiff,1330738,True,,8060c41d6435986de2d81b058c739f424014b1c37216b8e45b39c43b32a09886,1603,661,3,RGB,TIFF,1,1059583,2.4251134644478065,31.183079569981775,31.141606650918334,25.802965883748605,29.375884034882905,30.545402006260954,843998477d2bd1856d138e1995b711433f3c30708d8bcc9d761456755d81fbc1,685c5ce118284078
validation/RUSSET/704F3E54-250425-091306-5.RGB.tiff,validation,RUSSET,.tiff,1673464,True,,c4dd455f4e930397e3a538402184fbd0c711c40bc8e17bb7c2caea2dfa9f17ad,1737,786,3,RGB,TIFF,1,1365282,2.2099236641221376,33.61232770958674,33.256305290775096,29.472037278745344,32.11355675970239,32.93134944062838,31436b8dbd5e134d1a366a8d1dfba2d2cbf71aa4680888ce653dfa906a1db9a7,7980e978f4fe30bc
validation/RUSSET/704F3E54-250425-091310-6.RGB.tiff,validation,RUSSET,.tiff,1627712,True,,489806018b11039dc648a319b884c5409cfa0cba2468c1786c1b1d939f332a60,1844,722,3,RGB,TIFF,1,1331368,2.554016620498615,29.318191514292067,28.325468240186034,25.01054854856058,27.55140276767956,28.244391654298433,f2a71e37cf76a020ab4ebd8ffaa85a6d4f282fd942258ae78784e8cf8ab9b405,6c04f6b531321832
validation/RUSSET/704F3E54-250425-091313-8.RGB.tiff,validation,RUSSET,.tiff,1548122,True,,d33c0fd107480116f2b1d2feb26780cd95d4530bea23cd6beb5c4fcf8ce95ce1,1844,688,3,RGB,TIFF,1,1268672,2.6802325581395348,32.80606728925995,31.89446602431519,26.136798951974978,30.27911075518337,31.510660756286885,5c28348b77a8bf916a391b932bc4b9aca55af3bcb381e975953b281662b7c9e8,684ec23ca0403c38
